attribute,url,relative_path,present_in_totentanz_tar,present_in_old_tree
href,/magica/css/_common/sanitize.css?6f1fd05e31c9e569ca3761daefbe3edd,css/_common/sanitize.css,False,True
href,/magica/css/_common/common.css?18b32a9b9e2dfb2372d4cab390f4c27a,css/_common/common.css,False,True
href,/magica/css/_common/base.css?88f1f9c112f70b051db9871dce79935a,css/_common/base.css,False,True
href,/magica/css/_common/fonts.css?e66a3db6c8b7dd19745976f550e72800,css/_common/fonts.css,False,False
src,/magica/js/system/replacement.js?864d824541d869881d3fff59f1493b35,js/system/replacement.js,False,True
src,/magica/js/libs/jquery-3.7.1.min.js?2c872dbe60f4ba70fb85356113d8b35e,js/libs/jquery-3.7.1.min.js,False,False
src,/magica/js/libs/require.js?e597aa9d3fca70da0224a114667495f5,js/libs/require.js,False,True
src,/magica/js/_common/baseConfig.js?a96d0905f4c6436b924cdb4a984e6b40,js/_common/baseConfig.js,True,True
src,/magica/js/_common/base.js?06cb99d35cbf8b10e48e265a94d63a41,js/_common/base.js,False,True
