path	slot	category	base	main	pass	current	raw_expected	raw_status	semantic_expected	semantic_status	review_note
magica/js/event/EventArenaRankMatch/Result.js	7	pass_only	战斗耗时超过时限,<br>本次战斗无效。<br>返回活动TOP。	战斗耗时超过时限,<br>本次战斗无效。<br>返回活动TOP。	战斗耗时超过规定时间，<br>本次战斗无效。<br>返回活动首页。	战斗耗时超过规定时间，<br>本次战斗无效。<br>返回活动首页。	战斗耗时超过规定时间，<br>本次战斗无效。<br>返回活动首页。	PASS	战斗耗时超过规定时间，<br>本次战斗无效。<br>返回活动首页。	PASS	—
magica/js/event/EventArenaRankMatch/Result.js	8	main_only	OK	确定	OK	确定	确定	PASS	确定	PASS	—
magica/js/event/EventArenaRankMatch/Result.js	11	pass_only	不在排位战的可玩期间内,<br>对战结果不会被记录。<br>返回首页。	不在排位战的可玩期间内,<br>对战结果不会被记录。<br>返回首页。	当前不在排位赛开放期间，<br>对战结果不会被记录。<br>返回首页。	当前不在排位赛开放期间，<br>对战结果不会被记录。<br>返回首页。	当前不在排位赛开放期间，<br>对战结果不会被记录。<br>返回首页。	PASS	当前不在排位赛开放期间，<br>对战结果不会被记录。<br>返回首页。	PASS	—
magica/js/event/EventArenaRankMatch/Result.js	12	main_only	OK	确定	OK	确定	确定	PASS	确定	PASS	—
magica/js/event/EventArenaRankMatch/Result.js	15	pass_only	无法正确获取战斗结果。<br>返回首页。	无法正确获取战斗结果。<br>返回首页。	未能正确获取战斗结果。<br>返回首页。	未能正确获取战斗结果。<br>返回首页。	未能正确获取战斗结果。<br>返回首页。	PASS	未能正确获取战斗结果。<br>返回首页。	PASS	—
magica/js/event/EventArenaRankMatch/Result.js	16	main_only	OK	确定	OK	确定	确定	PASS	确定	PASS	—
magica/js/event/EventArenaRankMatch/Result.js	27	pass_only	要将本次镜界对战<br>保存为回放吗?	要将本次镜界对战<br>保存为回放吗?	要将本次镜界对战<br>保存为回放吗？	要将本次镜界对战<br>保存为回放吗？	要将本次镜界对战<br>保存为回放吗？	PASS	要将本次镜界对战<br>保存为回放吗？	PASS	—
magica/js/event/EventArenaRankMatch/Result.js	36	main_only	OK	确定	OK	确定	确定	PASS	确定	PASS	—
magica/js/event/EventArenaRankMatch/Result.js	40	pass_only	已保存为回放。<br><br>有效期:	已保存为回放。<br><br>有效期:	已保存为回放。<br><br>有效期：	已保存为回放。<br><br>有效期：	已保存为回放。<br><br>有效期：	PASS	已保存为回放。<br><br>有效期：	PASS	—
magica/js/event/EventArenaRankMatch/Result.js	44	main_only	OK	确定	OK	确定	确定	PASS	确定	PASS	—
magica/js/test/Backdoor.js	22	main_only	号码无效	数量不正确	号码无效	数量不正确	数量不正确	PASS	数量不正确	PASS	—
magica/js/test/Backdoor.js	24	main_only	OK	确定	OK	确定	确定	PASS	确定	PASS	—
magica/js/test/Backdoor.js	53	main_only	好友点数	友情点	好友点数	友情点	友情点	PASS	友情点	PASS	—
magica/js/test/Backdoor.js	55	main_only	Magia 石（免费）	Magia石（免费）	Magia 石（免费）	Magia石（免费）	Magia石（免费）	PASS	Magia石（免费）	PASS	—
magica/js/test/Backdoor.js	57	main_only	<span class='c_red'>Magia 石头（付费）</span>	<span class='c_red'>Magia石（付费）</span>	<span class='c_red'>Magia 石头（付费）</span>	<span class='c_red'>Magia石（付费）</span>	<span class='c_red'>Magia石（付费）</span>	PASS	<span class='c_red'>Magia石（付费）</span>	PASS	—
magica/js/test/Backdoor.js	67	main_only	每日硬币	每日币	每日硬币	每日币	每日币	PASS	每日币	PASS	—
magica/js/test/Backdoor.js	73	main_only	始发船	原点之器	始发船	原点之器	原点之器	PASS	原点之器	PASS	—
magica/js/test/Backdoor.js	75	main_only	命运水晶	命运结晶	命运水晶	命运结晶	命运结晶	PASS	命运结晶	PASS	—
magica/js/test/Backdoor.js	77	main_only	抽卡票，10张连票套	扭蛋券与十连扭蛋券套装	抽卡票，10张连票套	扭蛋券与十连扭蛋券套装	扭蛋券与十连扭蛋券套装	PASS	扭蛋券与十连扭蛋券套装	PASS	—
magica/js/test/Backdoor.js	79	main_only	赠品序列号 抽卡券	特典兑换扭蛋券	赠品序列号 抽卡券	特典兑换扭蛋券	特典兑换扭蛋券	PASS	特典兑换扭蛋券	PASS	—
magica/js/test/Backdoor.js	81	main_only	章节强化道具	剧情强化道具	章节强化道具	剧情强化道具	剧情强化道具	PASS	剧情强化道具	PASS	—
magica/js/test/Backdoor.js	83	main_only	记忆结晶强化道具各种	各类记忆结晶强化道具	记忆结晶强化道具各种	各类记忆结晶强化道具	各类记忆结晶强化道具	PASS	各类记忆结晶强化道具	PASS	—
magica/js/test/Backdoor.js	85	main_only	回忆的片段	追忆碎片	回忆的片段	追忆碎片	追忆碎片	PASS	追忆碎片	PASS	—
magica/js/test/Backdoor.js	108	main_only	抽卡票，10张连票套	扭蛋券与十连扭蛋券套装	抽卡票，10张连票套	扭蛋券与十连扭蛋券套装	扭蛋券与十连扭蛋券套装	PASS	扭蛋券与十连扭蛋券套装	PASS	—
magica/js/test/Backdoor.js	208	pass_only	受取完了	受取完了	领取完成	领取完成	领取完成	PASS	领取完成	PASS	—
magica/js/test/Backdoor.js	209	main_only	收到一套强化道具	已领取整套强化道具	收到一套强化道具	已领取整套强化道具	已领取整套强化道具	PASS	已领取整套强化道具	PASS	—
magica/js/test/Backdoor.js	211	main_only	卡牌结束	卡牌处理完成	卡牌结束	卡牌处理完成	卡牌处理完成	PASS	卡牌处理完成	PASS	—
magica/js/test/Backdoor.js	212	main_only	记忆结晶 结束	记忆结晶处理完成	记忆结晶 结束	记忆结晶处理完成	记忆结晶处理完成	PASS	记忆结晶处理完成	PASS	—
magica/js/test/Backdoor.js	213	pass_only	受取完了	受取完了	领取完成	领取完成	领取完成	PASS	领取完成	PASS	—
magica/js/test/Backdoor.js	214	main_only	请收到 魔法少女 作为礼物。	请从礼物盒领取魔法少女。	请收到 魔法少女 作为礼物。	请从礼物盒领取魔法少女。	请从礼物盒领取魔法少女。	PASS	请从礼物盒领取魔法少女。	PASS	—
magica/js/test/Backdoor.js	216	main_only	卡牌结束	卡牌处理完成	卡牌结束	卡牌处理完成	卡牌处理完成	PASS	卡牌处理完成	PASS	—
magica/js/test/Backdoor.js	217	pass_only	受取完了	受取完了	领取完成	领取完成	领取完成	PASS	领取完成	PASS	—
magica/js/test/Backdoor.js	218	main_only	请收到 魔法少女 作为礼物。	请从礼物盒领取魔法少女。	请收到 魔法少女 作为礼物。	请从礼物盒领取魔法少女。	请从礼物盒领取魔法少女。	PASS	请从礼物盒领取魔法少女。	PASS	—
magica/js/test/BackdoorList.js	34	dual_change	回复 战斗博物馆重置	重置战斗博物馆回复次数	重置战斗博物馆回复功能	重置战斗博物馆回复次数	重置战斗博物馆回复次数	PASS	重置战斗博物馆回复次数	PASS	—
magica/js/test/BackdoorList.js	35	pass_only	是否要重置战斗博物馆的回复功能？<br>eventId：<input id='inputEventId' class='commonFrame3' readonly='readonly' type='text' maxlength='4' value=''>	是否要重置战斗博物馆的回复功能？<br>eventId：<input id='inputEventId' class='commonFrame3' readonly='readonly' type='text' maxlength='4' value=''>	是否重置战斗博物馆的回复功能？<br>eventId：<input id='inputEventId' class='commonFrame3' readonly='readonly' type='text' maxlength='4' value=''>	是否重置战斗博物馆的回复功能？<br>eventId：<input id='inputEventId' class='commonFrame3' readonly='readonly' type='text' maxlength='4' value=''>	是否重置战斗博物馆的回复功能？<br>eventId：<input id='inputEventId' class='commonFrame3' readonly='readonly' type='text' maxlength='4' value=''>	PASS	是否重置战斗博物馆的回复功能？<br>eventId：<input id='inputEventId' class='commonFrame3' readonly='readonly' type='text' maxlength='4' value=''>	PASS	—
magica/js/test/BackdoorList.js	36	dual_change	回复 战斗博物馆重置	重置战斗博物馆回复次数	重置战斗博物馆回复功能	重置战斗博物馆回复次数	重置战斗博物馆回复次数	PASS	重置战斗博物馆回复次数	PASS	—
magica/js/test/BackdoorList.js	37	pass_only	战斗 博物馆的 回复 功能已重置	战斗 博物馆的 回复 功能已重置	已重置战斗博物馆的回复功能	已重置战斗博物馆的回复功能	已重置战斗博物馆的回复功能	PASS	已重置战斗博物馆的回复功能	PASS	—
magica/js/test/BackdoorList.js	43	pass_only	完了	完了	完成	完成	完成	PASS	完成	PASS	—
magica/js/test/BackdoorList.js	44	pass_only	用户 已在搜索服务器上注册。<br>过一会儿，你就可以搜索了。 （最多 15 分钟）	用户 已在搜索服务器上注册。<br>过一会儿，你就可以搜索了。 （最多 15 分钟）	已在搜索服务器注册用户。<br>稍候即可搜索（最长需15分钟）。	已在搜索服务器注册用户。<br>稍候即可搜索（最长需15分钟）。	已在搜索服务器注册用户。<br>稍候即可搜索（最长需15分钟）。	PASS	已在搜索服务器注册用户。<br>稍候即可搜索（最长需15分钟）。	PASS	—
magica/js/test/BackdoorList.js	48	dual_change	1 份散装 通关	一键通关第一部	第一部一键通关	一键通关第一部	一键通关第一部	PASS	一键通关第一部	PASS	—
magica/js/test/BackdoorList.js	49	pass_only	要执行此操作，甲板 1 必须是单个 Iroha 甲板。<br>有需要。	要执行此操作，甲板 1 必须是单个 Iroha 甲板。<br>有需要。	要执行此操作，队伍１必须<br>设为「仅含环彩羽的单人队伍」。	要执行此操作，队伍１必须<br>设为「仅含环彩羽的单人队伍」。	要执行此操作，队伍１必须<br>设为「仅含环彩羽的单人队伍」。	PASS	要执行此操作，队伍１必须<br>设为「仅含环彩羽的单人队伍」。	PASS	—
magica/js/test/BackdoorList.js	52	main_only	所有目标剧情已更改为通关状态。	已将目标剧情全部设为通关状态。	所有目标剧情已更改为通关状态。	已将目标剧情全部设为通关状态。	已将目标剧情全部设为通关状态。	PASS	已将目标剧情全部设为通关状态。	PASS	—
magica/js/test/BackdoorList.js	56	main_only	第2部分第11章散装通关	一键通关第二部第11章	第2部分第11章散装通关	一键通关第二部第11章	一键通关第二部第11章	PASS	一键通关第二部第11章	PASS	—
magica/js/test/BackdoorList.js	57	pass_only	通关 直至第 2 部分第 11 章。	通关 直至第 2 部分第 11 章。	将第二部至第11章一键通关。	将第二部至第11章一键通关。	将第二部至第11章一键通关。	PASS	将第二部至第11章一键通关。	PASS	—
magica/js/test/BackdoorList.js	60	main_only	第2部分第11章散装通关	一键通关第二部第11章	第2部分第11章散装通关	一键通关第二部第11章	一键通关第二部第11章	PASS	一键通关第二部第11章	PASS	—
magica/js/test/BackdoorList.js	61	main_only	所有目标剧情已更改为通关状态。	已将目标剧情全部设为通关状态。	所有目标剧情已更改为通关状态。	已将目标剧情全部设为通关状态。	已将目标剧情全部设为通关状态。	PASS	已将目标剧情全部设为通关状态。	PASS	—
magica/js/test/BackdoorList.js	77	main_only	OK	确定	OK	确定	确定	PASS	确定	PASS	—
magica/js/test/BackdoorList.js	80	pass_only	已被注册。	已被注册。	已注册。	已注册。	已注册。	PASS	已注册。	PASS	—
magica/js/test/BackdoorList.js	85	pass_only	TU999已注册。	TU999已注册。	已注册TU999。	已注册TU999。	已注册TU999。	PASS	已注册TU999。	PASS	—
magica/js/test/BackdoorList.js	106	main_only	推文	发布推文	推文	发布推文	发布推文	PASS	发布推文	PASS	—
magica/js/test/BackdoorList.js	111	main_only	网址无效	URL不正确	网址无效	URL不正确	URL不正确	PASS	URL不正确	PASS	—
magica/js/test/BackdoorList.js	113	pass_only	 ★试用测试★%0a https://twitter.com/	 ★试用测试★%0a https://twitter.com/	 ★测试推文★%0a https://twitter.com/	 ★测试推文★%0a https://twitter.com/	 ★测试推文★%0a https://twitter.com/	PASS	 ★测试推文★%0a https://twitter.com/	PASS	—
magica/js/test/BackdoorList.js	115	pass_only	/照片/1%0a★试听课★	/照片/1%0a★试听课★	/photo/1%0a★测试推文★	/photo/1%0a★测试推文★	/photo/1%0a★测试推文★	PASS	/photo/1%0a★测试推文★	PASS	—
magica/js/test/BackdoorList.js	157	main_only	LocalStorage 数据已被删除。	已删除localStorage数据。	LocalStorage 数据已被删除。	已删除localStorage数据。	已删除localStorage数据。	PASS	已删除localStorage数据。	PASS	—
magica/js/test/BackdoorList.js	162	main_only	OK	确定	OK	确定	确定	PASS	确定	PASS	—
magica/js/test/BackdoorList.js	164	same_change	突破活动调试模式	踏破活动调试模式	踏破活动调试模式	踏破活动调试模式	踏破活动调试模式	PASS	踏破活动调试模式	PASS	—
magica/js/test/BackdoorList.js	165	pass_only	剧情任务打开调试模式。<br>请重新启动应用程序以将其关闭。	剧情任务打开调试模式。<br>请重新启动应用程序以将其关闭。	已启用剧情关卡调试模式。<br>要关闭此模式，请重新启动应用。	已启用剧情关卡调试模式。<br>要关闭此模式，请重新启动应用。	已启用剧情关卡调试模式。<br>要关闭此模式，请重新启动应用。	PASS	已启用剧情关卡调试模式。<br>要关闭此模式，请重新启动应用。	PASS	—
magica/js/test/BackdoorList.js	168	same_change	突破活动调试模式	踏破活动调试模式	踏破活动调试模式	踏破活动调试模式	踏破活动调试模式	PASS	踏破活动调试模式	PASS	—
magica/js/test/BackdoorList.js	169	pass_only	挑战任务打开调试模式。<br>请重新启动应用程序以将其关闭。	挑战任务打开调试模式。<br>请重新启动应用程序以将其关闭。	已启用挑战关卡调试模式。<br>要关闭此模式，请重新启动应用。	已启用挑战关卡调试模式。<br>要关闭此模式，请重新启动应用。	已启用挑战关卡调试模式。<br>要关闭此模式，请重新启动应用。	PASS	已启用挑战关卡调试模式。<br>要关闭此模式，请重新启动应用。	PASS	—
magica/js/test/BackdoorList.js	177	pass_only	地牢 1	地牢 1	地下城1	地下城1	地下城1	PASS	地下城1	PASS	—
magica/js/test/BackdoorList.js	182	pass_only	地下城 活动 已过时。	地下城 活动 已过时。	当前不在地下城活动开放期间。	当前不在地下城活动开放期间。	当前不在地下城活动开放期间。	PASS	当前不在地下城活动开放期间。	PASS	—
magica/js/test/BackdoorList.js	187	main_only	剧情 播放完毕	剧情播放结束	剧情 播放完毕	剧情播放结束	剧情播放结束	PASS	剧情播放结束	PASS	—
magica/js/test/BackdoorList.js	188	main_only	剧情 结束了。	剧情已结束。	剧情 结束了。	剧情已结束。	剧情已结束。	PASS	剧情已结束。	PASS	—
magica/js/test/BackdoorList.js	190	main_only	无理 战斗 再试一次	重新挑战理违战	无理 战斗 再试一次	重新挑战理违战	重新挑战理违战	PASS	重新挑战理违战	PASS	—
magica/js/test/BackdoorList.js	191	main_only	您现在可以再次尝试非理性的 战斗。	现在可以重新挑战理违战。	您现在可以再次尝试非理性的 战斗。	现在可以重新挑战理违战。	现在可以重新挑战理违战。	PASS	现在可以重新挑战理违战。	PASS	—
magica/js/test/BackdoorList.js	196	main_only	没有锁定状态	没有处于锁定状态的项目	没有锁定状态	没有处于锁定状态的项目	没有处于锁定状态的项目	PASS	没有处于锁定状态的项目	PASS	—
magica/js/test/BackdoorList.js	197	pass_only	锁定的product_id列表<br>	锁定的product_id列表<br>	处于锁定状态的product_id列表<br>	处于锁定状态的product_id列表<br>	处于锁定状态的product_id列表<br>	PASS	处于锁定状态的product_id列表<br>	PASS	—
magica/js/test/BackdoorList.js	200	dual_change	Magia 石材购买状态确认	确认Magia石购买状态	魔法石购买状态	确认魔法石购买状态	确认魔法石购买状态	PASS	确认魔法石购买状态	PASS	—
magica/js/test/BackdoorQuestList.js	15	pass_only	現代神浜編	現代神浜編	现代神滨篇	现代神滨篇	现代神滨篇	PASS	现代神滨篇	PASS	—
magica/js/test/BackdoorQuestList.js	16	pass_only	神滨战神版	神滨战神版	神滨的战神子篇	神滨的战神子篇	神滨的战神子篇	PASS	神滨的战神子篇	PASS	—
magica/js/test/BackdoorQuestList.js	17	pass_only	亚历山大海市蜃楼	亚历山大海市蜃楼	亚历山德里亚的蜃楼篇	亚历山德里亚的蜃楼篇	亚历山德里亚的蜃楼篇	PASS	亚历山德里亚的蜃楼篇	PASS	—
magica/js/test/BackdoorQuestList.js	18	pass_only	维克的瓦尔基里版	维克的瓦尔基里版	维京的女武神篇	维京的女武神篇	维京的女武神篇	PASS	维京的女武神篇	PASS	—
magica/js/test/BackdoorQuestList.js	19	pass_only	藏罗刹版	藏罗刹版	藏地的罗刹女篇	藏地的罗刹女篇	藏地的罗刹女篇	PASS	藏地的罗刹女篇	PASS	—
magica/js/test/BackdoorQuestList.js	20	pass_only	邪马台国的踪迹	邪马台国的踪迹	邪马台国的后嗣篇	邪马台国的后嗣篇	邪马台国的后嗣篇	PASS	邪马台国的后嗣篇	PASS	—
magica/js/test/BackdoorQuestList.js	21	pass_only	罗马和平之情人版	罗马和平之情人版	罗马治世的恋人篇	罗马治世的恋人篇	罗马治世的恋人篇	PASS	罗马治世的恋人篇	PASS	—
magica/js/test/BackdoorQuestList.js	39	pass_only	話 Battle	話 Battle	话 战斗	话 战斗	话 战斗	PASS	话 战斗	PASS	—
magica/js/test/BackdoorQuestList.js	50	main_only	条件设定为任务	这是设有条件的任务	条件设定为任务	这是设有条件的任务	这是设有条件的任务	PASS	这是设有条件的任务	PASS	—
magica/js/test/BackdoorQuestList.js	57	pass_only	” 是 <span class='c_red'>	” 是 <span class='c_red'>	」还差 <span class='c_red'>	」还差 <span class='c_red'>	」还差 <span class='c_red'>	PASS	」还差 <span class='c_red'>	PASS	—
magica/js/test/BackdoorQuestList.js	58	pass_only	缺少	缺少	</span> 个	</span> 个	</span> 个	PASS	</span> 个	PASS	—
magica/js/test/BackdoorQuestList.js	59	main_only	根据需要补充	补足所需数量	根据需要补充	补足所需数量	补足所需数量	PASS	补足所需数量	PASS	—
magica/js/test/MailSendTest.js	7	pass_only	送信完了	送信完了	发送完成	发送完成	发送完成	PASS	发送完成	PASS	—
magica/js/test/MailSendTest.js	8	dual_change	电子邮件地址已发送	邮箱地址已发送	已发送电子邮件地址	已发送邮箱地址	已发送邮箱地址	PASS	已发送邮箱地址	PASS	—
magica/js/test/MailSendTest.js	11	dual_change	请输入您的电子邮件地址	请输入邮箱地址	请输入电子邮件地址	请输入邮箱地址	请输入邮箱地址	PASS	请输入邮箱地址	PASS	—
magica/js/test/MailSendTest.js	17	pass_only	错误留言<br><br>【 	错误留言<br><br>【 	错误信息<br><br>【 	错误信息<br><br>【 	错误信息<br><br>【 	PASS	错误信息<br><br>【 	PASS	—
magica/js/test/MailSendTest.js	20	pass_only	送信完了	送信完了	发送完成	发送完成	发送完成	PASS	发送完成	PASS	—
magica/js/test/MailSendTest.js	21	pass_only	验证码已发送	验证码已发送	已发送验证码	已发送验证码	已发送验证码	PASS	已发送验证码	PASS	—
magica/js/test/MailSendTest.js	24	same_change	请输入您的验证码	请输入验证码	请输入验证码	请输入验证码	请输入验证码	PASS	请输入验证码	PASS	—
magica/js/test/NativeSandBox.js	14	main_only	OK	确定	OK	确定	确定	PASS	确定	PASS	—
magica/js/test/NativeSandBox.js	20	main_only	OK	确定	OK	确定	确定	PASS	确定	PASS	—
magica/js/test/NativeSandBox.js	29	pass_only	请在输入字段中输入 userQuestBattleResultId。	请在输入字段中输入 userQuestBattleResultId。	请在输入框中输入userQuestBattleResultId。	请在输入框中输入userQuestBattleResultId。	请在输入框中输入userQuestBattleResultId。	PASS	请在输入框中输入userQuestBattleResultId。	PASS	—
magica/js/test/NativeSandBox.js	30	main_only	OK	确定	OK	确定	确定	PASS	确定	PASS	—
magica/js/test/SoundTest.js	3	same_change	卡片详情中的自我介绍	卡牌详情中的自我介绍	卡牌详情中的自我介绍	卡牌详情中的自我介绍	卡牌详情中的自我介绍	PASS	卡牌详情中的自我介绍	PASS	—
magica/js/test/SoundTest.js	5	dual_change	获取抽卡时	扭蛋获得时	扭蛋获取时	扭蛋获得时	扭蛋获得时	PASS	扭蛋获得时	PASS	—
magica/js/test/SoundTest.js	7	pass_only	第①节通关	第①节通关	剧情第1话通关时	剧情第1话通关时	剧情第1话通关时	PASS	剧情第1话通关时	PASS	—
magica/js/test/SoundTest.js	9	pass_only	第二节通关	第二节通关	剧情第2话通关时	剧情第2话通关时	剧情第2话通关时	PASS	剧情第2话通关时	PASS	—
magica/js/test/SoundTest.js	11	pass_only	第三节通关	第三节通关	剧情第3话通关时	剧情第3话通关时	剧情第3话通关时	PASS	剧情第3话通关时	PASS	—
magica/js/test/SoundTest.js	13	pass_only	自己紹介演出用①	自己紹介演出用①	自我介绍演出用①	自我介绍演出用①	自我介绍演出用①	PASS	自我介绍演出用①	PASS	—
magica/js/test/SoundTest.js	15	pass_only	自己紹介演出用②	自己紹介演出用②	自我介绍演出用②	自我介绍演出用②	自我介绍演出用②	PASS	自我介绍演出用②	PASS	—
magica/js/test/SoundTest.js	17	pass_only	自己紹介演出用③	自己紹介演出用③	自我介绍演出用③	自我介绍演出用③	自我介绍演出用③	PASS	自我介绍演出用③	PASS	—
magica/js/test/SoundTest.js	19	pass_only	自己紹介演出用④	自己紹介演出用④	自我介绍演出用④	自我介绍演出用④	自我介绍演出用④	PASS	自我介绍演出用④	PASS	—
magica/js/test/SoundTest.js	21	pass_only	自己紹介演出用⑤	自己紹介演出用⑤	自我介绍演出用⑤	自我介绍演出用⑤	自我介绍演出用⑤	PASS	自我介绍演出用⑤	PASS	—
magica/js/test/SoundTest.js	23	pass_only	自己紹介演出用⑥	自己紹介演出用⑥	自我介绍演出用⑥	自我介绍演出用⑥	自我介绍演出用⑥	PASS	自我介绍演出用⑥	PASS	—
magica/js/test/SoundTest.js	25	pass_only	自己紹介演出用⑦	自己紹介演出用⑦	自我介绍演出用⑦	自我介绍演出用⑦	自我介绍演出用⑦	PASS	自我介绍演出用⑦	PASS	—
magica/js/test/SoundTest.js	27	pass_only	强化	强化	强化完成	强化完成	强化完成	PASS	强化完成	PASS	—
magica/js/test/SoundTest.js	29	pass_only	強化MAX	強化MAX	强化（等级已满时）	强化（等级已满时）	强化（等级已满时）	PASS	强化（等级已满时）	PASS	—
magica/js/test/SoundTest.js	31	same_change	章节Lv 上升	剧情等级提升	剧情等级提升	剧情等级提升	剧情等级提升	PASS	剧情等级提升	PASS	—
magica/js/test/SoundTest.js	33	pass_only	魔力解放１回目	魔力解放１回目	魔力解放第1次	魔力解放第1次	魔力解放第1次	PASS	魔力解放第1次	PASS	—
magica/js/test/SoundTest.js	35	pass_only	魔力解放２回目	魔力解放２回目	魔力解放第2次	魔力解放第2次	魔力解放第2次	PASS	魔力解放第2次	PASS	—
magica/js/test/SoundTest.js	37	pass_only	魔力解放３回目	魔力解放３回目	魔力解放第3次	魔力解放第3次	魔力解放第3次	PASS	魔力解放第3次	PASS	—
magica/js/test/SoundTest.js	39	same_change	MagiaLv 上升	Magia等级提升	Magia等级提升	Magia等级提升	Magia等级提升	PASS	Magia等级提升	PASS	—
magica/js/test/SoundTest.js	41	pass_only	觉醒（稀有度上升）②	觉醒（稀有度上升）②	觉醒（稀有度提升）②	觉醒（稀有度提升）②	觉醒（稀有度提升）②	PASS	觉醒（稀有度提升）②	PASS	—
magica/js/test/SoundTest.js	43	pass_only	觉醒（稀有度上升）③	觉醒（稀有度上升）③	觉醒（稀有度提升）③	觉醒（稀有度提升）③	觉醒（稀有度提升）③	PASS	觉醒（稀有度提升）③	PASS	—
magica/js/test/SoundTest.js	45	pass_only	觉醒（稀有度上升）④	觉醒（稀有度上升）④	觉醒（稀有度提升）④	觉醒（稀有度提升）④	觉醒（稀有度提升）④	PASS	觉醒（稀有度提升）④	PASS	—
magica/js/test/SoundTest.js	47	pass_only	觉醒（稀有度上升）⑤	觉醒（稀有度上升）⑤	觉醒（稀有度提升）⑤	觉醒（稀有度提升）⑤	觉醒（稀有度提升）⑤	PASS	觉醒（稀有度提升）⑤	PASS	—
magica/js/test/SoundTest.js	49	pass_only	当天第一时间 登录	当天第一时间 登录	每日首次登录时	每日首次登录时	每日首次登录时	PASS	每日首次登录时	PASS	—
magica/js/test/SoundTest.js	51	pass_only	時間変化①6-9時	時間変化①6-9時	时间变化①（6～9时）	时间变化①（6～9时）	时间变化①（6～9时）	PASS	时间变化①（6～9时）	PASS	—
magica/js/test/SoundTest.js	53	pass_only	時間変化②11-13時	時間変化②11-13時	时间变化②（11～13时）	时间变化②（11～13时）	时间变化②（11～13时）	PASS	时间变化②（11～13时）	PASS	—
magica/js/test/SoundTest.js	55	pass_only	時間変化③17-19時	時間変化③17-19時	时间变化③（17～19时）	时间变化③（17～19时）	时间变化③（17～19时）	PASS	时间变化③（17～19时）	PASS	—
magica/js/test/SoundTest.js	57	pass_only	時間変化④22-24時	時間変化④22-24時	时间变化④（22～24时）	时间变化④（22～24时）	时间变化④（22～24时）	PASS	时间变化④（22～24时）	PASS	—
magica/js/test/SoundTest.js	59	pass_only	時間変化⑤上記以外	時間変化⑤上記以外	时间变化⑤（上述时段以外）	时间变化⑤（上述时段以外）	时间变化⑤（上述时段以外）	PASS	时间变化⑤（上述时段以外）	PASS	—
magica/js/test/SoundTest.js	67	pass_only	点击时的线条（默认①）	点击时的线条（默认①）	点击时台词（默认①）	点击时台词（默认①）	点击时台词（默认①）	PASS	点击时台词（默认①）	PASS	—
magica/js/test/SoundTest.js	69	pass_only	点击时的对话（默认②）	点击时的对话（默认②）	点击时台词（默认②）	点击时台词（默认②）	点击时台词（默认②）	PASS	点击时台词（默认②）	PASS	—
magica/js/test/SoundTest.js	71	pass_only	点击时的线条（默认 ③）	点击时的线条（默认 ③）	点击时台词（默认③）	点击时台词（默认③）	点击时台词（默认③）	PASS	点击时台词（默认③）	PASS	—
magica/js/test/SoundTest.js	73	pass_only	点击时的对话（默认 ④）	点击时的对话（默认 ④）	点击时台词（默认④）	点击时台词（默认④）	点击时台词（默认④）	PASS	点击时台词（默认④）	PASS	—
magica/js/test/SoundTest.js	75	pass_only	点击时的线条 (章节Lv2)	点击时的线条 (章节Lv2)	点击时台词（剧情等级2）	点击时台词（剧情等级2）	点击时台词（剧情等级2）	PASS	点击时台词（剧情等级2）	PASS	—
magica/js/test/SoundTest.js	77	pass_only	点击时的线条 (章节Lv3)	点击时的线条 (章节Lv3)	点击时台词（剧情等级3）	点击时台词（剧情等级3）	点击时台词（剧情等级3）	PASS	点击时台词（剧情等级3）	PASS	—
magica/js/test/SoundTest.js	79	pass_only	点击时的线条 (章节Lv4)	点击时的线条 (章节Lv4)	点击时台词（剧情等级4）	点击时台词（剧情等级4）	点击时台词（剧情等级4）	PASS	点击时台词（剧情等级4）	PASS	—
magica/js/test/SoundTest.js	81	pass_only	点击时的线条 (章节Lv5)	点击时的线条 (章节Lv5)	点击时台词（剧情等级5）	点击时台词（剧情等级5）	点击时台词（剧情等级5）	PASS	点击时台词（剧情等级5）	PASS	—
magica/js/test/SoundTest.js	83	pass_only	点击时的线条（多次点击）	点击时的线条（多次点击）	点击时台词（多次点击）	点击时台词（多次点击）	点击时台词（多次点击）	PASS	点击时台词（多次点击）	PASS	—
magica/js/test/SoundTest.js	85	same_change	以战斗开头	战斗开始时	战斗开始时	战斗开始时	战斗开始时	PASS	战斗开始时	PASS	—
magica/js/test/SoundTest.js	87	pass_only	勝利①（★１、２、３）	勝利①（★１、２、３）	胜利①（★1、2、3）	胜利①（★1、2、3）	胜利①（★1、2、3）	PASS	胜利①（★1、2、3）	PASS	—
magica/js/test/SoundTest.js	89	pass_only	勝利②（★４）	勝利②（★４）	胜利②（★4）	胜利②（★4）	胜利②（★4）	PASS	胜利②（★4）	PASS	—
magica/js/test/SoundTest.js	91	pass_only	勝利③（★５）	勝利③（★５）	胜利③（★5）	胜利③（★5）	胜利③（★5）	PASS	胜利③（★5）	PASS	—
magica/js/test/SoundTest.js	93	pass_only	勝利④（★６）	勝利④（★６）	胜利④（★6）	胜利④（★6）	胜利④（★6）	PASS	胜利④（★6）	PASS	—
magica/js/test/SoundTest.js	95	pass_only	光盘组①	光盘组①	行动盘选择①	行动盘选择①	行动盘选择①	PASS	行动盘选择①	PASS	—
magica/js/test/SoundTest.js	97	pass_only	光盘组②	光盘组②	行动盘选择②	行动盘选择②	行动盘选择②	PASS	行动盘选择②	PASS	—
magica/js/test/SoundTest.js	99	pass_only	光盘组③	光盘组③	行动盘选择③	行动盘选择③	行动盘选择③	PASS	行动盘选择③	PASS	—
magica/js/test/SoundTest.js	101	pass_only	光盘组 ④	光盘组 ④	行动盘选择④	行动盘选择④	行动盘选择④	PASS	行动盘选择④	PASS	—
magica/js/test/SoundTest.js	103	pass_only	磁盘组（连携）	磁盘组（连携）	行动盘选择（发起连携）	行动盘选择（发起连携）	行动盘选择（发起连携）	PASS	行动盘选择（发起连携）	PASS	—
magica/js/test/SoundTest.js	105	pass_only	磁盘组（连携）	磁盘组（连携）	行动盘选择（接受连携）	行动盘选择（接受连携）	行动盘选择（接受连携）	PASS	行动盘选择（接受连携）	PASS	—
magica/js/test/SoundTest.js	107	pass_only	第一次攻击①（长线）	第一次攻击①（长线）	第1次攻击时①（长台词）	第1次攻击时①（长台词）	第1次攻击时①（长台词）	PASS	第1次攻击时①（长台词）	PASS	—
magica/js/test/SoundTest.js	109	pass_only	第一次攻击②（长线）	第一次攻击②（长线）	第1次攻击时②（长台词）	第1次攻击时②（长台词）	第1次攻击时②（长台词）	PASS	第1次攻击时②（长台词）	PASS	—
magica/js/test/SoundTest.js	111	pass_only	第一次攻击③（长线）	第一次攻击③（长线）	第1次攻击时③（长台词）	第1次攻击时③（长台词）	第1次攻击时③（长台词）	PASS	第1次攻击时③（长台词）	PASS	—
magica/js/test/SoundTest.js	113	pass_only	2,3回目攻撃時①	2,3回目攻撃時①	第2、3次攻击时①	第2、3次攻击时①	第2、3次攻击时①	PASS	第2、3次攻击时①	PASS	—
magica/js/test/SoundTest.js	115	pass_only	2,3回目攻撃時②	2,3回目攻撃時②	第2、3次攻击时②	第2、3次攻击时②	第2、3次攻击时②	PASS	第2、3次攻击时②	PASS	—
magica/js/test/SoundTest.js	117	pass_only	2,3回目攻撃時③	2,3回目攻撃時③	第2、3次攻击时③	第2、3次攻击时③	第2、3次攻击时③	PASS	第2、3次攻击时③	PASS	—
magica/js/test/SoundTest.js	119	pass_only	第二次攻击①（同角色）	第二次攻击①（同角色）	第2次攻击时①（同一角色）	第2次攻击时①（同一角色）	第2次攻击时①（同一角色）	PASS	第2次攻击时①（同一角色）	PASS	—
magica/js/test/SoundTest.js	121	pass_only	第二次攻击②（同角色）	第二次攻击②（同角色）	第2次攻击时②（同一角色）	第2次攻击时②（同一角色）	第2次攻击时②（同一角色）	PASS	第2次攻击时②（同一角色）	PASS	—
magica/js/test/SoundTest.js	123	pass_only	第三次攻击①（同角色）	第三次攻击①（同角色）	第3次攻击时①（同一角色）	第3次攻击时①（同一角色）	第3次攻击时①（同一角色）	PASS	第3次攻击时①（同一角色）	PASS	—
magica/js/test/SoundTest.js	125	pass_only	第三次攻击②（同角色）	第三次攻击②（同角色）	第3次攻击时②（同一角色）	第3次攻击时②（同一角色）	第3次攻击时②（同一角色）	PASS	第3次攻击时②（同一角色）	PASS	—
magica/js/test/SoundTest.js	127	pass_only	Magia 时间① (★1,2,3)	Magia 时间① (★1,2,3)	发动Magia时①（★1、2、3）	发动Magia时①（★1、2、3）	发动Magia时①（★1、2、3）	PASS	发动Magia时①（★1、2、3）	PASS	—
magica/js/test/SoundTest.js	129	pass_only	Magia时间②（Magia★4）	Magia时间②（Magia★4）	发动Magia时②（Magia★4）	发动Magia时②（Magia★4）	发动Magia时②（Magia★4）	PASS	发动Magia时②（Magia★4）	PASS	—
magica/js/test/SoundTest.js	131	pass_only	Magia时间③（Magia★5）	Magia时间③（Magia★5）	发动Magia时③（Magia★5）	发动Magia时③（Magia★5）	发动Magia时③（Magia★5）	PASS	发动Magia时③（Magia★5）	PASS	—
magica/js/test/SoundTest.js	133	pass_only	Magia时间④（Magia★6）	Magia时间④（Magia★6）	发动Magia时④（Magia★6）	发动Magia时④（Magia★6）	发动Magia时④（Magia★6）	PASS	发动Magia时④（Magia★6）	PASS	—
magica/js/test/SoundTest.js	135	same_change	在 Doppel	发动魔女化身时	发动魔女化身时	发动魔女化身时	发动魔女化身时	PASS	发动魔女化身时	PASS	—
magica/js/test/SoundTest.js	137	pass_only	攻击时（连携）	攻击时（连携）	攻击时（发起连携）	攻击时（发起连携）	攻击时（发起连携）	PASS	攻击时（发起连携）	PASS	—
magica/js/test/SoundTest.js	139	pass_only	受到攻击时（连携）	受到攻击时（连携）	攻击时（接受连携）	攻击时（接受连携）	攻击时（接受连携）	PASS	攻击时（接受连携）	PASS	—
magica/js/test/SoundTest.js	147	pass_only	伤害（正常）	伤害（正常）	受伤时（通常）	受伤时（通常）	受伤时（通常）	PASS	受伤时（通常）	PASS	—
magica/js/test/SoundTest.js	149	pass_only	伤害（垂死）	伤害（垂死）	受伤时（濒死）	受伤时（濒死）	受伤时（濒死）	PASS	受伤时（濒死）	PASS	—
magica/js/test/SoundTest.js	151	pass_only	戦闘不能	戦闘不能	战斗不能	战斗不能	战斗不能	PASS	战斗不能	PASS	—
magica/js/view/mission/MissionTopView.js	128	main_only	OK	确定	OK	确定	确定	PASS	确定	PASS	—
magica/js/view/mission/MissionTopView.js	134	pass_only	时间	时间	小时	小时	小时	PASS	小时	PASS	—
magica/js/view/mission/MissionTopView.js	208	main_only	OK	确定	OK	确定	确定	PASS	确定	PASS	—
magica/js/view/mission/MissionTopView.js	213	main_only	OK	确定	OK	确定	确定	PASS	确定	PASS	—
magica/js/view/mission/MissionTopView.js	223	main_only	OK	确定	OK	确定	确定	PASS	确定	PASS	—
magica/js/view/mission/MissionTopView.js	228	main_only	OK	确定	OK	确定	确定	PASS	确定	PASS	—
magica/js/view/mission/MissionTopView.js	238	main_only	OK	确定	OK	确定	确定	PASS	确定	PASS	—
magica/js/view/mission/MissionTopView.js	243	main_only	OK	确定	OK	确定	确定	PASS	确定	PASS	—
magica/js/view/mission/MissionTopView.js	266	main_only	STORY	剧情	STORY	剧情	剧情	PASS	剧情	PASS	—
magica/template/test/Backdoor.html	1	pass_only	抽卡	抽卡	扭蛋	扭蛋	扭蛋	PASS	扭蛋	PASS	—
magica/template/test/Backdoor.html	6	pass_only	方便的设置	方便的设置	便捷套装	便捷套装	便捷套装	PASS	便捷套装	PASS	—
magica/template/test/Backdoor.html	8	pass_only	最下部	最下部	最下方	最下方	最下方	PASS	最下方	PASS	—
magica/template/test/Backdoor.html	9	pass_only	最上部	最上部	最上方	最上方	最上方	PASS	最上方	PASS	—
magica/template/test/Backdoor.html	10	pass_only	検索	検索	搜索	搜索	搜索	PASS	搜索	PASS	—
magica/template/test/Backdoor.html	11	pass_only	全表示	全表示	全部显示	全部显示	全部显示	PASS	全部显示	PASS	—
magica/template/test/Backdoor.html	13	pass_only	全素材 × 100	全素材 × 100	全部素材 × 100	全部素材 × 100	全部素材 × 100	PASS	全部素材 × 100	PASS	—
magica/template/test/Backdoor.html	15	pass_only	精神強化素材 × 999	精神強化素材 × 999	精神强化素材 × 999	精神强化素材 × 999	精神强化素材 × 999	PASS	精神强化素材 × 999	PASS	—
magica/template/test/Backdoor.html	17	pass_only	全表示	全表示	全部显示	全部显示	全部显示	PASS	全部显示	PASS	—
magica/template/test/Backdoor.html	29	pass_only	全表示	全表示	全部显示	全部显示	全部显示	PASS	全部显示	PASS	—
magica/template/test/Backdoor.html	30	pass_only	一切都可用	一切都可用	获得全部内容	获得全部内容	获得全部内容	PASS	获得全部内容	PASS	—
magica/template/test/Backdoor.html	32	pass_only	您可以获得除 记忆结晶 以外的任何内容	您可以获得除 记忆结晶 以外的任何内容	获得记忆结晶以外的全部内容	获得记忆结晶以外的全部内容	获得记忆结晶以外的全部内容	PASS	获得记忆结晶以外的全部内容	PASS	—
magica/template/test/Backdoor.html	34	pass_only	强化道具 全套	强化道具 全套	全套强化道具	全套强化道具	全套强化道具	PASS	全套强化道具	PASS	—
magica/template/test/Backdoor.html	36	pass_only	获取所有贴纸	获取所有贴纸	获得全部贴纸	获得全部贴纸	获得全部贴纸	PASS	获得全部贴纸	PASS	—
magica/template/test/Backdoor.html	39	pass_only	的设置	的设置	套装	套装	套装	PASS	套装	PASS	—
magica/template/test/Backdoor.html	40	pass_only	*不包括背景和贴纸	*不包括背景和贴纸	※不含背景和贴纸	※不含背景和贴纸	※不含背景和贴纸	PASS	※不含背景和贴纸	PASS	—
magica/template/test/Backdoor.html	43	pass_only	１字削除	１字削除	删除1个字符	删除1个字符	删除1个字符	PASS	删除1个字符	PASS	—
magica/template/test/Backdoor.html	44	pass_only	報酬付与	報酬付与	发放奖励	发放奖励	发放奖励	PASS	发放奖励	PASS	—
magica/template/test/Backdoor.html	45	main_only	例)　FORMATION_SHEET_201、　LIVE2D_1002_02、　DOPPEL_100100	例)　FORMATI开启_SHEET_201、　LIVE2D_1002_02、　DOPPEL_100100	例)　FORMATION_SHEET_201、　LIVE2D_1002_02、　DOPPEL_100100	例)　FORMATION_SHEET_201、　LIVE2D_1002_02、　DOPPEL_100100	例)　FORMATI开启_SHEET_201、　LIVE2D_1002_02、　DOPPEL_100100	FAIL	例)　FORMATION_SHEET_201、　LIVE2D_1002_02、　DOPPEL_100100	PASS	—
magica/template/test/Backdoor.html	46	pass_only	形成	形成	魔法阵型	魔法阵型	魔法阵型	PASS	魔法阵型	PASS	—
magica/template/test/Backdoor.html	55	pass_only	（所持数：	（所持数：	（持有数：	（持有数：	（持有数：	PASS	（持有数：	PASS	—
magica/template/test/Backdoor.html	58	pass_only	個数指定	個数指定	指定数量	指定数量	指定数量	PASS	指定数量	PASS	—
magica/template/test/Backdoor.html	59	pass_only	受取り	受取り	领取	领取	领取	PASS	领取	PASS	—
magica/template/test/Backdoor.html	60	pass_only	受取り	受取り	领取	领取	领取	PASS	领取	PASS	—
magica/template/test/Backdoor.html	65	pass_only	受取り	受取り	领取	领取	领取	PASS	领取	PASS	—
magica/template/test/Backdoor.html	68	pass_only	受取り	受取り	领取	领取	领取	PASS	领取	PASS	—
magica/template/test/Backdoor.html	71	pass_only	1字削除	1字削除	删除1个字符	删除1个字符	删除1个字符	PASS	删除1个字符	PASS	—
magica/template/test/QuestStub.html	0	main_only	Quest Stub	任务 Stub	Quest Stub	任务 Stub	任务 Stub	PASS	任务 Stub	PASS	混合语言可见标签：任务 Stub
magica/template/test/QuestStub.html	3	main_only	QuestResult SKIP	任务Result SKIP	QuestResult SKIP	任务Result SKIP	任务Result SKIP	PASS	任务Result SKIP	PASS	混合语言可见标签：任务Result SKIP
magica/template/test/QuestStub.html	4	pass_only	战斗信息重写	战斗信息重写	改写战斗信息	改写战斗信息	改写战斗信息	PASS	改写战斗信息	PASS	—
magica/template/test/QuestStub.html	5	pass_only	继续次	继续次	续关次数	续关次数	续关次数	PASS	续关次数	PASS	—
magica/template/test/QuestStub.html	6	dual_change	通关TURN 号	通关TURN数	通关回合数	通关回合数	通关回合数	PASS	通关回合数	PASS	—
magica/template/test/QuestStub.html	7	pass_only	通关 时间（秒）	通关 时间（秒）	通关时间（秒）	通关时间（秒）	通关时间（秒）	PASS	通关时间（秒）	PASS	—
magica/template/test/QuestStub.html	8	pass_only	击败数量 敌方	击败数量 敌方	击败敌人数量	击败敌人数量	击败敌人数量	PASS	击败敌人数量	PASS	—
magica/template/test/QuestStub.html	9	pass_only	给出的 伤害 总数	给出的 伤害 总数	造成的总伤害	造成的总伤害	造成的总伤害	PASS	造成的总伤害	PASS	—
magica/template/test/QuestStub.html	10	pass_only	最大伤害数	最大伤害数	最大伤害	最大伤害	最大伤害	PASS	最大伤害	PASS	—
magica/template/test/QuestStub.html	11	pass_only	Magia 使用次数	Magia 使用次数	Magia使用次数	Magia使用次数	Magia使用次数	PASS	Magia使用次数	PASS	—
magica/template/test/QuestStub.html	12	pass_only	Doppel 使用次数	Doppel 使用次数	魔女化身使用次数	魔女化身使用次数	魔女化身使用次数	PASS	魔女化身使用次数	PASS	—
magica/template/test/QuestStub.html	13	pass_only	戦闘不能回数	戦闘不能回数	战斗不能次数	战斗不能次数	战斗不能次数	PASS	战斗不能次数	PASS	—
magica/template/test/QuestStub.html	14	pass_only	链数	链数	连锁次数	连锁次数	连锁次数	PASS	连锁次数	PASS	—
magica/template/test/QuestStub.html	15	pass_only	技能 激活计数	技能 激活计数	技能发动次数	技能发动次数	技能发动次数	PASS	技能发动次数	PASS	—
magica/template/test/QuestStub.html	16	pass_only	连携 激活计数	连携 激活计数	连携发动次数	连携发动次数	连携发动次数	PASS	连携发动次数	PASS	—
magica/template/test/QuestStub.html	17	pass_only	AcceleD 选型号	AcceleD 选型号	Accele行动盘选择数	Accele行动盘选择数	Accele行动盘选择数	PASS	Accele行动盘选择数	PASS	—
magica/template/test/QuestStub.html	18	pass_only	BlastD 选型号	BlastD 选型号	Blast行动盘选择数	Blast行动盘选择数	Blast行动盘选择数	PASS	Blast行动盘选择数	PASS	—
magica/template/test/QuestStub.html	19	pass_only	ChargeD 选型号	ChargeD 选型号	Charge行动盘选择数	Charge行动盘选择数	Charge行动盘选择数	PASS	Charge行动盘选择数	PASS	—
magica/template/test/QuestStub.html	20	dual_change	剩余 HP [%] hpRate	剩余 HP【%】hpRate	剩余HP【%】hpRate	剩余HP【%】hpRate	剩余HP【%】hpRate	PASS	剩余HP【%】hpRate	PASS	—
magica/template/test/QuestStub.html	22	pass_only	最终 MP（平均）	最终 MP（平均）	结束时的MP（平均）	结束时的MP（平均）	结束时的MP（平均）	PASS	结束时的MP（平均）	PASS	—
magica/template/test/QuestStub.html	23	pass_only	停止卡ID	停止卡ID	最后一击卡牌ID	最后一击卡牌ID	最后一击卡牌ID	PASS	最后一击卡牌ID	PASS	—
magica/template/test/QuestStub.html	24	pass_only	剩余 HP hpRemain	剩余 HP hpRemain	剩余HP hpRemain	剩余HP hpRemain	剩余HP hpRemain	PASS	剩余HP hpRemain	PASS	—
magica/template/test/BackdoorLive2d.html	0	pass_only	角色列表显示	角色列表显示	显示角色列表	显示角色列表	显示角色列表	PASS	显示角色列表	PASS	—
magica/template/test/BackdoorLive2d.html	2	pass_only	01:自己紹介	01:自己紹介	01:自我介绍	01:自我介绍	01:自我介绍	PASS	01:自我介绍	PASS	—
magica/template/test/BackdoorLive2d.html	3	dual_change	02：自我介绍（获取抽卡时）	02:自己紹介(扭蛋获得时)	02:自我介绍（扭蛋获取时）	02:自我介绍（扭蛋获得时）	02:自我介绍（扭蛋获得时）	PASS	02:自我介绍（扭蛋获得时）	PASS	—
magica/template/test/BackdoorLive2d.html	5	pass_only	03:魔法少女剧情第一集通关	03:魔法少女剧情第一集通关	03:魔法少女剧情第1话通关	03:魔法少女剧情第1话通关	03:魔法少女剧情第1话通关	PASS	03:魔法少女剧情第1话通关	PASS	—
magica/template/test/BackdoorLive2d.html	6	pass_only	04:魔法少女剧情E第2集通关	04:魔法少女剧情E第2集通关	04:魔法少女剧情第2话通关	04:魔法少女剧情第2话通关	04:魔法少女剧情第2话通关	PASS	04:魔法少女剧情第2话通关	PASS	—
magica/template/test/BackdoorLive2d.html	7	pass_only	05:魔法少女剧情E第3集通关	05:魔法少女剧情E第3集通关	05:魔法少女剧情第3话通关	05:魔法少女剧情第3话通关	05:魔法少女剧情第3话通关	PASS	05:魔法少女剧情第3话通关	PASS	—
magica/template/test/BackdoorLive2d.html	8	pass_only	育成	育成	养成	养成	养成	PASS	养成	PASS	—
magica/template/test/BackdoorLive2d.html	9	pass_only	13:強化完了	13:強化完了	13:强化完成	13:强化完成	13:强化完成	PASS	13:强化完成	PASS	—
magica/template/test/BackdoorLive2d.html	10	pass_only	14:強化(Lv最大時)	14:強化(Lv最大時)	14:强化（等级已满时）	14:强化（等级已满时）	14:强化（等级已满时）	PASS	14:强化（等级已满时）	PASS	—
magica/template/test/BackdoorLive2d.html	11	same_change	15:章节Lv 上升	15:剧情等级提升	15:剧情等级提升	15:剧情等级提升	15:剧情等级提升	PASS	15:剧情等级提升	PASS	—
magica/template/test/BackdoorLive2d.html	15	same_change	19:MagiaLv 上升	19:Magia等级提升	19:Magia等级提升	19:Magia等级提升	19:Magia等级提升	PASS	19:Magia等级提升	PASS	—
magica/template/test/BackdoorLive2d.html	16	pass_only	20:魔法少女覚醒①	20:魔法少女覚醒①	20:魔法少女觉醒①	20:魔法少女觉醒①	20:魔法少女觉醒①	PASS	20:魔法少女觉醒①	PASS	—
magica/template/test/BackdoorLive2d.html	17	pass_only	21:魔法少女覚醒②	21:魔法少女覚醒②	21:魔法少女觉醒②	21:魔法少女觉醒②	21:魔法少女觉醒②	PASS	21:魔法少女觉醒②	PASS	—
magica/template/test/BackdoorLive2d.html	18	pass_only	22:魔法少女覚醒③	22:魔法少女覚醒③	22:魔法少女觉醒③	22:魔法少女觉醒③	22:魔法少女觉醒③	PASS	22:魔法少女觉醒③	PASS	—
magica/template/test/BackdoorLive2d.html	19	pass_only	23:魔法少女覚醒④	23:魔法少女覚醒④	23:魔法少女觉醒④	23:魔法少女觉醒④	23:魔法少女觉醒④	PASS	23:魔法少女觉醒④	PASS	—
magica/template/test/BackdoorLive2d.html	21	pass_only	24：登录①（第一次登录）	24：登录①（第一次登录）	24:登录①（首次登录时）	24:登录①（首次登录时）	24:登录①（首次登录时）	PASS	24:登录①（首次登录时）	PASS	—
magica/template/test/BackdoorLive2d.html	22	pass_only	25:登录②（上午）	25:登录②（上午）	25:登录②（早晨）	25:登录②（早晨）	25:登录②（早晨）	PASS	25:登录②（早晨）	PASS	—
magica/template/test/BackdoorLive2d.html	23	pass_only	26：登录③（午餐）	26：登录③（午餐）	26:登录③（白天）	26:登录③（白天）	26:登录③（白天）	PASS	26:登录③（白天）	PASS	—
magica/template/test/BackdoorLive2d.html	24	pass_only	27：登录④（夜间）	27：登录④（夜间）	27:登录④（夜晚）	27:登录④（夜晚）	27:登录④（夜晚）	PASS	27:登录④（夜晚）	PASS	—
magica/template/test/BackdoorLive2d.html	25	pass_only	28：登录⑤（深夜）	28：登录⑤（深夜）	28:登录⑤（深夜）	28:登录⑤（深夜）	28:登录⑤（深夜）	PASS	28:登录⑤（深夜）	PASS	—
magica/template/test/BackdoorLive2d.html	26	pass_only	29：登录⑥（其他）	29：登录⑥（其他）	29:登录⑥（其他）	29:登录⑥（其他）	29:登录⑥（其他）	PASS	29:登录⑥（其他）	PASS	—
magica/template/test/BackdoorLive2d.html	27	dual_change	30：登录⑦（AP最大时）	30：登录⑦（AP最大時)	30:登录⑦（AP满时）	30:登录⑦（AP满时）	30:登录⑦（AP满时）	PASS	30:登录⑦（AP满时）	PASS	—
magica/template/test/BackdoorLive2d.html	28	dual_change	31：登录⑧（最大BP时）	31：登录⑧（最大BP最大時)	31:登录⑧（BP满时）	31:登录⑧（BP满时）	31:登录⑧（BP满时）	PASS	31:登录⑧（BP满时）	PASS	—
magica/template/test/BackdoorLive2d.html	29	pass_only	32:登录⑨(GVG)	32:登录⑨(GVG)	32:登录⑨（GvG）	32:登录⑨（GvG）	32:登录⑨（GvG）	PASS	32:登录⑨（GvG）	PASS	—
magica/template/test/BackdoorLive2d.html	30	pass_only	33：魔法少女 水龙头①	33：魔法少女 水龙头①	33:点击魔法少女①	33:点击魔法少女①	33:点击魔法少女①	PASS	33:点击魔法少女①	PASS	—
magica/template/test/BackdoorLive2d.html	31	pass_only	34：魔法少女 抽头 ②	34：魔法少女 抽头 ②	34:点击魔法少女②	34:点击魔法少女②	34:点击魔法少女②	PASS	34:点击魔法少女②	PASS	—
magica/template/test/BackdoorLive2d.html	32	pass_only	35：魔法少女 轻击③	35：魔法少女 轻击③	35:点击魔法少女③	35:点击魔法少女③	35:点击魔法少女③	PASS	35:点击魔法少女③	PASS	—
magica/template/test/BackdoorLive2d.html	33	pass_only	36：魔法少女 轻击 ④	36：魔法少女 轻击 ④	36:点击魔法少女④	36:点击魔法少女④	36:点击魔法少女④	PASS	36:点击魔法少女④	PASS	—
magica/template/test/BackdoorLive2d.html	34	pass_only	37：魔法少女 轻击 ⑤	37：魔法少女 轻击 ⑤	37:点击魔法少女⑤	37:点击魔法少女⑤	37:点击魔法少女⑤	PASS	37:点击魔法少女⑤	PASS	—
magica/template/test/BackdoorLive2d.html	35	pass_only	38：魔法少女 轻击 ⑥	38：魔法少女 轻击 ⑥	38:点击魔法少女⑥	38:点击魔法少女⑥	38:点击魔法少女⑥	PASS	38:点击魔法少女⑥	PASS	—
magica/template/test/BackdoorLive2d.html	36	pass_only	39:魔法少女 轻击 ⑦	39:魔法少女 轻击 ⑦	39:点击魔法少女⑦	39:点击魔法少女⑦	39:点击魔法少女⑦	PASS	39:点击魔法少女⑦	PASS	—
magica/template/test/BackdoorLive2d.html	37	pass_only	40：魔法少女 轻击 ⑧	40：魔法少女 轻击 ⑧	40:点击魔法少女⑧	40:点击魔法少女⑧	40:点击魔法少女⑧	PASS	40:点击魔法少女⑧	PASS	—
magica/template/test/BackdoorLive2d.html	38	pass_only	41：魔法少女 丝锥 ⑨	41：魔法少女 丝锥 ⑨	41:点击魔法少女⑨	41:点击魔法少女⑨	41:点击魔法少女⑨	PASS	41:点击魔法少女⑨	PASS	—
magica/template/test/BackdoorLive2d.html	40	pass_only	42:任务 启动	42:任务 启动	42:关卡开始	42:关卡开始	42:关卡开始	PASS	42:关卡开始	PASS	—
magica/template/test/BackdoorLive2d.html	41	pass_only	43：任务胜利①	43：任务胜利①	43:关卡胜利①	43:关卡胜利①	43:关卡胜利①	PASS	43:关卡胜利①	PASS	—
magica/template/test/BackdoorLive2d.html	42	pass_only	44：任务 胜利②	44：任务 胜利②	44:关卡胜利②	44:关卡胜利②	44:关卡胜利②	PASS	44:关卡胜利②	PASS	—
magica/template/test/BackdoorLive2d.html	43	pass_only	45：任务 胜利 ③	45：任务 胜利 ③	45:关卡胜利③	45:关卡胜利③	45:关卡胜利③	PASS	45:关卡胜利③	PASS	—
magica/template/test/BackdoorLive2d.html	44	pass_only	46：任务 胜利 ④	46：任务 胜利 ④	46:关卡胜利④	46:关卡胜利④	46:关卡胜利④	PASS	46:关卡胜利④	PASS	—
magica/template/test/BackdoorLive2d.html	46	pass_only	63：Magia激活①	63：Magia激活①	63:发动Magia①	63:发动Magia①	63:发动Magia①	PASS	63:发动Magia①	PASS	—
magica/template/test/BackdoorLive2d.html	47	pass_only	64：Magia激活②	64：Magia激活②	64:发动Magia②	64:发动Magia②	64:发动Magia②	PASS	64:发动Magia②	PASS	—
magica/template/test/BackdoorLive2d.html	48	pass_only	65：Magia激活③	65：Magia激活③	65:发动Magia③	65:发动Magia③	65:发动Magia③	PASS	65:发动Magia③	PASS	—
magica/template/test/BackdoorLive2d.html	49	pass_only	66:Magia 激活 ④	66:Magia 激活 ④	66:发动Magia④	66:发动Magia④	66:发动Magia④	PASS	66:发动Magia④	PASS	—
magica/template/test/backdoorList.html	1	pass_only	道具・礼品卡赋予	道具・礼品卡赋予	发放道具、礼物及卡牌	发放道具、礼物及卡牌	发放道具、礼物及卡牌	PASS	发放道具、礼物及卡牌	PASS	—
magica/template/test/backdoorList.html	2	pass_only	相撲TOP	相撲TOP	相扑首页	相扑首页	相扑首页	PASS	相扑首页	PASS	—
magica/template/test/backdoorList.html	4	pass_only	魔女记忆结晶 兑换页面	魔女记忆结晶 兑换页面	魔女记忆结晶兑换页面	魔女记忆结晶兑换页面	魔女记忆结晶兑换页面	PASS	魔女记忆结晶兑换页面	PASS	—
magica/template/test/backdoorList.html	5	pass_only	盒子 抽卡	盒子 抽卡	箱子扭蛋	箱子扭蛋	箱子扭蛋	PASS	箱子扭蛋	PASS	—
magica/template/test/backdoorList.html	6	pass_only	沃尔普尔 全体 突袭	沃尔普尔 全体 突袭	魔女之夜全体突袭	魔女之夜全体突袭	魔女之夜全体突袭	PASS	魔女之夜全体突袭	PASS	—
magica/template/test/backdoorList.html	7	pass_only	PH全体 突袭	PH全体 突袭	PH全体突袭	PH全体突袭	PH全体突袭	PASS	PH全体突袭	PASS	—
magica/template/test/backdoorList.html	8	same_change	章节Lv 上升	剧情等级提升	剧情等级提升	剧情等级提升	剧情等级提升	PASS	剧情等级提升	PASS	—
magica/template/test/backdoorList.html	10	pass_only	Live2d测试	Live2d测试	Live2D测试	Live2D测试	Live2D测试	PASS	Live2D测试	PASS	—
magica/template/test/backdoorList.html	15	pass_only	版本升级页面	版本升级页面	版本更新页面	版本更新页面	版本更新页面	PASS	版本更新页面	PASS	—
magica/template/test/backdoorList.html	16	dual_change	1 份散装 通关	一键通关第一部	第一部一键通关	一键通关第一部	一键通关第一部	PASS	一键通关第一部	PASS	—
magica/template/test/backdoorList.html	17	dual_change	第 2 部分 第 11 章 通关	２部11 章 通关	一键通关第二部第11章	一键通关第二部第11章	一键通关第二部第11章	PASS	一键通关第二部第11章	PASS	—
magica/template/test/backdoorList.html	18	pass_only	任务调试	任务调试	关卡调试	关卡调试	关卡调试	PASS	关卡调试	PASS	—
magica/template/test/backdoorList.html	19	pass_only	通用风格	通用风格	通用样式	通用样式	通用样式	PASS	通用样式	PASS	—
magica/template/test/backdoorList.html	20	pass_only	本地存储通关	本地存储通关	清除localStorage	清除localStorage	清除localStorage	PASS	清除localStorage	PASS	—
magica/template/test/backdoorList.html	22	pass_only	不断突破回复复位	不断突破回复复位	重置常驻踏破回复功能	重置常驻踏破回复功能	重置常驻踏破回复功能	PASS	重置常驻踏破回复功能	PASS	—
magica/template/test/backdoorList.html	25	pass_only	全新 商店 模拟	全新 商店 模拟	新版商店模拟页面	新版商店模拟页面	新版商店模拟页面	PASS	新版商店模拟页面	PASS	—
magica/template/test/backdoorList.html	26	pass_only	称号変更POP	称号変更POP	称号变更弹窗	称号变更弹窗	称号变更弹窗	PASS	称号变更弹窗	PASS	—
magica/template/test/backdoorList.html	27	pass_only	无理 战斗 启动	无理 战斗 启动	开始理违战	开始理违战	开始理违战	PASS	开始理违战	PASS	—
magica/template/test/backdoorList.html	28	dual_change	无理 战斗 再试一次	重新挑战理违战	重试理违战	重新挑战理违战	重新挑战理违战	PASS	重新挑战理违战	PASS	—
magica/template/test/backdoorList.html	29	pass_only	MS購入状況確認	MS購入状況確認	确认魔法石购买状态	确认魔法石购买状态	确认魔法石购买状态	PASS	确认魔法石购买状态	PASS	—
magica/template/test/backdoorList.html	31	pass_only	财富CP	财富CP	御神签活动	御神签活动	御神签活动	PASS	御神签活动	PASS	—
magica/template/test/backdoorList.html	33	pass_only	序言确认（来自ADV①）	序言确认（来自ADV①）	序章确认（从ADV①开始）	序章确认（从ADV①开始）	序章确认（从ADV①开始）	PASS	序章确认（从ADV①开始）	PASS	—
magica/template/test/backdoorList.html	34	pass_only	序言确认（来自任务①）	序言确认（来自任务①）	序章确认（从关卡①开始）	序章确认（从关卡①开始）	序章确认（从关卡①开始）	PASS	序章确认（从关卡①开始）	PASS	—
magica/template/test/backdoorList.html	35	pass_only	序言确认（来自ADV②）	序言确认（来自ADV②）	序章确认（从ADV②开始）	序章确认（从ADV②开始）	序章确认（从ADV②开始）	PASS	序章确认（从ADV②开始）	PASS	—
magica/template/test/backdoorList.html	36	pass_only	序言确认（来自任务②）	序言确认（来自任务②）	序章确认（从关卡②开始）	序章确认（从关卡②开始）	序章确认（从关卡②开始）	PASS	序章确认（从关卡②开始）	PASS	—
magica/template/test/backdoorList.html	37	pass_only	序言确认（来自ADV③）	序言确认（来自ADV③）	序章确认（从ADV③开始）	序章确认（从ADV③开始）	序章确认（从ADV③开始）	PASS	序章确认（从ADV③开始）	PASS	—
magica/template/test/backdoorList.html	38	pass_only	序言确认（来自任务③）	序言确认（来自任务③）	序章确认（从关卡③开始）	序章确认（从关卡③开始）	序章确认（从关卡③开始）	PASS	序章确认（从关卡③开始）	PASS	—
magica/template/test/backdoorList.html	39	pass_only	序言确认（来自ADV④）	序言确认（来自ADV④）	序章确认（从ADV④开始）	序章确认（从ADV④开始）	序章确认（从ADV④开始）	PASS	序章确认（从ADV④开始）	PASS	—
magica/template/test/backdoorList.html	80	pass_only	エラーコードを入力。	エラーコードを入力。	输入错误代码。	输入错误代码。	输入错误代码。	PASS	输入错误代码。	PASS	—
magica/template/test/backdoorList.html	81	pass_only	ツイートリンクを入力。	ツイートリンクを入力。	输入推文链接。	输入推文链接。	输入推文链接。	PASS	输入推文链接。	PASS	—
magica/template/test/backdoorList.html	84	pass_only	完了（TU999）	完了（TU999）	完成（TU999）	完成（TU999）	完成（TU999）	PASS	完成（TU999）	PASS	—
magica/template/test/backdoorList.html	85	pass_only	バトル①（TU010）	バトル①（TU010）	战斗①（TU010）	战斗①（TU010）	战斗①（TU010）	PASS	战斗①（TU010）	PASS	—
magica/template/test/backdoorList.html	86	pass_only	バトル②（TU010）	バトル②（TU010）	战斗②（TU010）	战斗②（TU010）	战斗②（TU010）	PASS	战斗②（TU010）	PASS	—
magica/template/test/backdoorList.html	87	pass_only	ガチャ（TU520）	ガチャ（TU520）	扭蛋（TU520）	扭蛋（TU520）	扭蛋（TU520）	PASS	扭蛋（TU520）	PASS	—
magica/template/test/backdoorList.html	88	pass_only	編成（TU550）	編成（TU550）	队伍编成（TU550）	队伍编成（TU550）	队伍编成（TU550）	PASS	队伍编成（TU550）	PASS	—
magica/template/gacha/GachaProbabilityPop.html	0	pass_only	出货率	出货率	掉落率	掉落率	掉落率	PASS	掉落率	PASS	—
magica/template/gacha/GachaProbabilityPop.html	12	dual_change	Pick up对象魔法少女	精选魔法少女	Pickup对象魔法少女	Pickup对象魔法少女	Pickup对象魔法少女	PASS	Pickup对象魔法少女	PASS	保留研究层术语：Pickup对象魔法少女
magica/template/gacha/GachaProbabilityPop.html	22	dual_change	Pick up对象记忆结晶	精选记忆结晶	Pickup对象记忆结晶	Pickup对象记忆结晶	Pickup对象记忆结晶	PASS	Pickup对象记忆结晶	PASS	保留研究层术语：Pickup对象记忆结晶
magica/template/etc/LawPopup.html	0	same_change	根据《特定商业交易法》显示	根据《特定商业交易法》的公示	根据《特定商业交易法》的公示	根据《特定商业交易法》的公示	根据《特定商业交易法》的公示	PASS	根据《特定商业交易法》的公示	PASS	—
magica/template/etc/LawPopup.html	1	same_change	根据“支付服务法第13条”显示	根据《资金结算法》第13条的公示	根据《资金结算法》第13条的公示	根据《资金结算法》第13条的公示	根据《资金结算法》第13条的公示	PASS	根据《资金结算法》第13条的公示	PASS	—
magica/template/etc/LawPopup.html	2	same_change	根据《特定商业交易法》显示	根据《特定商业交易法》的公示	根据《特定商业交易法》的公示	根据《特定商业交易法》的公示	根据《特定商业交易法》的公示	PASS	根据《特定商业交易法》的公示	PASS	—
magica/template/etc/LawPopup.html	3	pass_only	販売業者	販売業者	销售商	销售商	销售商	PASS	销售商	PASS	—
magica/template/etc/LawPopup.html	4	dual_change	安妮普莱克斯有限公司	&nbsp;&nbsp;Aniplex株式会社	&nbsp;&nbsp;安妮普莱克斯有限公司	&nbsp;&nbsp;安妮普莱克斯有限公司	&nbsp;&nbsp;安妮普莱克斯有限公司	PASS	&nbsp;&nbsp;安妮普莱克斯有限公司	PASS	—
magica/template/etc/LawPopup.html	5	pass_only	販売責任者	販売責任者	销售负责人	销售负责人	销售负责人	PASS	销售负责人	PASS	—
magica/template/etc/LawPopup.html	7	pass_only	本社	本社	公司总部	公司总部	公司总部	PASS	公司总部	PASS	—
magica/template/etc/LawPopup.html	8	pass_only	&nbsp;&nbsp;所在地：〒102-8353&nbsp;東京都千代田区六番町４番地５	&nbsp;&nbsp;所在地：〒102-8353&nbsp;東京都千代田区六番町４番地５	&nbsp;&nbsp;地址：〒102-8353&nbsp;东京都千代田区六番町4番地5	&nbsp;&nbsp;地址：〒102-8353&nbsp;东京都千代田区六番町4番地5	&nbsp;&nbsp;地址：〒102-8353&nbsp;东京都千代田区六番町4番地5	PASS	&nbsp;&nbsp;地址：〒102-8353&nbsp;东京都千代田区六番町4番地5	PASS	—
magica/template/etc/LawPopup.html	11	same_change	10:00-19:00 仅限工作日（不包括周末和节假日）	&nbsp;&nbsp;10:00～19:00，仅工作日（周末及节假日除外）	&nbsp;&nbsp;10:00～19:00，仅工作日（周末及节假日除外）	&nbsp;&nbsp;10:00～19:00，仅工作日（周末及节假日除外）	&nbsp;&nbsp;10:00～19:00，仅工作日（周末及节假日除外）	PASS	&nbsp;&nbsp;10:00～19:00，仅工作日（周末及节假日除外）	PASS	—
magica/template/etc/LawPopup.html	12	same_change	电话号码（导航拨号）：03-5211-7555	&nbsp;&nbsp;电话号码（导航拨号）：03-5211-7555	&nbsp;&nbsp;电话号码（导航拨号）：03-5211-7555	&nbsp;&nbsp;电话号码（导航拨号）：03-5211-7555	&nbsp;&nbsp;电话号码（导航拨号）：03-5211-7555	PASS	&nbsp;&nbsp;电话号码（导航拨号）：03-5211-7555	PASS	—
magica/template/etc/LawPopup.html	13	same_change	​ 营业时间：10:00-18:00​ 仅限平日（周六、周日、节假日、年末年初除外）	&nbsp;&nbsp;营业时间：10:00～18:00，仅工作日（周末、节假日及年末年初除外）	&nbsp;&nbsp;营业时间：10:00～18:00，仅工作日（周末、节假日及年末年初除外）	&nbsp;&nbsp;营业时间：10:00～18:00，仅工作日（周末、节假日及年末年初除外）	&nbsp;&nbsp;营业时间：10:00～18:00，仅工作日（周末、节假日及年末年初除外）	PASS	&nbsp;&nbsp;营业时间：10:00～18:00，仅工作日（周末、节假日及年末年初除外）	PASS	—
magica/template/etc/LawPopup.html	14	pass_only	販売価格	販売価格	销售价格	销售价格	销售价格	PASS	销售价格	PASS	—
magica/template/etc/LawPopup.html	15	same_change	​ 每次完成购买程序时，屏幕上都会显示该信息。消费税将显示为含税。	&nbsp;&nbsp;购买时将逐次在画面中显示。所示价格已含消费税。	&nbsp;&nbsp;购买时将逐次在画面中显示。所示价格已含消费税。	&nbsp;&nbsp;购买时将逐次在画面中显示。所示价格已含消费税。	&nbsp;&nbsp;购买时将逐次在画面中显示。所示价格已含消费税。	PASS	&nbsp;&nbsp;购买时将逐次在画面中显示。所示价格已含消费税。	PASS	—
magica/template/etc/LawPopup.html	17	same_change	通信过程中会产生数据包通信费用。	&nbsp;&nbsp;使用网络通信时会产生数据流量费用。	&nbsp;&nbsp;使用网络通信时会产生数据流量费用。	&nbsp;&nbsp;使用网络通信时会产生数据流量费用。	&nbsp;&nbsp;使用网络通信时会产生数据流量费用。	PASS	&nbsp;&nbsp;使用网络通信时会产生数据流量费用。	PASS	—
magica/template/etc/LawPopup.html	18	same_change	交货时间	交付时间	交付时间	交付时间	交付时间	PASS	交付时间	PASS	—
magica/template/etc/LawPopup.html	19	same_change	· 完成购买手续后，我们将立即交付产品。	&nbsp;&nbsp;完成购买手续后立即交付。	&nbsp;&nbsp;完成购买手续后立即交付。	&nbsp;&nbsp;完成购买手续后立即交付。	&nbsp;&nbsp;完成购买手续后立即交付。	PASS	&nbsp;&nbsp;完成购买手续后立即交付。	PASS	—
magica/template/etc/LawPopup.html	21	same_change	​ 付款时间和方式根据您使用的内容而有所不同。	&nbsp;&nbsp;付款时间及方式会因所使用的内容而异。	&nbsp;&nbsp;付款时间及方式会因所使用的内容而异。	&nbsp;&nbsp;付款时间及方式会因所使用的内容而异。	&nbsp;&nbsp;付款时间及方式会因所使用的内容而异。	PASS	&nbsp;&nbsp;付款时间及方式会因所使用的内容而异。	PASS	—
magica/template/etc/LawPopup.html	22	same_change	请检查相关内容提供商制定的使用条款。	&nbsp;&nbsp;请确认相应内容提供商规定的使用条款。	&nbsp;&nbsp;请确认相应内容提供商规定的使用条款。	&nbsp;&nbsp;请确认相应内容提供商规定的使用条款。	&nbsp;&nbsp;请确认相应内容提供商规定的使用条款。	PASS	&nbsp;&nbsp;请确认相应内容提供商规定的使用条款。	PASS	—
magica/template/etc/LawPopup.html	23	same_change	退货/换货	退货与更换	退货与更换	退货与更换	退货与更换	PASS	退货与更换	PASS	—
magica/template/etc/LawPopup.html	24	same_change	由于数字内容的性质，我们在确认购买后不接受退货或换货。	&nbsp;&nbsp;由于数字内容的特性，购买确认后不接受退货或更换。	&nbsp;&nbsp;由于数字内容的特性，购买确认后不接受退货或更换。	&nbsp;&nbsp;由于数字内容的特性，购买确认后不接受退货或更换。	&nbsp;&nbsp;由于数字内容的特性，购买确认后不接受退货或更换。	PASS	&nbsp;&nbsp;由于数字内容的特性，购买确认后不接受退货或更换。	PASS	—
magica/template/etc/LawPopup.html	26	same_change	如果您是未成年人，请在购买前征得您父母或其他法定代表人的同意。	&nbsp;&nbsp;若您是未成年人，请在取得监护人或其他法定代理人同意后购买。	&nbsp;&nbsp;若您是未成年人，请在取得监护人或其他法定代理人同意后购买。	&nbsp;&nbsp;若您是未成年人，请在取得监护人或其他法定代理人同意后购买。	&nbsp;&nbsp;若您是未成年人，请在取得监护人或其他法定代理人同意后购买。	PASS	&nbsp;&nbsp;若您是未成年人，请在取得监护人或其他法定代理人同意后购买。	PASS	—
magica/template/etc/LawPopup.html	27	pass_only	動作環境	動作環境	运行环境	运行环境	运行环境	PASS	运行环境	PASS	—
magica/template/etc/LawPopup.html	28	same_change	· 需要运行目标服务的Android设备、iOS设备或PC设备。	&nbsp;&nbsp;需要能够运行相应服务的Android设备、iOS设备或PC。	&nbsp;&nbsp;需要能够运行相应服务的Android设备、iOS设备或PC。	&nbsp;&nbsp;需要能够运行相应服务的Android设备、iOS设备或PC。	&nbsp;&nbsp;需要能够运行相应服务的Android设备、iOS设备或PC。	PASS	&nbsp;&nbsp;需要能够运行相应服务的Android设备、iOS设备或PC。	PASS	—
magica/template/etc/LawPopup.html	29	same_change	请查看各应用程序的官方网站了解运行环境。	&nbsp;&nbsp;运行环境请在各应用的官方网站确认。	&nbsp;&nbsp;运行环境请在各应用的官方网站确认。	&nbsp;&nbsp;运行环境请在各应用的官方网站确认。	&nbsp;&nbsp;运行环境请在各应用的官方网站确认。	PASS	&nbsp;&nbsp;运行环境请在各应用的官方网站确认。	PASS	—
magica/template/etc/LawPopup.html	31	same_change	使用服务时，请在购买前查看并同意《必定 使用条款》。	&nbsp;&nbsp;使用服务前请务必确认并同意使用条款后再购买。	&nbsp;&nbsp;使用服务前请务必确认并同意使用条款后再购买。	&nbsp;&nbsp;使用服务前请务必确认并同意使用条款后再购买。	&nbsp;&nbsp;使用服务前请务必确认并同意使用条款后再购买。	PASS	&nbsp;&nbsp;使用服务前请务必确认并同意使用条款后再购买。	PASS	—
magica/template/etc/LawPopup.html	32	same_change	根据“支付服务法第13条”显示	根据《资金结算法》第13条的公示	根据《资金结算法》第13条的公示	根据《资金结算法》第13条的公示	根据《资金结算法》第13条的公示	PASS	根据《资金结算法》第13条的公示	PASS	—
magica/template/etc/LawPopup.html	33	pass_only	発行業者	発行業者	发行方	发行方	发行方	PASS	发行方	PASS	—
magica/template/etc/LawPopup.html	34	dual_change	安妮普莱克斯有限公司	&nbsp;&nbsp;Aniplex株式会社	&nbsp;&nbsp;安妮普莱克斯有限公司	&nbsp;&nbsp;安妮普莱克斯有限公司	&nbsp;&nbsp;安妮普莱克斯有限公司	PASS	&nbsp;&nbsp;安妮普莱克斯有限公司	PASS	—
magica/template/etc/LawPopup.html	35	pass_only	&nbsp;&nbsp;東京都千代田区六番町4番地5	&nbsp;&nbsp;東京都千代田区六番町4番地5	&nbsp;&nbsp;东京都千代田区六番町4番地5	&nbsp;&nbsp;东京都千代田区六番町4番地5	&nbsp;&nbsp;东京都千代田区六番町4番地5	PASS	&nbsp;&nbsp;东京都千代田区六番町4番地5	PASS	—
magica/template/etc/LawPopup.html	36	pass_only	支払可能金額等	支払可能金額等	可支付金额等	可支付金额等	可支付金额等	PASS	可支付金额等	PASS	—
magica/template/etc/LawPopup.html	37	same_change	没有上限。	&nbsp;&nbsp;无上限。	&nbsp;&nbsp;无上限。	&nbsp;&nbsp;无上限。	&nbsp;&nbsp;无上限。	PASS	&nbsp;&nbsp;无上限。	PASS	—
magica/template/etc/LawPopup.html	38	pass_only	有効期間	有効期間	有效期	有效期	有效期	PASS	有效期	PASS	—
magica/template/etc/LawPopup.html	39	same_change	没有最后期限。	&nbsp;&nbsp;无有效期限制。	&nbsp;&nbsp;无有效期限制。	&nbsp;&nbsp;无有效期限制。	&nbsp;&nbsp;无有效期限制。	PASS	&nbsp;&nbsp;无有效期限制。	PASS	—
magica/template/etc/LawPopup.html	40	same_change	咨询处	咨询窗口	咨询窗口	咨询窗口	咨询窗口	PASS	咨询窗口	PASS	—
magica/template/etc/LawPopup.html	41	same_change	电子邮件地址：support@magireco.com	&nbsp;&nbsp;邮箱：support@magireco.com	&nbsp;&nbsp;邮箱：support@magireco.com	&nbsp;&nbsp;邮箱：support@magireco.com	&nbsp;&nbsp;邮箱：support@magireco.com	PASS	&nbsp;&nbsp;邮箱：support@magireco.com	PASS	—
magica/template/etc/LawPopup.html	42	same_change	营业时间 10:00-19:00 仅平日（周末及节假日除外）	&nbsp;&nbsp;服务时间：10:00～19:00，仅工作日（周末及节假日除外）	&nbsp;&nbsp;服务时间：10:00～19:00，仅工作日（周末及节假日除外）	&nbsp;&nbsp;服务时间：10:00～19:00，仅工作日（周末及节假日除外）	&nbsp;&nbsp;服务时间：10:00～19:00，仅工作日（周末及节假日除外）	PASS	&nbsp;&nbsp;服务时间：10:00～19:00，仅工作日（周末及节假日除外）	PASS	—
magica/template/etc/LawPopup.html	43	pass_only	使用場所	使用場所	使用范围	使用范围	使用范围	PASS	使用范围	PASS	—
magica/template/etc/LawPopup.html	44	same_change	​ 可以在本服务内使用。	&nbsp;&nbsp;可在本服务内使用。	&nbsp;&nbsp;可在本服务内使用。	&nbsp;&nbsp;可在本服务内使用。	&nbsp;&nbsp;可在本服务内使用。	PASS	&nbsp;&nbsp;可在本服务内使用。	PASS	—
magica/template/etc/LawPopup.html	45	same_change	但是，它只能在购买的平台内使用：iOS 版本、Google play 版本和 DMM GAMES 版本。	&nbsp;&nbsp;但仅可在iOS版、Google Play版或DMM GAMES版中各自购买时所使用的平台内使用。	&nbsp;&nbsp;但仅可在iOS版、Google Play版或DMM GAMES版中各自购买时所使用的平台内使用。	&nbsp;&nbsp;但仅可在iOS版、Google Play版或DMM GAMES版中各自购买时所使用的平台内使用。	&nbsp;&nbsp;但仅可在iOS版、Google Play版或DMM GAMES版中各自购买时所使用的平台内使用。	PASS	&nbsp;&nbsp;但仅可在iOS版、Google Play版或DMM GAMES版中各自购买时所使用的平台内使用。	PASS	—
magica/template/etc/LawPopup.html	47	same_change	(1) 购买后，我们不提供退款，除非资金结算法允许退款。	&nbsp;&nbsp;（1）除《资金结算法》规定可退款的情形外，购买后不予退款。	&nbsp;&nbsp;（1）除《资金结算法》规定可退款的情形外，购买后不予退款。	&nbsp;&nbsp;（1）除《资金结算法》规定可退款的情形外，购买后不予退款。	&nbsp;&nbsp;（1）除《资金结算法》规定可退款的情形外，购买后不予退款。	PASS	&nbsp;&nbsp;（1）除《资金结算法》规定可退款的情形外，购买后不予退款。	PASS	—
magica/template/etc/LawPopup.html	48	same_change	（2）15岁以下的人士，每月购买Magia宝石的限额为5,000日元（含税），16岁至17岁的人士，每月购买Magia宝石的限额为30,000日元（含税）。	&nbsp;&nbsp;（2）15岁及以下用户每月购买Magia石的上限为5,000日元（含税），16～17岁用户为30,000日元（含税）。	&nbsp;&nbsp;（2）15岁及以下用户每月购买Magia石的上限为5,000日元（含税），16～17岁用户为30,000日元（含税）。	&nbsp;&nbsp;（2）15岁及以下用户每月购买Magia石的上限为5,000日元（含税），16～17岁用户为30,000日元（含税）。	&nbsp;&nbsp;（2）15岁及以下用户每月购买Magia石的上限为5,000日元（含税），16～17岁用户为30,000日元（含税）。	PASS	&nbsp;&nbsp;（2）15岁及以下用户每月购买Magia石的上限为5,000日元（含税），16～17岁用户为30,000日元（含税）。	PASS	—
magica/template/etc/LawPopup.html	49	same_change	​ ​ *如果使用DMM GAMES版本，则转换为DMM点数1点数=1日元	&nbsp;&nbsp;&nbsp;&nbsp;※使用DMM GAMES版时，按1 DMM点数＝1日元换算。	&nbsp;&nbsp;&nbsp;&nbsp;※使用DMM GAMES版时，按1 DMM点数＝1日元换算。	&nbsp;&nbsp;&nbsp;&nbsp;※使用DMM GAMES版时，按1 DMM点数＝1日元换算。	&nbsp;&nbsp;&nbsp;&nbsp;※使用DMM GAMES版时，按1 DMM点数＝1日元换算。	PASS	&nbsp;&nbsp;&nbsp;&nbsp;※使用DMM GAMES版时，按1 DMM点数＝1日元换算。	PASS	—
magica/template/etc/LawPopup.html	50	same_change	(3) Magia宝石不得转让或出借给第三方。	&nbsp;&nbsp;（3）Magia石不得转让、出借给第三方。	&nbsp;&nbsp;（3）Magia石不得转让、出借给第三方。	&nbsp;&nbsp;（3）Magia石不得转让、出借给第三方。	&nbsp;&nbsp;（3）Magia石不得转让、出借给第三方。	PASS	&nbsp;&nbsp;（3）Magia石不得转让、出借给第三方。	PASS	—
magica/template/etc/LawPopup.html	51	same_change	（4）其他事项请参阅使用条款。	&nbsp;&nbsp;（4）其他事项请参阅使用条款。	&nbsp;&nbsp;（4）其他事项请参阅使用条款。	&nbsp;&nbsp;（4）其他事项请参阅使用条款。	&nbsp;&nbsp;（4）其他事项请参阅使用条款。	PASS	&nbsp;&nbsp;（4）其他事项请参阅使用条款。	PASS	—
magica/template/etc/LawPopup.html	52	same_change	如何查看未使用余额	未使用余额的确认方式	未使用余额的确认方式	未使用余额的确认方式	未使用余额的确认方式	PASS	未使用余额的确认方式	PASS	—
magica/template/etc/LawPopup.html	53	same_change	点击“魔法纪录 魔法少女 小圆魔法外传”应用程序中“主页”屏幕上的“Magia 石头”字段，即可在出现的“购买 Magia 石头”屏幕中查看它。	&nbsp;&nbsp;可在《魔法纪录 魔法少女小圆外传》应用内“HOME”画面上方点击所持Magia石栏，并在出现的“购买Magia石”画面中确认。	&nbsp;&nbsp;可在《魔法纪录 魔法少女小圆外传》应用内“HOME”画面上方点击所持Magia石栏，并在出现的“购买Magia石”画面中确认。	&nbsp;&nbsp;可在《魔法纪录 魔法少女小圆外传》应用内“HOME”画面上方点击所持Magia石栏，并在出现的“购买Magia石”画面中确认。	&nbsp;&nbsp;可在《魔法纪录 魔法少女小圆外传》应用内“HOME”画面上方点击所持Magia石栏，并在出现的“购买Magia石”画面中确认。	PASS	&nbsp;&nbsp;可在《魔法纪录 魔法少女小圆外传》应用内“HOME”画面上方点击所持Magia石栏，并在出现的“购买Magia石”画面中确认。	PASS	—
magica/template/etc/LawPopup.html	54	pass_only	利用規約	利用規約	使用条款	使用条款	使用条款	PASS	使用条款	PASS	—
magica/template/etc/LawPopup.html	55	same_change	请参阅“魔法纪录 魔法少女 魔法小圆外传”的使用条款。	&nbsp;&nbsp;请参阅《魔法纪录 魔法少女小圆外传》使用条款。	&nbsp;&nbsp;请参阅《魔法纪录 魔法少女小圆外传》使用条款。	&nbsp;&nbsp;请参阅《魔法纪录 魔法少女小圆外传》使用条款。	&nbsp;&nbsp;请参阅《魔法纪录 魔法少女小圆外传》使用条款。	PASS	&nbsp;&nbsp;请参阅《魔法纪录 魔法少女小圆外传》使用条款。	PASS	—
magica/template/etc/LawPopup.html	56	same_change	“使用条款”查看。	&nbsp;&nbsp;可在应用内“TOP页面”＞“使用条款”中确认。	&nbsp;&nbsp;可在应用内“TOP页面”＞“使用条款”中确认。	&nbsp;&nbsp;可在应用内“TOP页面”＞“使用条款”中确认。	&nbsp;&nbsp;可在应用内“TOP页面”＞“使用条款”中确认。	PASS	&nbsp;&nbsp;可在应用内“TOP页面”＞“使用条款”中确认。	PASS	—
