source_index	batch_number	item_id	stable_business_key	source_path	source_key	source_field	review_kind	allowed_action	japanese_or_source_original	old_cn	current_cn	suggested_cn	parent_verdict	parent_rationale	role_verdicts	role_details	highest_authority_tier	authority_status	authority_evidence	official_cn	wiki_cn	confirmed_human_cn	protected_authority_text	product_write_allowed	allowed_human_decisions	review_status	human_decision	reviewer	timestamp	final_value	human_revision	human_notes	review_scope_status	application_policy	effective_cn	effective_tier	effective_source_file	effective_source_line	shadowed_by_higher_authority	product_write_forbidden	canonical_write_allowed_after_human_gate
89	5	LOW-MT-00395	i18n/frontend-strings.tsv#0e3991b5e97a710423dcd0b0/candidate_cn	i18n/frontend-strings.tsv	0e3991b5e97a710423dcd0b0	candidate_cn	current-low-tier-translation-review	review-and-stage-low-tier-only	円環サポート	圆环辅助	圆环辅助		approved	All applicable roles approved: R1 semantics faithful (圆环辅助), R5 format clean; object-storage/R3/R4 N/A (no authority evidence supplied; no protected text).	"{""confirmed_human_provenance_protection"": ""N/A"", ""hiiraginemu_wiki_comparison"": ""N/A"", ""japanese_semantics_context"": ""approved"", ""names_honorifics_terms_placeholders_format"": ""approved"", ""official_cn_comparison"": ""N/A""}"	"{""confirmed_human_provenance_protection"": {""applicability"": ""N/A"", ""evidence"": ""No protected pair string occurs in original/old/current text (escapes decoded); protected_authority_text=false; provenance consistent; no item-level protected reference applies."", ""rationale"": ""None of the 148 protected pairs appear; provenance consistent; product_write_allowed=false."", ""source_agent_id"": ""a977d5c8f81191128"", ""source_v2_batch"": 5, ""verdict"": ""N/A""}, ""hiiraginemu_wiki_comparison"": {""applicability"": ""N/A"", ""evidence"": ""no HiiragiNemu-wiki evidence supplied for this item"", ""rationale"": ""authority_references.wiki_cn is empty; no HiiragiNemu-wiki evidence supplied, comparison not possible."", ""source_agent_id"": ""ad9493578dd1fc277"", ""source_v2_batch"": 5, ""verdict"": ""N/A""}, ""japanese_semantics_context"": {""applicability"": ""applicable"", ""evidence"": ""「円環」译为「圆环」、「サポート」译为「辅助」，直译准确无偏离。"", ""rationale"": ""直译准确，approved。"", ""source_agent_id"": ""a1fd37df0243c53e6"", ""source_v2_batch"": 5, ""verdict"": ""approved""}, ""names_honorifics_terms_placeholders_format"": {""applicability"": ""applicable"", ""evidence"": ""无占位符、标点或敬称问题，圆环辅助术语对应源文。"", ""rationale"": ""无格式缺陷，approved。"", ""source_agent_id"": ""a6423d426101b0527"", ""source_v2_batch"": 5, ""verdict"": ""approved""}, ""official_cn_comparison"": {""applicability"": ""N/A"", ""evidence"": ""no official-CN evidence supplied for this item"", ""rationale"": ""authority_references.official_cn is empty; no official-CN evidence supplied, comparison not possible."", ""source_agent_id"": ""a9633240c7d12a697"", ""source_v2_batch"": 5, ""verdict"": ""N/A""}}"	legacy_unverified_ai_assisted	no_per_entry_official_or_wiki_pair	i18n/generated/input-provenance.tsv:306;legacy git-blame lineage; AI co-author batch; no per-entry human-review evidence;commit=a2fe8becd5d57b825b631fc0f058bf624d7d5e1f				false	false	[]	higher-authority-shadowed-read-only							higher-authority-shadowed	product-write-forbidden	圆环助战	official_cn_dump	i18n/reviewed-candidates.tsv	1640	true	true	false
95	6	LOW-MT-00401	i18n/frontend-strings.tsv#0e9711451300dea85ea2d40c/candidate_cn	i18n/frontend-strings.tsv	0e9711451300dea85ea2d40c	candidate_cn	current-low-tier-translation-review	review-and-stage-low-tier-only	キモチ戦	心情战	心情战		approved	All applicable roles approved: R1 semantics faithful (心情战 literal; no authority to override), R5 no term-conflict found; object-storage/R3/R4 N/A (no authority evidence supplied; no protected text).	"{""confirmed_human_provenance_protection"": ""N/A"", ""hiiraginemu_wiki_comparison"": ""N/A"", ""japanese_semantics_context"": ""approved"", ""names_honorifics_terms_placeholders_format"": ""approved"", ""official_cn_comparison"": ""N/A""}"	"{""confirmed_human_provenance_protection"": {""applicability"": ""N/A"", ""evidence"": ""No protected pair string occurs in original/old/current text (escapes decoded); protected_authority_text=false; provenance consistent; no item-level protected reference applies."", ""rationale"": ""None of the 148 protected pairs appear; provenance consistent; product_write_allowed=false."", ""source_agent_id"": ""a8e8a4316bbbd514c"", ""source_v2_batch"": 6, ""verdict"": ""N/A""}, ""hiiraginemu_wiki_comparison"": {""applicability"": ""N/A"", ""evidence"": ""no HiiragiNemu-wiki evidence supplied for this item"", ""rationale"": ""authority_references.wiki_cn is empty; no HiiragiNemu-wiki evidence supplied, comparison not possible."", ""source_agent_id"": ""a88e9b37c4471cc46"", ""source_v2_batch"": 6, ""verdict"": ""N/A""}, ""japanese_semantics_context"": {""applicability"": ""applicable"", ""evidence"": ""キモチ戦直译为「心情战」符合気持ち（感情）的字面义，虽为游戏活动专名（通行译法或为「心魔」），但无权威对照时字面译法不算错。"", ""rationale"": ""无权威对照时字面译法可接受，approved。"", ""source_agent_id"": ""a67f81094e7d6dcbd"", ""source_v2_batch"": 6, ""verdict"": ""approved""}, ""names_honorifics_terms_placeholders_format"": {""applicability"": ""applicable"", ""evidence"": ""无占位符、标点或敬称问题，キモチ戦译为心情战未发现明确的既定术语冲突。"", ""rationale"": ""无格式缺陷，approved。"", ""source_agent_id"": ""adf48f84a3a7cb4af"", ""source_v2_batch"": 6, ""verdict"": ""approved""}, ""official_cn_comparison"": {""applicability"": ""N/A"", ""evidence"": ""no official-CN evidence supplied for this item"", ""rationale"": ""authority_references.official_cn is empty; no official-CN evidence supplied, comparison not possible."", ""source_agent_id"": ""acf0615140d64fa9b"", ""source_v2_batch"": 6, ""verdict"": ""N/A""}}"	legacy_unverified_ai_assisted	no_per_entry_official_or_wiki_pair	i18n/generated/input-provenance.tsv:52;legacy git-blame lineage; AI co-author batch; no per-entry human-review evidence;commit=a2fe8becd5d57b825b631fc0f058bf624d7d5e1f				false	false	[]	higher-authority-shadowed-read-only							higher-authority-shadowed	product-write-forbidden	心魔战	official_cn_dump	i18n/reviewed-candidates.tsv	5	true	true	false
192	10	LOW-MT-00498	i18n/frontend-strings.tsv#1d5babfb25a51d751d1d8f57/candidate_cn	i18n/frontend-strings.tsv	1d5babfb25a51d751d1d8f57	candidate_cn	current-low-tier-translation-review	review-and-stage-low-tier-only	エクシード	极限	极限		approved	All applicable roles approved: R1 semantics faithful (极限 for エクシード; exceed loanword localized as feature name), R5 format clean; object-storage/R3/R4 N/A (no authority evidence supplied; no protected text).	"{""confirmed_human_provenance_protection"": ""N/A"", ""hiiraginemu_wiki_comparison"": ""N/A"", ""japanese_semantics_context"": ""approved"", ""names_honorifics_terms_placeholders_format"": ""approved"", ""official_cn_comparison"": ""N/A""}"	"{""confirmed_human_provenance_protection"": {""applicability"": ""N/A"", ""evidence"": ""No protected pair string occurs in original/old/current text (escapes decoded); protected_authority_text=false; provenance consistent; no item-level protected reference applies."", ""rationale"": ""None of the 148 protected pairs appear; provenance consistent; product_write_allowed=false."", ""source_agent_id"": ""a74ae085f70538f48"", ""source_v2_batch"": 10, ""verdict"": ""N/A""}, ""hiiraginemu_wiki_comparison"": {""applicability"": ""N/A"", ""evidence"": ""no HiiragiNemu-wiki evidence supplied for this item"", ""rationale"": ""authority_references.wiki_cn is empty; no HiiragiNemu-wiki evidence supplied, comparison not possible."", ""source_agent_id"": ""ab290d097abb0865d"", ""source_v2_batch"": 10, ""verdict"": ""N/A""}, ""japanese_semantics_context"": {""applicability"": ""applicable"", ""evidence"": ""JP「エクシード」→ CN「极限」:エクシード为英文exceed的片假名借词,作为游戏功能名(Exceed)意译为「极限」,属专名本地化惯用译法。"", ""rationale"": ""片假名借词游戏术语按功能名本地化处理,无明确语义错误。"", ""source_agent_id"": ""a3515c41abc9bcde5"", ""source_v2_batch"": 10, ""verdict"": ""approved""}, ""names_honorifics_terms_placeholders_format"": {""applicability"": ""applicable"", ""evidence"": ""original=エクシード; old_cn=极限"", ""rationale"": ""No placeholders, names, honorifics or punctuation issues. No format defect."", ""source_agent_id"": ""a361d8266bd6dbb60"", ""source_v2_batch"": 10, ""verdict"": ""approved""}, ""official_cn_comparison"": {""applicability"": ""N/A"", ""evidence"": ""no official-CN evidence supplied for this item"", ""rationale"": ""authority_references.official_cn is empty; no official-CN evidence supplied, comparison not possible."", ""source_agent_id"": ""a09e3c108d79ec28c"", ""source_v2_batch"": 10, ""verdict"": ""N/A""}}"	legacy_unverified_ai_assisted	no_per_entry_official_or_wiki_pair	i18n/generated/input-provenance.tsv:307;legacy git-blame lineage; AI co-author batch; no per-entry human-review evidence;commit=a2fe8becd5d57b825b631fc0f058bf624d7d5e1f				false	false	[]	higher-authority-shadowed-read-only							higher-authority-shadowed	product-write-forbidden	极限	wiki	i18n/glossary.tsv	242	true	true	false
210	11	LOW-MT-00516	i18n/frontend-strings.tsv#1ff8b7608dc8e4973b5648de/candidate_cn	i18n/frontend-strings.tsv	1ff8b7608dc8e4973b5648de	candidate_cn	current-low-tier-translation-review	review-and-stage-low-tier-only	ディフェンス	防御	防御		approved	All applicable roles approved: R1 semantics faithful (防御 for ディフェンス), R5 format clean; object-storage/R3/R4 N/A (no authority evidence supplied; no protected text).	"{""confirmed_human_provenance_protection"": ""N/A"", ""hiiraginemu_wiki_comparison"": ""N/A"", ""japanese_semantics_context"": ""approved"", ""names_honorifics_terms_placeholders_format"": ""approved"", ""official_cn_comparison"": ""N/A""}"	"{""confirmed_human_provenance_protection"": {""applicability"": ""N/A"", ""evidence"": ""No protected pair string occurs in original/old/current text (escapes decoded); protected_authority_text=false; provenance consistent; no item-level protected reference applies."", ""rationale"": ""ディフェンス/防御 matches no protected pair (protected 防御 strings are full skill-effect phrases like 防御力DOWN[Ⅳ], not substrings of 防御); provenance consistent; product_write_allowed=false."", ""source_agent_id"": ""a32ab16e2a0c6bdb4"", ""source_v2_batch"": 11, ""verdict"": ""N/A""}, ""hiiraginemu_wiki_comparison"": {""applicability"": ""N/A"", ""evidence"": ""no HiiragiNemu-wiki evidence supplied for this item"", ""rationale"": ""authority_references.wiki_cn is empty; no HiiragiNemu-wiki evidence supplied, comparison not possible."", ""source_agent_id"": ""acb9fc76291f7193b"", ""source_v2_batch"": 11, ""verdict"": ""N/A""}, ""japanese_semantics_context"": {""applicability"": ""applicable"", ""evidence"": ""JP「ディフェンス」→CN「防御」。"", ""rationale"": ""外来语ディフェンス=defense→防御，标准对应。"", ""source_agent_id"": ""a37e7faad73cca732"", ""source_v2_batch"": 11, ""verdict"": ""approved""}, ""names_honorifics_terms_placeholders_format"": {""applicability"": ""applicable"", ""evidence"": ""original=ディフェンス; old_cn=防御"", ""rationale"": ""No format-layer issues."", ""source_agent_id"": ""a58c079e621c0b776"", ""source_v2_batch"": 11, ""verdict"": ""approved""}, ""official_cn_comparison"": {""applicability"": ""N/A"", ""evidence"": ""no official-CN evidence supplied for this item"", ""rationale"": ""authority_references.official_cn is empty; no official-CN evidence supplied, comparison not possible."", ""source_agent_id"": ""a14280cc72b0bc048"", ""source_v2_batch"": 11, ""verdict"": ""N/A""}}"	legacy_unverified_ai_assisted	no_per_entry_official_or_wiki_pair	i18n/generated/input-provenance.tsv:302;legacy git-blame lineage; AI co-author batch; no per-entry human-review evidence;commit=a2fe8becd5d57b825b631fc0f058bf624d7d5e1f				false	false	[]	higher-authority-shadowed-read-only							higher-authority-shadowed	product-write-forbidden	防御	wiki	i18n/glossary.tsv	309	true	true	false
233	13	LOW-MT-00539	i18n/frontend-strings.tsv#23f6f5989c527eb20d046d4c/candidate_cn	i18n/frontend-strings.tsv	23f6f5989c527eb20d046d4c	candidate_cn	current-low-tier-translation-review	review-and-stage-low-tier-only	マギアチップ	魔法碎片	魔法碎片		approved	All applicable roles approved: R1 semantics faithful (マギアチップ→魔法碎片), R5 format clean; object-storage/R3/R4 N/A (no authority evidence supplied; no protected text).	"{""confirmed_human_provenance_protection"": ""N/A"", ""hiiraginemu_wiki_comparison"": ""N/A"", ""japanese_semantics_context"": ""approved"", ""names_honorifics_terms_placeholders_format"": ""approved"", ""official_cn_comparison"": ""N/A""}"	"{""confirmed_human_provenance_protection"": {""applicability"": ""N/A"", ""evidence"": ""No protected pair string occurs in original/old/current text (escapes decoded); protected_authority_text=false; provenance consistent; no item-level protected reference applies."", ""rationale"": ""マギアチップ/魔法碎片 matches no protected pair; provenance consistent; product_write_allowed=false."", ""source_agent_id"": ""ada4671ded9827163"", ""source_v2_batch"": 13, ""verdict"": ""N/A""}, ""hiiraginemu_wiki_comparison"": {""applicability"": ""N/A"", ""evidence"": ""no HiiragiNemu-wiki evidence supplied for this item"", ""rationale"": ""authority_references.wiki_cn is empty; no HiiragiNemu-wiki evidence supplied, comparison not possible."", ""source_agent_id"": ""a80665b1987b09988"", ""source_v2_batch"": 13, ""verdict"": ""N/A""}, ""japanese_semantics_context"": {""applicability"": ""applicable"", ""evidence"": ""JP 「マギアチップ」 → CN 「魔法碎片」"", ""rationale"": ""マギア(Magia)→魔法、チップ(chip)→碎片 is a plausible localization of an in-game currency/item name; the sense of a 'magic chip/coin' is conveyed without clear semantic distortion or omission on the visible text alone."", ""source_agent_id"": ""a3ee316513b14dba6"", ""source_v2_batch"": 13, ""verdict"": ""approved""}, ""names_honorifics_terms_placeholders_format"": {""applicability"": ""applicable"", ""evidence"": ""original=マギアチップ; old_cn=魔法碎片"", ""rationale"": ""No placeholders, names, honorifics, or punctuation issues. マギアチップ rendered as a CN item name; no established-term conflict flagged at format layer."", ""source_agent_id"": ""a4ce776668d513b72"", ""source_v2_batch"": 13, ""verdict"": ""approved""}, ""official_cn_comparison"": {""applicability"": ""N/A"", ""evidence"": ""no official-CN evidence supplied for this item"", ""rationale"": ""authority_references.official_cn is empty; no official-CN evidence supplied, comparison not possible."", ""source_agent_id"": ""a017d5e26de60b16f"", ""source_v2_batch"": 13, ""verdict"": ""N/A""}}"	legacy_unverified_ai_assisted	no_per_entry_official_or_wiki_pair	i18n/generated/input-provenance.tsv:414;legacy git-blame lineage; AI co-author batch; no per-entry human-review evidence;commit=e42bd14854a998a9ea65f5b2da4b659f01fb63c5				false	false	[]	higher-authority-shadowed-read-only							higher-authority-shadowed	product-write-forbidden	魔法碎片	wiki	i18n/glossary.tsv	379	true	true	false
240	13	LOW-MT-00546	i18n/frontend-strings.tsv#24d3c9a358e381a69e8d6ad0/candidate_cn	i18n/frontend-strings.tsv	24d3c9a358e381a69e8d6ad0	candidate_cn	current-low-tier-translation-review	review-and-stage-low-tier-only	AP回復薬50	AP回复药50	AP回复药50		approved	All applicable roles approved: R1 semantics faithful (AP回復薬50→AP回复药50), R5 format clean (AP loanword retained); object-storage/R3/R4 N/A (no authority evidence supplied; no protected text).	"{""confirmed_human_provenance_protection"": ""N/A"", ""hiiraginemu_wiki_comparison"": ""N/A"", ""japanese_semantics_context"": ""approved"", ""names_honorifics_terms_placeholders_format"": ""approved"", ""official_cn_comparison"": ""N/A""}"	"{""confirmed_human_provenance_protection"": {""applicability"": ""N/A"", ""evidence"": ""No protected pair string occurs in original/old/current text (escapes decoded); protected_authority_text=false; provenance consistent; no item-level protected reference applies."", ""rationale"": ""AP回復薬50/AP回复药50 matches no protected pair; provenance consistent; product_write_allowed=false."", ""source_agent_id"": ""ada4671ded9827163"", ""source_v2_batch"": 13, ""verdict"": ""N/A""}, ""hiiraginemu_wiki_comparison"": {""applicability"": ""N/A"", ""evidence"": ""no HiiragiNemu-wiki evidence supplied for this item"", ""rationale"": ""authority_references.wiki_cn is empty; no HiiragiNemu-wiki evidence supplied, comparison not possible."", ""source_agent_id"": ""a80665b1987b09988"", ""source_v2_batch"": 13, ""verdict"": ""N/A""}, ""japanese_semantics_context"": {""applicability"": ""applicable"", ""evidence"": ""JP 「AP回復薬50」 → CN 「AP回复药50」"", ""rationale"": ""Exact equivalent (AP recovery potion 50); no omission or distortion."", ""source_agent_id"": ""a3ee316513b14dba6"", ""source_v2_batch"": 13, ""verdict"": ""approved""}, ""names_honorifics_terms_placeholders_format"": {""applicability"": ""applicable"", ""evidence"": ""original=AP回復薬50; old_cn=AP回复药50"", ""rationale"": ""Loanword AP retained as-is (acceptable); no placeholders or punctuation issues."", ""source_agent_id"": ""a4ce776668d513b72"", ""source_v2_batch"": 13, ""verdict"": ""approved""}, ""official_cn_comparison"": {""applicability"": ""N/A"", ""evidence"": ""no official-CN evidence supplied for this item"", ""rationale"": ""authority_references.official_cn is empty; no official-CN evidence supplied, comparison not possible."", ""source_agent_id"": ""a017d5e26de60b16f"", ""source_v2_batch"": 13, ""verdict"": ""N/A""}}"	legacy_unverified_ai_assisted	no_per_entry_official_or_wiki_pair	i18n/generated/input-provenance.tsv:958;legacy git-blame lineage; AI co-author batch; no per-entry human-review evidence;commit=7805a53c5b384cd48573d0d267220b0e80fb93f3				false	false	[]	higher-authority-shadowed-read-only							higher-authority-shadowed	product-write-forbidden	AP回复药50	wiki	i18n/glossary.tsv	4	true	true	false
300	16	LOW-MT-00606	i18n/frontend-strings.tsv#2e57749ff8ebf4d1720a3b2a/candidate_cn	i18n/frontend-strings.tsv	2e57749ff8ebf4d1720a3b2a	candidate_cn	current-low-tier-translation-review	review-and-stage-low-tier-only	ヒール	治疗	治疗		approved	All applicable roles approved: R1 semantics faithful (ヒール→治疗), R5 format clean; object-storage/R3/R4 N/A (no authority evidence supplied; no protected text).	"{""confirmed_human_provenance_protection"": ""N/A"", ""hiiraginemu_wiki_comparison"": ""N/A"", ""japanese_semantics_context"": ""approved"", ""names_honorifics_terms_placeholders_format"": ""approved"", ""official_cn_comparison"": ""N/A""}"	"{""confirmed_human_provenance_protection"": {""applicability"": ""N/A"", ""evidence"": ""No confirmed-human or protected authority evidence supplied; confirmed_human_cn is empty and protected_authority_text=false."", ""rationale"": ""authority_references.confirmed_human_cn is empty and protected_authority_text=false; no confirmed-human/protected evidence supplied, verification not possible."", ""verdict"": ""N/A""}, ""hiiraginemu_wiki_comparison"": {""applicability"": ""N/A"", ""evidence"": ""no HiiragiNemu-wiki evidence supplied for this item"", ""rationale"": ""authority_references.wiki_cn is empty; no HiiragiNemu-wiki evidence supplied, comparison not possible."", ""verdict"": ""N/A""}, ""japanese_semantics_context"": {""applicability"": ""applicable"", ""evidence"": ""JP: ヒール; CN: 治疗"", ""rationale"": ""ヒール (heal/healing) is faithfully conveyed by 治疗 in game UI context. No semantic defect."", ""verdict"": ""approved""}, ""names_honorifics_terms_placeholders_format"": {""applicability"": ""applicable"", ""evidence"": ""JP \""ヒール\"" vs CN \""治疗\"""", ""rationale"": ""No format-sensitive elements; plain translation."", ""verdict"": ""approved""}, ""official_cn_comparison"": {""applicability"": ""N/A"", ""evidence"": ""no official-CN evidence supplied for this item"", ""rationale"": ""authority_references.official_cn is empty; no official-CN evidence supplied, comparison not possible."", ""verdict"": ""N/A""}}"	legacy_unverified_ai_assisted	no_per_entry_official_or_wiki_pair	i18n/generated/input-provenance.tsv:303;legacy git-blame lineage; AI co-author batch; no per-entry human-review evidence;commit=7805a53c5b384cd48573d0d267220b0e80fb93f3				false	false	[]	higher-authority-shadowed-read-only							higher-authority-shadowed	product-write-forbidden	治疗	wiki	i18n/glossary.tsv	346	true	true	false
375	20	LOW-MT-00681	i18n/frontend-strings.tsv#3a4587e0cea7323d5d95d154/candidate_cn	i18n/frontend-strings.tsv	3a4587e0cea7323d5d95d154	candidate_cn	current-low-tier-translation-review	review-and-stage-low-tier-only	ラストコネクト	最终连携	最终连携		approved	All applicable roles approved: R1 semantics faithful (ラストコネクト→最终连携, established term), R5 term check clean (连携 consistent standard CN rendering); object-storage/R3/R4 N/A (no authority evidence supplied; no protected text).	"{""confirmed_human_provenance_protection"": ""N/A"", ""hiiraginemu_wiki_comparison"": ""N/A"", ""japanese_semantics_context"": ""approved"", ""names_honorifics_terms_placeholders_format"": ""approved"", ""official_cn_comparison"": ""N/A""}"	"{""confirmed_human_provenance_protection"": {""applicability"": ""N/A"", ""evidence"": ""No confirmed-human or protected authority evidence supplied; confirmed_human_cn is empty and protected_authority_text=false."", ""rationale"": ""authority_references.confirmed_human_cn is empty and protected_authority_text=false; no confirmed-human/protected evidence supplied, verification not possible."", ""verdict"": ""N/A""}, ""hiiraginemu_wiki_comparison"": {""applicability"": ""N/A"", ""evidence"": ""no HiiragiNemu-wiki evidence supplied for this item"", ""rationale"": ""authority_references.wiki_cn is empty; no HiiragiNemu-wiki evidence supplied, comparison not possible."", ""verdict"": ""N/A""}, ""japanese_semantics_context"": {""applicability"": ""applicable"", ""evidence"": ""JP: ラストコネクト / CN: 最终连携"", ""rationale"": ""ラストコネクト为游戏固有名词(最终连携),连携系该词中文惯用译法,表意成立。"", ""verdict"": ""approved""}, ""names_honorifics_terms_placeholders_format"": {""applicability"": ""applicable"", ""evidence"": ""JP「ラストコネクト」 CN「最终连携」"", ""rationale"": ""コネクト consistently rendered as 连携 per standard CN usage; faithful translation."", ""verdict"": ""approved""}, ""official_cn_comparison"": {""applicability"": ""N/A"", ""evidence"": ""no official-CN evidence supplied for this item"", ""rationale"": ""authority_references.official_cn is empty; no official-CN evidence supplied, comparison not possible."", ""verdict"": ""N/A""}}"	legacy_unverified_ai_assisted	no_per_entry_official_or_wiki_pair	i18n/generated/input-provenance.tsv:314;legacy git-blame lineage; AI co-author batch; no per-entry human-review evidence;commit=a2fe8becd5d57b825b631fc0f058bf624d7d5e1f				false	false	[]	higher-authority-shadowed-read-only							higher-authority-shadowed	product-write-forbidden	最终连携	existing_human_reviewed	i18n/reviewed-candidates.tsv	1643	true	true	false
402	21	LOW-MT-00708	i18n/frontend-strings.tsv#3f135056009623feb4b65922/candidate_cn	i18n/frontend-strings.tsv	3f135056009623feb4b65922	candidate_cn	current-low-tier-translation-review	review-and-stage-low-tier-only	あるてぃめっと	究极	究极		approved	All applicable roles approved: R1 semantics faithful (あるてぃめっと=ultimate→究极), R5 format clean (no structural elements); object-storage/R3/R4 N/A (no authority evidence supplied; no protected text).	"{""confirmed_human_provenance_protection"": ""N/A"", ""hiiraginemu_wiki_comparison"": ""N/A"", ""japanese_semantics_context"": ""approved"", ""names_honorifics_terms_placeholders_format"": ""approved"", ""official_cn_comparison"": ""N/A""}"	"{""confirmed_human_provenance_protection"": {""applicability"": ""N/A"", ""evidence"": ""No confirmed-human or protected authority evidence supplied; confirmed_human_cn is empty and protected_authority_text=false."", ""rationale"": ""authority_references.confirmed_human_cn is empty and protected_authority_text=false; no confirmed-human/protected evidence supplied, verification not possible."", ""verdict"": ""N/A""}, ""hiiraginemu_wiki_comparison"": {""applicability"": ""N/A"", ""evidence"": ""no HiiragiNemu-wiki evidence supplied for this item"", ""rationale"": ""authority_references.wiki_cn is empty; no HiiragiNemu-wiki evidence supplied, comparison not possible."", ""verdict"": ""N/A""}, ""japanese_semantics_context"": {""applicability"": ""applicable"", ""evidence"": ""JP: あるてぃめっと / CN: 究极"", ""rationale"": ""片假名\""ultimate\""译为\""究极\""，语义一致。"", ""verdict"": ""approved""}, ""names_honorifics_terms_placeholders_format"": {""applicability"": ""applicable"", ""evidence"": ""JP「あるてぃめっと」 CN「究极」"", ""rationale"": ""Correct rendering of the katakana title (ultimate); no structural elements to preserve."", ""verdict"": ""approved""}, ""official_cn_comparison"": {""applicability"": ""N/A"", ""evidence"": ""no official-CN evidence supplied for this item"", ""rationale"": ""authority_references.official_cn is empty; no official-CN evidence supplied, comparison not possible."", ""verdict"": ""N/A""}}"	legacy_unverified_ai_assisted	no_per_entry_official_or_wiki_pair	i18n/generated/input-provenance.tsv:309;legacy git-blame lineage; AI co-author batch; no per-entry human-review evidence;commit=a2fe8becd5d57b825b631fc0f058bf624d7d5e1f				false	false	[]	higher-authority-shadowed-read-only							higher-authority-shadowed	product-write-forbidden	究极	wiki	i18n/glossary.tsv	179	true	true	false
456	24	LOW-MT-00762	i18n/frontend-strings.tsv#467a0d34900e36bb81d9c077/candidate_cn	i18n/frontend-strings.tsv	467a0d34900e36bb81d9c077	candidate_cn	current-low-tier-translation-review	review-and-stage-low-tier-only	ドッペル	魔女化身	魔女化身		approved	All applicable roles approved: R1 semantics faithful (ドッペル→魔女化身, established term), R5 term check clean (mandated CN localization exactly); object-storage/R3/R4 N/A (no authority evidence supplied; no protected text).	"{""confirmed_human_provenance_protection"": ""N/A"", ""hiiraginemu_wiki_comparison"": ""N/A"", ""japanese_semantics_context"": ""approved"", ""names_honorifics_terms_placeholders_format"": ""approved"", ""official_cn_comparison"": ""N/A""}"	"{""confirmed_human_provenance_protection"": {""applicability"": ""N/A"", ""evidence"": ""No confirmed-human or protected authority evidence supplied; confirmed_human_cn is empty and protected_authority_text=false."", ""rationale"": ""authority_references.confirmed_human_cn is empty and protected_authority_text=false; no confirmed-human/protected evidence supplied, verification not possible."", ""verdict"": ""N/A""}, ""hiiraginemu_wiki_comparison"": {""applicability"": ""N/A"", ""evidence"": ""no HiiragiNemu-wiki evidence supplied for this item"", ""rationale"": ""authority_references.wiki_cn is empty; no HiiragiNemu-wiki evidence supplied, comparison not possible."", ""verdict"": ""N/A""}, ""japanese_semantics_context"": {""applicability"": ""applicable"", ""evidence"": ""JP: ドッペル / CN: 魔女化身"", ""rationale"": ""ドッペル为既定术语\""魔女化身\"",完全一致。"", ""verdict"": ""approved""}, ""names_honorifics_terms_placeholders_format"": {""applicability"": ""applicable"", ""evidence"": ""JP「ドッペル」 CN「魔女化身」"", ""rationale"": ""ドッペル matches the mandated CN localization 魔女化身 exactly."", ""verdict"": ""approved""}, ""official_cn_comparison"": {""applicability"": ""N/A"", ""evidence"": ""no official-CN evidence supplied for this item"", ""rationale"": ""authority_references.official_cn is empty; no official-CN evidence supplied, comparison not possible."", ""verdict"": ""N/A""}}"	legacy_unverified_ai_assisted	no_per_entry_official_or_wiki_pair	i18n/generated/input-provenance.tsv:160;legacy git-blame lineage; AI co-author batch; no per-entry human-review evidence;commit=e42bd14854a998a9ea65f5b2da4b659f01fb63c5				false	false	[]	higher-authority-shadowed-read-only							higher-authority-shadowed	product-write-forbidden	魔女化身	wiki	i18n/glossary.tsv	326	true	true	false
670	34	LOW-MT-00976	i18n/frontend-strings.tsv#654eb68ae1b5c20edc57e462/candidate_cn	i18n/frontend-strings.tsv	654eb68ae1b5c20edc57e462	candidate_cn	current-low-tier-translation-review	review-and-stage-low-tier-only	悪魔	恶魔	恶魔		approved	R1语义与R5格式均判定通过，object-storage/R3/R4因无权威对照证据不适用；无修正意见，判定通过。	"{""confirmed_human_provenance_protection"": ""N/A"", ""hiiraginemu_wiki_comparison"": ""N/A"", ""japanese_semantics_context"": ""approved"", ""names_honorifics_terms_placeholders_format"": ""approved"", ""official_cn_comparison"": ""N/A""}"	"{""confirmed_human_provenance_protection"": {""applicability"": ""N/A"", ""evidence"": ""No confirmed-human or protected authority evidence supplied; confirmed_human_cn is empty and protected_authority_text=false."", ""rationale"": ""authority_references.confirmed_human_cn is empty and protected_authority_text=false; no confirmed-human/protected evidence supplied, verification not possible."", ""verdict"": ""N/A""}, ""hiiraginemu_wiki_comparison"": {""applicability"": ""N/A"", ""evidence"": ""no HiiragiNemu-wiki evidence supplied for this item"", ""rationale"": ""authority_references.wiki_cn is empty; no HiiragiNemu-wiki evidence supplied, comparison not possible."", ""verdict"": ""N/A""}, ""japanese_semantics_context"": {""applicability"": ""applicable"", ""evidence"": ""JP「悪魔」 CN「恶魔」"", ""rationale"": ""悪魔按既有术语译为恶魔,一致。"", ""verdict"": ""approved""}, ""names_honorifics_terms_placeholders_format"": {""applicability"": ""applicable"", ""evidence"": ""JP: 悪魔 CN: 恶魔"", ""rationale"": ""悪魔=恶魔 matches the glossary; no tags, placeholders, or Latin tokens."", ""verdict"": ""approved""}, ""official_cn_comparison"": {""applicability"": ""N/A"", ""evidence"": ""no official-CN evidence supplied for this item"", ""rationale"": ""authority_references.official_cn is empty; no official-CN evidence supplied, comparison not possible."", ""verdict"": ""N/A""}}"	legacy_unverified_ai_assisted	no_per_entry_official_or_wiki_pair	i18n/generated/input-provenance.tsv:313;legacy git-blame lineage; AI co-author batch; no per-entry human-review evidence;commit=7805a53c5b384cd48573d0d267220b0e80fb93f3				false	false	[]	higher-authority-shadowed-read-only							higher-authority-shadowed	product-write-forbidden	恶魔	wiki	i18n/glossary.tsv	606	true	true	false
687	35	LOW-MT-00993	i18n/frontend-strings.tsv#68f1a982b1cbc8d4945aa71a/candidate_cn	i18n/frontend-strings.tsv	68f1a982b1cbc8d4945aa71a	candidate_cn	current-low-tier-translation-review	review-and-stage-low-tier-only	カースチップ	诅咒晶片（CC）	诅咒晶片（CC）		approved	R1语义与R5格式均判定通过，object-storage/R3/R4因无权威对照证据不适用；无修正意见，判定通过。	"{""confirmed_human_provenance_protection"": ""N/A"", ""hiiraginemu_wiki_comparison"": ""N/A"", ""japanese_semantics_context"": ""approved"", ""names_honorifics_terms_placeholders_format"": ""approved"", ""official_cn_comparison"": ""N/A""}"	"{""confirmed_human_provenance_protection"": {""applicability"": ""N/A"", ""evidence"": ""No confirmed-human or protected authority evidence supplied; confirmed_human_cn is empty and protected_authority_text=false."", ""rationale"": ""authority_references.confirmed_human_cn is empty and protected_authority_text=false; no confirmed-human/protected evidence supplied, verification not possible."", ""verdict"": ""N/A""}, ""hiiraginemu_wiki_comparison"": {""applicability"": ""N/A"", ""evidence"": ""no HiiragiNemu-wiki evidence supplied for this item"", ""rationale"": ""authority_references.wiki_cn is empty; no HiiragiNemu-wiki evidence supplied, comparison not possible."", ""verdict"": ""N/A""}, ""japanese_semantics_context"": {""applicability"": ""applicable"", ""evidence"": ""JP「カースチップ」↔CN「诅咒晶片（CC）」"", ""rationale"": ""カースチップ译「诅咒晶片」符合既定术语，括号内CC为该道具惯用简称标注，不构成关键信息增改。"", ""verdict"": ""approved""}, ""names_honorifics_terms_placeholders_format"": {""applicability"": ""applicable"", ""evidence"": ""JP「カースチップ」→CN「诅咒晶片（CC）」"", ""rationale"": ""カースチップ→诅咒晶片 is established; appended （CC） keeps the Latin token and uses acceptable full-width parens, so format fidelity holds."", ""verdict"": ""approved""}, ""official_cn_comparison"": {""applicability"": ""N/A"", ""evidence"": ""no official-CN evidence supplied for this item"", ""rationale"": ""authority_references.official_cn is empty; no official-CN evidence supplied, comparison not possible."", ""verdict"": ""N/A""}}"	legacy_unverified_ai_assisted	no_per_entry_official_or_wiki_pair	i18n/generated/input-provenance.tsv:330;legacy git-blame lineage; AI co-author batch; no per-entry human-review evidence;commit=e42bd14854a998a9ea65f5b2da4b659f01fb63c5				false	false	[]	higher-authority-shadowed-read-only							higher-authority-shadowed	product-write-forbidden	诅咒晶片（CC）	wiki	i18n/glossary.tsv	251	true	true	false
688	35	LOW-MT-00994	i18n/frontend-strings.tsv#68fad22f6d3d30d297178cf6/candidate_cn	i18n/frontend-strings.tsv	68fad22f6d3d30d297178cf6	candidate_cn	current-low-tier-translation-review	review-and-stage-low-tier-only	あくま	恶魔	恶魔		approved	R1语义与R5格式均判定通过，object-storage/R3/R4因无权威对照证据不适用；无修正意见，判定通过。	"{""confirmed_human_provenance_protection"": ""N/A"", ""hiiraginemu_wiki_comparison"": ""N/A"", ""japanese_semantics_context"": ""approved"", ""names_honorifics_terms_placeholders_format"": ""approved"", ""official_cn_comparison"": ""N/A""}"	"{""confirmed_human_provenance_protection"": {""applicability"": ""N/A"", ""evidence"": ""No confirmed-human or protected authority evidence supplied; confirmed_human_cn is empty and protected_authority_text=false."", ""rationale"": ""authority_references.confirmed_human_cn is empty and protected_authority_text=false; no confirmed-human/protected evidence supplied, verification not possible."", ""verdict"": ""N/A""}, ""hiiraginemu_wiki_comparison"": {""applicability"": ""N/A"", ""evidence"": ""no HiiragiNemu-wiki evidence supplied for this item"", ""rationale"": ""authority_references.wiki_cn is empty; no HiiragiNemu-wiki evidence supplied, comparison not possible."", ""verdict"": ""N/A""}, ""japanese_semantics_context"": {""applicability"": ""applicable"", ""evidence"": ""JP「あくま」↔CN「恶魔」"", ""rationale"": ""あくま（悪魔）译「恶魔」准确对应，语义一致。"", ""verdict"": ""approved""}, ""names_honorifics_terms_placeholders_format"": {""applicability"": ""applicable"", ""evidence"": ""JP「あくま」→CN「恶魔」"", ""rationale"": ""No tags, tokens, or punctuation; plain text pair with nothing to break."", ""verdict"": ""approved""}, ""official_cn_comparison"": {""applicability"": ""N/A"", ""evidence"": ""no official-CN evidence supplied for this item"", ""rationale"": ""authority_references.official_cn is empty; no official-CN evidence supplied, comparison not possible."", ""verdict"": ""N/A""}}"	legacy_unverified_ai_assisted	no_per_entry_official_or_wiki_pair	i18n/generated/input-provenance.tsv:308;legacy git-blame lineage; AI co-author batch; no per-entry human-review evidence;commit=7805a53c5b384cd48573d0d267220b0e80fb93f3				false	false	[]	higher-authority-shadowed-read-only							higher-authority-shadowed	product-write-forbidden	恶魔	wiki	i18n/glossary.tsv	174	true	true	false
763	39	LOW-MT-01069	i18n/frontend-strings.tsv#73e61682ef38bae6a3d2e60f/candidate_cn	i18n/frontend-strings.tsv	73e61682ef38bae6a3d2e60f	candidate_cn	current-low-tier-translation-review	review-and-stage-low-tier-only	バランス	均衡	均衡		approved	R1语义与R5格式均判定通过，object-storage/R3/R4因无权威对照证据不适用；无修正意见，判定通过。	"{""confirmed_human_provenance_protection"": ""N/A"", ""hiiraginemu_wiki_comparison"": ""N/A"", ""japanese_semantics_context"": ""approved"", ""names_honorifics_terms_placeholders_format"": ""approved"", ""official_cn_comparison"": ""N/A""}"	"{""confirmed_human_provenance_protection"": {""applicability"": ""N/A"", ""evidence"": ""No confirmed-human or protected authority evidence supplied; confirmed_human_cn is empty and protected_authority_text=false."", ""rationale"": ""authority_references.confirmed_human_cn is empty and protected_authority_text=false; no confirmed-human/protected evidence supplied, verification not possible."", ""verdict"": ""N/A""}, ""hiiraginemu_wiki_comparison"": {""applicability"": ""N/A"", ""evidence"": ""no HiiragiNemu-wiki evidence supplied for this item"", ""rationale"": ""authority_references.wiki_cn is empty; no HiiragiNemu-wiki evidence supplied, comparison not possible."", ""verdict"": ""N/A""}, ""japanese_semantics_context"": {""applicability"": ""applicable"", ""evidence"": ""JP「バランス」 vs CN「均衡」"", ""rationale"": ""バランス=均衡，术语一致。"", ""verdict"": ""approved""}, ""names_honorifics_terms_placeholders_format"": {""applicability"": ""applicable"", ""evidence"": ""JP:「バランス」 CN:「均衡」"", ""rationale"": ""Plain text with no format tokens; バランス=均衡 matches established term list."", ""verdict"": ""approved""}, ""official_cn_comparison"": {""applicability"": ""N/A"", ""evidence"": ""no official-CN evidence supplied for this item"", ""rationale"": ""authority_references.official_cn is empty; no official-CN evidence supplied, comparison not possible."", ""verdict"": ""N/A""}}"	legacy_unverified_ai_assisted	no_per_entry_official_or_wiki_pair	i18n/generated/input-provenance.tsv:300;legacy git-blame lineage; AI co-author batch; no per-entry human-review evidence;commit=a2fe8becd5d57b825b631fc0f058bf624d7d5e1f				false	false	[]	higher-authority-shadowed-read-only							higher-authority-shadowed	product-write-forbidden	均衡	wiki	i18n/glossary.tsv	335	true	true	false
764	39	LOW-MT-01070	i18n/frontend-strings.tsv#7432b8db1c6ed86281f538f6/candidate_cn	i18n/frontend-strings.tsv	7432b8db1c6ed86281f538f6	candidate_cn	current-low-tier-translation-review	review-and-stage-low-tier-only	円環マギア	圆环Magia	圆环Magia		approved	R1语义与R5格式均判定通过，object-storage/R3/R4因无权威对照证据不适用；无修正意见，判定通过。	"{""confirmed_human_provenance_protection"": ""N/A"", ""hiiraginemu_wiki_comparison"": ""N/A"", ""japanese_semantics_context"": ""approved"", ""names_honorifics_terms_placeholders_format"": ""approved"", ""official_cn_comparison"": ""N/A""}"	"{""confirmed_human_provenance_protection"": {""applicability"": ""N/A"", ""evidence"": ""No confirmed-human or protected authority evidence supplied; confirmed_human_cn is empty and protected_authority_text=false."", ""rationale"": ""authority_references.confirmed_human_cn is empty and protected_authority_text=false; no confirmed-human/protected evidence supplied, verification not possible."", ""verdict"": ""N/A""}, ""hiiraginemu_wiki_comparison"": {""applicability"": ""N/A"", ""evidence"": ""no HiiragiNemu-wiki evidence supplied for this item"", ""rationale"": ""authority_references.wiki_cn is empty; no HiiragiNemu-wiki evidence supplied, comparison not possible."", ""verdict"": ""N/A""}, ""japanese_semantics_context"": {""applicability"": ""applicable"", ""evidence"": ""JP「円環マギア」 vs CN「圆环Magia」"", ""rationale"": ""円環=圆环、マギア=Magia，术语一致。"", ""verdict"": ""approved""}, ""names_honorifics_terms_placeholders_format"": {""applicability"": ""applicable"", ""evidence"": ""JP:「円環マギア」 CN:「圆环Magia」"", ""rationale"": ""Plain text; 円環=圆环 matches established terms and マギア correctly rendered as Latin token Magia; no punctuation or tag tokens affected."", ""verdict"": ""approved""}, ""official_cn_comparison"": {""applicability"": ""N/A"", ""evidence"": ""no official-CN evidence supplied for this item"", ""rationale"": ""authority_references.official_cn is empty; no official-CN evidence supplied, comparison not possible."", ""verdict"": ""N/A""}}"	legacy_unverified_ai_assisted	no_per_entry_official_or_wiki_pair	i18n/generated/input-provenance.tsv:305;legacy git-blame lineage; AI co-author batch; no per-entry human-review evidence;commit=a2fe8becd5d57b825b631fc0f058bf624d7d5e1f				false	false	[]	higher-authority-shadowed-read-only							higher-authority-shadowed	product-write-forbidden	圆环Magia	wiki	i18n/glossary.tsv	470	true	true	false
828	42	LOW-MT-01134	i18n/frontend-strings.tsv#7e3f73f9885dec99a4c4cf95/candidate_cn	i18n/frontend-strings.tsv	7e3f73f9885dec99a4c4cf95	candidate_cn	current-low-tier-translation-review	review-and-stage-low-tier-only	HP回復	HP 回复	HP 回复		approved	R1语义与R5格式均判定通过，object-storage/R3/R4因无权威对照证据不适用；无修正意见，判定通过。	"{""confirmed_human_provenance_protection"": ""N/A"", ""hiiraginemu_wiki_comparison"": ""N/A"", ""japanese_semantics_context"": ""approved"", ""names_honorifics_terms_placeholders_format"": ""approved"", ""official_cn_comparison"": ""N/A""}"	"{""confirmed_human_provenance_protection"": {""applicability"": ""N/A"", ""evidence"": ""No confirmed-human or protected authority evidence supplied; confirmed_human_cn is empty and protected_authority_text=false."", ""rationale"": ""authority_references.confirmed_human_cn is empty and protected_authority_text=false; no confirmed-human/protected evidence supplied, verification not possible."", ""verdict"": ""N/A""}, ""hiiraginemu_wiki_comparison"": {""applicability"": ""N/A"", ""evidence"": ""no HiiragiNemu-wiki evidence supplied for this item"", ""rationale"": ""authority_references.wiki_cn is empty; no HiiragiNemu-wiki evidence supplied, comparison not possible."", ""verdict"": ""N/A""}, ""japanese_semantics_context"": {""applicability"": ""applicable"", ""evidence"": ""JP「HP回復」 vs CN「HP 回复」"", ""rationale"": ""含义一致，拉丁词保留符合惯例。"", ""verdict"": ""approved""}, ""names_honorifics_terms_placeholders_format"": {""applicability"": ""applicable"", ""evidence"": ""JP:「HP回復」 CN:「HP 回复」"", ""rationale"": ""HP preserved; inserted space is the approved trivial space-variant precedent."", ""verdict"": ""approved""}, ""official_cn_comparison"": {""applicability"": ""N/A"", ""evidence"": ""no official-CN evidence supplied for this item"", ""rationale"": ""authority_references.official_cn is empty; no official-CN evidence supplied, comparison not possible."", ""verdict"": ""N/A""}}"	legacy_unverified_ai_assisted	no_per_entry_official_or_wiki_pair	i18n/generated/input-provenance.tsv:109;legacy git-blame lineage; AI co-author batch; no per-entry human-review evidence;commit=792846e76f98796f7660c2a9e468d5e1f6e4ed5b				false	false	[]	higher-authority-shadowed-read-only							higher-authority-shadowed	product-write-forbidden	回复HP	wiki	i18n/glossary.tsv	41	true	true	false
1075	55	LOW-MT-01381	i18n/frontend-strings.tsv#a476dbc9db3befc9d2a3956c/candidate_cn	i18n/frontend-strings.tsv	a476dbc9db3befc9d2a3956c	candidate_cn	current-low-tier-translation-review	review-and-stage-low-tier-only	BP回復薬	BP回复药	BP回复药		approved	R1语义与R5格式均判定通过，object-storage/R3/R4因无权威对照证据不适用；无修正意见，判定通过。	"{""confirmed_human_provenance_protection"": ""N/A"", ""hiiraginemu_wiki_comparison"": ""N/A"", ""japanese_semantics_context"": ""approved"", ""names_honorifics_terms_placeholders_format"": ""approved"", ""official_cn_comparison"": ""N/A""}"	"{""confirmed_human_provenance_protection"": {""applicability"": ""N/A"", ""evidence"": ""No confirmed-human or protected authority evidence supplied; confirmed_human_cn is empty and protected_authority_text=false."", ""rationale"": ""authority_references.confirmed_human_cn is empty and protected_authority_text=false; no confirmed-human/protected evidence supplied, verification not possible."", ""verdict"": ""N/A""}, ""hiiraginemu_wiki_comparison"": {""applicability"": ""N/A"", ""evidence"": ""no HiiragiNemu-wiki evidence supplied for this item"", ""rationale"": ""authority_references.wiki_cn is empty; no HiiragiNemu-wiki evidence supplied, comparison not possible."", ""verdict"": ""N/A""}, ""japanese_semantics_context"": {""applicability"": ""applicable"", ""evidence"": ""JP「BP回復薬」vsCN「BP回复药」"", ""rationale"": ""「回復薬」对应「回复药」，词序调整，语义一致。"", ""verdict"": ""approved""}, ""names_honorifics_terms_placeholders_format"": {""applicability"": ""applicable"", ""evidence"": ""JP:「BP回復薬」 CN:「BP回复药」"", ""rationale"": ""Latin token BP preserved."", ""verdict"": ""approved""}, ""official_cn_comparison"": {""applicability"": ""N/A"", ""evidence"": ""no official-CN evidence supplied for this item"", ""rationale"": ""authority_references.official_cn is empty; no official-CN evidence supplied, comparison not possible."", ""verdict"": ""N/A""}}"	legacy_unverified_ai_assisted	no_per_entry_official_or_wiki_pair	i18n/generated/input-provenance.tsv:239;legacy git-blame lineage; AI co-author batch; no per-entry human-review evidence;commit=7805a53c5b384cd48573d0d267220b0e80fb93f3				false	false	[]	higher-authority-shadowed-read-only							higher-authority-shadowed	product-write-forbidden	BP回复药	wiki	i18n/glossary.tsv	7	true	true	false
1125	57	LOW-MT-01431	i18n/frontend-strings.tsv#ac5f3d8eecfbfc276d145706/candidate_cn	i18n/frontend-strings.tsv	ac5f3d8eecfbfc276d145706	candidate_cn	current-low-tier-translation-review	review-and-stage-low-tier-only	CP回復薬	CP回复药	CP回复药		approved	R1语义与R5格式均判定通过，object-storage/R3/R4因无权威对照证据不适用；无修正意见，判定通过。	"{""confirmed_human_provenance_protection"": ""N/A"", ""hiiraginemu_wiki_comparison"": ""N/A"", ""japanese_semantics_context"": ""approved"", ""names_honorifics_terms_placeholders_format"": ""approved"", ""official_cn_comparison"": ""N/A""}"	"{""confirmed_human_provenance_protection"": {""applicability"": ""N/A"", ""evidence"": ""No confirmed-human or protected authority evidence supplied; confirmed_human_cn is empty and protected_authority_text=false."", ""rationale"": ""authority_references.confirmed_human_cn is empty and protected_authority_text=false; no confirmed-human/protected evidence supplied, verification not possible."", ""verdict"": ""N/A""}, ""hiiraginemu_wiki_comparison"": {""applicability"": ""N/A"", ""evidence"": ""no HiiragiNemu-wiki evidence supplied for this item"", ""rationale"": ""authority_references.wiki_cn is empty; no HiiragiNemu-wiki evidence supplied, comparison not possible."", ""verdict"": ""N/A""}, ""japanese_semantics_context"": {""applicability"": ""applicable"", ""evidence"": ""JP「CP回復薬」vsCN「CP回复药」"", ""rationale"": ""回復薬=回复药,一致。"", ""verdict"": ""approved""}, ""names_honorifics_terms_placeholders_format"": {""applicability"": ""applicable"", ""evidence"": ""JP:「CP回復薬」 CN:「CP回复药」"", ""rationale"": ""Latin token CP preserved."", ""verdict"": ""approved""}, ""official_cn_comparison"": {""applicability"": ""N/A"", ""evidence"": ""no official-CN evidence supplied for this item"", ""rationale"": ""authority_references.official_cn is empty; no official-CN evidence supplied, comparison not possible."", ""verdict"": ""N/A""}}"	legacy_unverified_ai_assisted	no_per_entry_official_or_wiki_pair	i18n/generated/input-provenance.tsv:221;legacy git-blame lineage; AI co-author batch; no per-entry human-review evidence;commit=7805a53c5b384cd48573d0d267220b0e80fb93f3				false	false	[]	higher-authority-shadowed-read-only							higher-authority-shadowed	product-write-forbidden	CP回复药	wiki	i18n/glossary.tsv	20	true	true	false
1144	58	LOW-MT-01450	i18n/frontend-strings.tsv#af905e4b8bf636d88516f71f/candidate_cn	i18n/frontend-strings.tsv	af905e4b8bf636d88516f71f	candidate_cn	current-low-tier-translation-review	review-and-stage-low-tier-only	サポート	支援	支援		approved	R1语义与R5格式均判定通过，object-storage/R3/R4因无权威对照证据不适用；无修正意见，判定通过。	"{""confirmed_human_provenance_protection"": ""N/A"", ""hiiraginemu_wiki_comparison"": ""N/A"", ""japanese_semantics_context"": ""approved"", ""names_honorifics_terms_placeholders_format"": ""approved"", ""official_cn_comparison"": ""N/A""}"	"{""confirmed_human_provenance_protection"": {""applicability"": ""N/A"", ""evidence"": ""No confirmed-human or protected authority evidence supplied; confirmed_human_cn is empty and protected_authority_text=false."", ""rationale"": ""authority_references.confirmed_human_cn is empty and protected_authority_text=false; no confirmed-human/protected evidence supplied, verification not possible."", ""verdict"": ""N/A""}, ""hiiraginemu_wiki_comparison"": {""applicability"": ""N/A"", ""evidence"": ""no HiiragiNemu-wiki evidence supplied for this item"", ""rationale"": ""authority_references.wiki_cn is empty; no HiiragiNemu-wiki evidence supplied, comparison not possible."", ""verdict"": ""N/A""}, ""japanese_semantics_context"": {""applicability"": ""applicable"", ""evidence"": ""JP「サポート」vsCN「支援」"", ""rationale"": ""语义一致。"", ""verdict"": ""approved""}, ""names_honorifics_terms_placeholders_format"": {""applicability"": ""applicable"", ""evidence"": ""JP:「サポート」 CN:「支援」"", ""rationale"": ""No markup or tokens; plain term translation."", ""verdict"": ""approved""}, ""official_cn_comparison"": {""applicability"": ""N/A"", ""evidence"": ""no official-CN evidence supplied for this item"", ""rationale"": ""authority_references.official_cn is empty; no official-CN evidence supplied, comparison not possible."", ""verdict"": ""N/A""}}"	legacy_unverified_ai_assisted	no_per_entry_official_or_wiki_pair	i18n/generated/input-provenance.tsv:82;legacy git-blame lineage; AI co-author batch; no per-entry human-review evidence;commit=6ac6c6b1c20e89ec29482de9205635c96f325398				false	false	[]	higher-authority-shadowed-read-only							higher-authority-shadowed	product-write-forbidden	辅助	wiki	i18n/glossary.tsv	274	true	true	false
1227	62	LOW-MT-01533	i18n/frontend-strings.tsv#bba99a61f25308a4d4c4d899/candidate_cn	i18n/frontend-strings.tsv	bba99a61f25308a4d4c4d899	candidate_cn	current-low-tier-translation-review	review-and-stage-low-tier-only	サポートPt	支援Pt	支援Pt		approved	R1语义与R5格式均判定通过，object-storage/R3/R4因无权威对照证据不适用；无修正意见，判定通过。	"{""confirmed_human_provenance_protection"": ""N/A"", ""hiiraginemu_wiki_comparison"": ""N/A"", ""japanese_semantics_context"": ""approved"", ""names_honorifics_terms_placeholders_format"": ""approved"", ""official_cn_comparison"": ""N/A""}"	"{""confirmed_human_provenance_protection"": {""applicability"": ""N/A"", ""evidence"": ""No confirmed-human or protected authority evidence supplied; confirmed_human_cn is empty and protected_authority_text=false."", ""rationale"": ""authority_references.confirmed_human_cn is empty and protected_authority_text=false; no confirmed-human/protected evidence supplied, verification not possible."", ""verdict"": ""N/A""}, ""hiiraginemu_wiki_comparison"": {""applicability"": ""N/A"", ""evidence"": ""no HiiragiNemu-wiki evidence supplied for this item"", ""rationale"": ""authority_references.wiki_cn is empty; no HiiragiNemu-wiki evidence supplied, comparison not possible."", ""verdict"": ""N/A""}, ""japanese_semantics_context"": {""applicability"": ""applicable"", ""evidence"": ""JP「サポートPt」vsCN「支援Pt」"", ""rationale"": ""「サポート=支援」符合既定译名(支援),「Pt」为拉丁标识原样保留,符合规则。"", ""verdict"": ""approved""}, ""names_honorifics_terms_placeholders_format"": {""applicability"": ""applicable"", ""evidence"": ""JP:「サポートPt」 CN:「支援Pt」"", ""rationale"": ""サポート=支援 matches canon; Latin token Pt preserved unchanged."", ""verdict"": ""approved""}, ""official_cn_comparison"": {""applicability"": ""N/A"", ""evidence"": ""no official-CN evidence supplied for this item"", ""rationale"": ""authority_references.official_cn is empty; no official-CN evidence supplied, comparison not possible."", ""verdict"": ""N/A""}}"	legacy_unverified_ai_assisted	no_per_entry_official_or_wiki_pair	i18n/generated/input-provenance.tsv:39;legacy git-blame lineage; AI co-author batch; no per-entry human-review evidence;commit=e42bd14854a998a9ea65f5b2da4b659f01fb63c5				false	false	[]	higher-authority-shadowed-read-only							higher-authority-shadowed	product-write-forbidden	支援Pt	wiki	i18n/glossary.tsv	275	true	true	false
1282	65	LOW-MT-01588	i18n/frontend-strings.tsv#c565300beb5982efb77ddbc6/candidate_cn	i18n/frontend-strings.tsv	c565300beb5982efb77ddbc6	candidate_cn	current-low-tier-translation-review	review-and-stage-low-tier-only	むげんだい	无限大	无限大		approved	R1语义与R5格式均判定通过，object-storage/R3/R4因无权威对照证据不适用；无修正意见，判定通过。	"{""confirmed_human_provenance_protection"": ""N/A"", ""hiiraginemu_wiki_comparison"": ""N/A"", ""japanese_semantics_context"": ""approved"", ""names_honorifics_terms_placeholders_format"": ""approved"", ""official_cn_comparison"": ""N/A""}"	"{""confirmed_human_provenance_protection"": {""applicability"": ""N/A"", ""evidence"": ""No confirmed-human or protected authority evidence supplied; confirmed_human_cn is empty and protected_authority_text=false."", ""rationale"": ""authority_references.confirmed_human_cn is empty and protected_authority_text=false; no confirmed-human/protected evidence supplied, verification not possible."", ""verdict"": ""N/A""}, ""hiiraginemu_wiki_comparison"": {""applicability"": ""N/A"", ""evidence"": ""no HiiragiNemu-wiki evidence supplied for this item"", ""rationale"": ""authority_references.wiki_cn is empty; no HiiragiNemu-wiki evidence supplied, comparison not possible."", ""verdict"": ""N/A""}, ""japanese_semantics_context"": {""applicability"": ""applicable"", ""evidence"": ""JP「むげんだい」vsCN「无限大」"", ""rationale"": ""むげんだい 是 無限大 的假名读音，译为 无限大 含义一致。"", ""verdict"": ""approved""}, ""names_honorifics_terms_placeholders_format"": {""applicability"": ""applicable"", ""evidence"": ""JP:「むげんだい」 CN:「无限大」"", ""rationale"": ""The kana-only reading is correctly rendered as the kanji form 无限大 with no placeholder or term issues."", ""verdict"": ""approved""}, ""official_cn_comparison"": {""applicability"": ""N/A"", ""evidence"": ""no official-CN evidence supplied for this item"", ""rationale"": ""authority_references.official_cn is empty; no official-CN evidence supplied, comparison not possible."", ""verdict"": ""N/A""}}"	legacy_unverified_ai_assisted	no_per_entry_official_or_wiki_pair	i18n/generated/input-provenance.tsv:311;legacy git-blame lineage; AI co-author batch; no per-entry human-review evidence;commit=a2fe8becd5d57b825b631fc0f058bf624d7d5e1f				false	false	[]	higher-authority-shadowed-read-only							higher-authority-shadowed	product-write-forbidden	无限大	wiki	i18n/glossary.tsv	215	true	true	false
1290	65	LOW-MT-01596	i18n/frontend-strings.tsv#c692e923d658fed8952beea0/candidate_cn	i18n/frontend-strings.tsv	c692e923d658fed8952beea0	candidate_cn	current-low-tier-translation-review	review-and-stage-low-tier-only	アタック	攻击	攻击		approved	R1语义与R5格式均判定通过，object-storage/R3/R4因无权威对照证据不适用；无修正意见，判定通过。	"{""confirmed_human_provenance_protection"": ""N/A"", ""hiiraginemu_wiki_comparison"": ""N/A"", ""japanese_semantics_context"": ""approved"", ""names_honorifics_terms_placeholders_format"": ""approved"", ""official_cn_comparison"": ""N/A""}"	"{""confirmed_human_provenance_protection"": {""applicability"": ""N/A"", ""evidence"": ""No confirmed-human or protected authority evidence supplied; confirmed_human_cn is empty and protected_authority_text=false."", ""rationale"": ""authority_references.confirmed_human_cn is empty and protected_authority_text=false; no confirmed-human/protected evidence supplied, verification not possible."", ""verdict"": ""N/A""}, ""hiiraginemu_wiki_comparison"": {""applicability"": ""N/A"", ""evidence"": ""no HiiragiNemu-wiki evidence supplied for this item"", ""rationale"": ""authority_references.wiki_cn is empty; no HiiragiNemu-wiki evidence supplied, comparison not possible."", ""verdict"": ""N/A""}, ""japanese_semantics_context"": {""applicability"": ""applicable"", ""evidence"": ""JP「アタック」vsCN「攻击」"", ""rationale"": ""アタック 对应 攻击，为项目规范术语。"", ""verdict"": ""approved""}, ""names_honorifics_terms_placeholders_format"": {""applicability"": ""applicable"", ""evidence"": ""JP:「アタック」 CN:「攻击」"", ""rationale"": ""アタック is correctly rendered with the canon term 攻击."", ""verdict"": ""approved""}, ""official_cn_comparison"": {""applicability"": ""N/A"", ""evidence"": ""no official-CN evidence supplied for this item"", ""rationale"": ""authority_references.official_cn is empty; no official-CN evidence supplied, comparison not possible."", ""verdict"": ""N/A""}}"	legacy_unverified_ai_assisted	no_per_entry_official_or_wiki_pair	i18n/generated/input-provenance.tsv:301;legacy git-blame lineage; AI co-author batch; no per-entry human-review evidence;commit=a2fe8becd5d57b825b631fc0f058bf624d7d5e1f				false	false	[]	higher-authority-shadowed-read-only							higher-authority-shadowed	product-write-forbidden	攻击	wiki	i18n/glossary.tsv	233	true	true	false
1333	68	LOW-MT-01639	i18n/frontend-strings.tsv#cda5444f71d2d2df2cbd0812/candidate_cn	i18n/frontend-strings.tsv	cda5444f71d2d2df2cbd0812	candidate_cn	current-low-tier-translation-review	review-and-stage-low-tier-only	マギア	Magia	Magia		approved	R1语义与R5格式均判定通过，object-storage/R3/R4因无权威对照证据不适用；无修正意见，判定通过。	"{""confirmed_human_provenance_protection"": ""N/A"", ""hiiraginemu_wiki_comparison"": ""N/A"", ""japanese_semantics_context"": ""approved"", ""names_honorifics_terms_placeholders_format"": ""approved"", ""official_cn_comparison"": ""N/A""}"	"{""confirmed_human_provenance_protection"": {""applicability"": ""N/A"", ""evidence"": ""No confirmed-human or protected authority evidence supplied; confirmed_human_cn is empty and protected_authority_text=false."", ""rationale"": ""authority_references.confirmed_human_cn is empty and protected_authority_text=false; no confirmed-human/protected evidence supplied, verification not possible."", ""verdict"": ""N/A""}, ""hiiraginemu_wiki_comparison"": {""applicability"": ""N/A"", ""evidence"": ""no HiiragiNemu-wiki evidence supplied for this item"", ""rationale"": ""authority_references.wiki_cn is empty; no HiiragiNemu-wiki evidence supplied, comparison not possible."", ""verdict"": ""N/A""}, ""japanese_semantics_context"": {""applicability"": ""applicable"", ""evidence"": ""JP「マギア」vsCN「Magia」"", ""rationale"": ""マギア按项目规范必须保留为Magia，符合canonical术语要求。"", ""verdict"": ""approved""}, ""names_honorifics_terms_placeholders_format"": {""applicability"": ""applicable"", ""evidence"": ""JP:「マギア」 CN:「Magia」"", ""rationale"": ""マギア is rendered as the canonical Latin token Magia, matching the strict canon mapping."", ""verdict"": ""approved""}, ""official_cn_comparison"": {""applicability"": ""N/A"", ""evidence"": ""no official-CN evidence supplied for this item"", ""rationale"": ""authority_references.official_cn is empty; no official-CN evidence supplied, comparison not possible."", ""verdict"": ""N/A""}}"	legacy_unverified_ai_assisted	no_per_entry_official_or_wiki_pair	i18n/generated/input-provenance.tsv:44;legacy git-blame lineage; AI co-author batch; no per-entry human-review evidence;commit=e42bd14854a998a9ea65f5b2da4b659f01fb63c5				false	false	[]	higher-authority-shadowed-read-only							higher-authority-shadowed	product-write-forbidden	Magia	wiki	i18n/glossary.tsv	373	true	true	false
1396	71	LOW-MT-01702	i18n/frontend-strings.tsv#d7e7057e8b727d025e88f517/candidate_cn	i18n/frontend-strings.tsv	d7e7057e8b727d025e88f517	candidate_cn	current-low-tier-translation-review	review-and-stage-low-tier-only	ミスティック	神秘	神秘		approved	R1语义与R5格式均判定通过，object-storage/R3/R4因无权威对照证据不适用；无修正意见，判定通过。	"{""confirmed_human_provenance_protection"": ""N/A"", ""hiiraginemu_wiki_comparison"": ""N/A"", ""japanese_semantics_context"": ""approved"", ""names_honorifics_terms_placeholders_format"": ""approved"", ""official_cn_comparison"": ""N/A""}"	"{""confirmed_human_provenance_protection"": {""applicability"": ""N/A"", ""evidence"": ""No confirmed-human or protected authority evidence supplied; confirmed_human_cn is empty and protected_authority_text=false."", ""rationale"": ""authority_references.confirmed_human_cn is empty and protected_authority_text=false; no confirmed-human/protected evidence supplied, verification not possible."", ""verdict"": ""N/A""}, ""hiiraginemu_wiki_comparison"": {""applicability"": ""N/A"", ""evidence"": ""no HiiragiNemu-wiki evidence supplied for this item"", ""rationale"": ""authority_references.wiki_cn is empty; no HiiragiNemu-wiki evidence supplied, comparison not possible."", ""verdict"": ""N/A""}, ""japanese_semantics_context"": {""applicability"": ""applicable"", ""evidence"": ""JP「ミスティック」vsCN「神秘」"", ""rationale"": ""ミスティック(mystic)译为「神秘」，语义一致，无内容遗漏。"", ""verdict"": ""approved""}, ""names_honorifics_terms_placeholders_format"": {""applicability"": ""applicable"", ""evidence"": ""JP:「ミスティック」 CN:「神秘」"", ""rationale"": ""ミスティック (mystic) rendered as a common noun 神秘 is an accurate translation; no name/honorific conflict, no canon mapping exists to contradict it."", ""verdict"": ""approved""}, ""official_cn_comparison"": {""applicability"": ""N/A"", ""evidence"": ""no official-CN evidence supplied for this item"", ""rationale"": ""authority_references.official_cn is empty; no official-CN evidence supplied, comparison not possible."", ""verdict"": ""N/A""}}"	legacy_unverified_ai_assisted	no_per_entry_official_or_wiki_pair	i18n/generated/input-provenance.tsv:312;legacy git-blame lineage; AI co-author batch; no per-entry human-review evidence;commit=a2fe8becd5d57b825b631fc0f058bf624d7d5e1f				false	false	[]	higher-authority-shadowed-read-only							higher-authority-shadowed	product-write-forbidden	神秘	wiki	i18n/glossary.tsv	393	true	true	false
1451	73	LOW-MT-01757	i18n/frontend-strings.tsv#e02cea87754e1ee442a5325f/candidate_cn	i18n/frontend-strings.tsv	e02cea87754e1ee442a5325f	candidate_cn	current-low-tier-translation-review	review-and-stage-low-tier-only	インフィニット	无限	无限		approved	R1语义与R5格式均判定通过，object-storage/R3/R4因无权威对照证据不适用；无修正意见，判定通过。	"{""confirmed_human_provenance_protection"": ""N/A"", ""hiiraginemu_wiki_comparison"": ""N/A"", ""japanese_semantics_context"": ""approved"", ""names_honorifics_terms_placeholders_format"": ""approved"", ""official_cn_comparison"": ""N/A""}"	"{""confirmed_human_provenance_protection"": {""applicability"": ""N/A"", ""evidence"": ""No confirmed-human or protected authority evidence supplied; confirmed_human_cn is empty and protected_authority_text=false."", ""rationale"": ""authority_references.confirmed_human_cn is empty and protected_authority_text=false; no confirmed-human/protected evidence supplied, verification not possible."", ""verdict"": ""N/A""}, ""hiiraginemu_wiki_comparison"": {""applicability"": ""N/A"", ""evidence"": ""no HiiragiNemu-wiki evidence supplied for this item"", ""rationale"": ""authority_references.wiki_cn is empty; no HiiragiNemu-wiki evidence supplied, comparison not possible."", ""verdict"": ""N/A""}, ""japanese_semantics_context"": {""applicability"": ""applicable"", ""evidence"": ""JP「インフィニット」vsCN「无限」"", ""rationale"": ""インフィニット（Infinite）意为无限,中文「无限」完全对应。"", ""verdict"": ""approved""}, ""names_honorifics_terms_placeholders_format"": {""applicability"": ""applicable"", ""evidence"": ""JP:「インフィニット」 CN:「无限」"", ""rationale"": ""Accurate translation of infinite; no HTML runs, no canon conflict."", ""verdict"": ""approved""}, ""official_cn_comparison"": {""applicability"": ""N/A"", ""evidence"": ""no official-CN evidence supplied for this item"", ""rationale"": ""authority_references.official_cn is empty; no official-CN evidence supplied, comparison not possible."", ""verdict"": ""N/A""}}"	legacy_unverified_ai_assisted	no_per_entry_official_or_wiki_pair	i18n/generated/input-provenance.tsv:310;legacy git-blame lineage; AI co-author batch; no per-entry human-review evidence;commit=a2fe8becd5d57b825b631fc0f058bf624d7d5e1f				false	false	[]	higher-authority-shadowed-read-only							higher-authority-shadowed	product-write-forbidden	无限	wiki	i18n/glossary.tsv	241	true	true	false
