file	line	original_text	final_cn	category	source	risk
magica/js/test/Backdoor.js	581	受取完了	领取完成	static_ui_manual_review	Pass16 peer rules, personally re-reviewed	low
magica/js/test/Backdoor.js	656	受取完了	领取完成	static_ui_manual_review	Pass16 peer rules, personally re-reviewed	low
magica/js/test/Backdoor.js	716	受取完了	领取完成	static_ui_manual_review	Pass16 peer rules, personally re-reviewed	low
magica/js/test/BackdoorList.js	65	是否要重置战斗博物馆的回复功能？<br>eventId：<input id='inputEventId' class='commonFrame3' readonly='readonly' type='text' maxlength='4' value=''>	是否重置战斗博物馆的回复功能？<br>eventId：<input id='inputEventId' class='commonFrame3' readonly='readonly' type='text' maxlength='4' value=''>	static_ui_manual_review	Pass16 peer rules, personally re-reviewed	medium
magica/js/test/BackdoorList.js	414	剧情任务打开调试模式。<br>请重新启动应用程序以将其关闭。	已启用剧情关卡调试模式。<br>要关闭此模式，请重新启动应用。	static_ui_manual_review	Pass16 peer rules, personally re-reviewed	low
magica/js/test/BackdoorList.js	424	挑战任务打开调试模式。<br>请重新启动应用程序以将其关闭。	已启用挑战关卡调试模式。<br>要关闭此模式，请重新启动应用。	static_ui_manual_review	Pass16 peer rules, personally re-reviewed	low
magica/js/test/BackdoorList.js	99	用户 已在搜索服务器上注册。<br>过一会儿，你就可以搜索了。 （最多 15 分钟）	已在搜索服务器注册用户。<br>稍候即可搜索（最长需15分钟）。	static_ui_manual_review	Pass16 peer rules, personally re-reviewed	low
magica/js/test/BackdoorList.js	118	要执行此操作，甲板 1 必须是单个 Iroha 甲板。<br>有需要。	要执行此操作，队伍１必须<br>设为「仅含环彩羽的单人队伍」。	static_ui_manual_review	Pass16 peer rules, personally re-reviewed	medium
magica/js/test/BackdoorList.js	282	 ★试用测试★%0a https://twitter.com/	 ★测试推文★%0a https://twitter.com/	static_ui_manual_review	Pass16 peer rules, personally re-reviewed	medium
magica/js/test/BackdoorList.js	76	战斗 博物馆的 回复 功能已重置	已重置战斗博物馆的回复功能	static_ui_manual_review	Pass16 peer rules, personally re-reviewed	medium
magica/js/test/BackdoorList.js	558	锁定的product_id列表<br>	处于锁定状态的product_id列表<br>	static_ui_manual_review	Pass16 peer rules, personally re-reviewed	low
magica/js/test/BackdoorList.js	282	/照片/1%0a★试听课★	/photo/1%0a★测试推文★	static_ui_manual_review	Pass16 peer rules, personally re-reviewed	medium
magica/js/test/BackdoorList.js	146	通关 直至第 2 部分第 11 章。	将第二部至第11章一键通关。	static_ui_manual_review	Pass16 peer rules, personally re-reviewed	low
magica/js/test/BackdoorList.js	503	地下城 活动 已过时。	当前不在地下城活动开放期间。	static_ui_manual_review	Pass16 peer rules, personally re-reviewed	medium
magica/js/test/BackdoorList.js	220	TU999已注册。	已注册TU999。	static_ui_manual_review	Pass16 peer rules, personally re-reviewed	low
magica/js/test/BackdoorList.js	200	已被注册。	已注册。	static_ui_manual_review	Pass16 peer rules, personally re-reviewed	low
magica/js/test/BackdoorList.js	486	地牢 1	地下城1	static_ui_manual_review	Pass16 peer rules, personally re-reviewed	medium
magica/js/test/BackdoorQuestList.js	198	” 是 <span class='c_red'>	」还差 <span class='c_red'>	static_ui_manual_review	Pass16 peer rules, personally re-reviewed	medium
magica/js/test/BackdoorQuestList.js	198	缺少	</span> 个	static_ui_manual_review	Pass16 peer rules, personally re-reviewed	medium
magica/js/test/BackdoorQuestList.js	73	亚历山大海市蜃楼	亚历山德里亚的蜃楼篇	static_ui_manual_review	Pass16 peer rules, personally re-reviewed	low
magica/js/test/BackdoorQuestList.js	81	藏罗刹版	藏地的罗刹女篇	static_ui_manual_review	Pass16 peer rules, personally re-reviewed	low
magica/js/test/BackdoorQuestList.js	77	维克的瓦尔基里版	维京的女武神篇	static_ui_manual_review	Pass16 peer rules, personally re-reviewed	low
magica/js/test/BackdoorQuestList.js	90	罗马和平之情人版	罗马治世的恋人篇	static_ui_manual_review	Pass16 peer rules, personally re-reviewed	low
magica/js/test/BackdoorQuestList.js	85	邪马台国的踪迹	邪马台国的后嗣篇	static_ui_manual_review	Pass16 peer rules, personally re-reviewed	low
magica/js/test/BackdoorQuestList.js	69	神滨战神版	神滨的战神子篇	static_ui_manual_review	Pass16 peer rules, personally re-reviewed	low
magica/js/test/NativeSandBox.js	124	请在输入字段中输入 userQuestBattleResultId。	请在输入框中输入userQuestBattleResultId。	static_ui_manual_review	Pass16 peer rules, personally re-reviewed	low
magica/js/view/memoria/PieceArchiveView.js	31	保管庫移動可能:	可移入保管库:	static_ui_manual_review	Pass16 peer rules, personally re-reviewed	low
magica/js/view/memoria/PieceArchiveView.js	31	所持枠移動可能:	可移入持有格:	static_ui_manual_review	Pass16 peer rules, personally re-reviewed	low
magica/js/view/memoria/PieceArchiveView.js	24	送至保管库	移至保管库	static_ui_manual_review	Pass16 peer rules, personally re-reviewed	low
magica/js/view/memoria/PieceArchiveView.js	27	送至一览	移至持有格	static_ui_manual_review	Pass16 peer rules, personally re-reviewed	low
magica/js/view/memoria/PieceArchiveView.js	23	所持枠	持有格	static_ui_manual_review	Pass16 peer rules, personally re-reviewed	low
magica/js/view/memoria/PieceArchiveView.js	34	保管庫	保管库	static_ui_manual_review	Pass16 peer rules, personally re-reviewed	low
magica/js/view/memoria/PieceArchiveView.js	35	保管庫	保管库	static_ui_manual_review	Pass16 peer rules, personally re-reviewed	low
magica/template/purchase/PurchaseTemps.html	3	"
	未成年の方は保護者の同意を得て下さい。"	"
	未成年人请先征得监护人同意。"	static_ui_manual_review	Pass16 peer rules, personally re-reviewed	low
magica/template/test/Backdoor.html	68	您可以获得除 记忆结晶 以外的任何内容	获得记忆结晶以外的全部内容	static_ui_manual_review	Pass16 peer rules, personally re-reviewed	low
magica/template/test/Backdoor.html	79	*不包括背景和贴纸	※不含背景和贴纸	static_ui_manual_review	Pass16 peer rules, personally re-reviewed	low
magica/template/test/Backdoor.html	41	精神強化素材 × 999	精神强化素材 × 999	static_ui_manual_review	Pass16 peer rules, personally re-reviewed	medium
magica/template/test/Backdoor.html	76	获取所有贴纸	获得全部贴纸	static_ui_manual_review	Pass16 peer rules, personally re-reviewed	low
magica/template/test/Backdoor.html	128	请输入号码	请输入数量	static_ui_manual_review	Pass16 peer rules, personally re-reviewed	low
magica/template/test/Backdoor.html	72	强化道具 全套	全套强化道具	static_ui_manual_review	Pass16 peer rules, personally re-reviewed	low
magica/template/test/Backdoor.html	91	形成	魔法阵型	static_ui_manual_review	Pass16 peer rules, personally re-reviewed	low
magica/template/test/Backdoor.html	64	一切都可用	获得全部内容	static_ui_manual_review	Pass16 peer rules, personally re-reviewed	low
magica/template/test/Backdoor.html	10	方便的设置	便捷套装	static_ui_manual_review	Pass16 peer rules, personally re-reviewed	medium
magica/template/test/Backdoor.html	5	抽卡	扭蛋	static_ui_manual_review	Pass16 peer rules, personally re-reviewed	low
magica/template/test/Backdoor.html	110	受取り	领取	static_ui_manual_review	Pass16 peer rules, personally re-reviewed	low
magica/template/test/Backdoor.html	114	受取り	领取	static_ui_manual_review	Pass16 peer rules, personally re-reviewed	low
magica/template/test/Backdoor.html	119	受取り	领取	static_ui_manual_review	Pass16 peer rules, personally re-reviewed	low
magica/template/test/Backdoor.html	124	受取り	领取	static_ui_manual_review	Pass16 peer rules, personally re-reviewed	low
magica/template/test/BackdoorLive2d.html	14	03:魔法少女剧情第一集通关	03:魔法少女剧情第1话通关	static_ui_manual_review	Pass16 peer rules, personally re-reviewed	low
magica/template/test/BackdoorLive2d.html	15	04:魔法少女剧情E第2集通关	04:魔法少女剧情第2话通关	static_ui_manual_review	Pass16 peer rules, personally re-reviewed	low
magica/template/test/BackdoorLive2d.html	16	05:魔法少女剧情E第3集通关	05:魔法少女剧情第3话通关	static_ui_manual_review	Pass16 peer rules, personally re-reviewed	low
magica/template/test/BackdoorLive2d.html	34	24：登录①（第一次登录）	24:登录①（首次登录时）	static_ui_manual_review	Pass16 peer rules, personally re-reviewed	low
magica/template/test/BackdoorLive2d.html	40	30：登录⑦（AP最大时）	30:登录⑦（AP满时）	static_ui_manual_review	Pass16 peer rules, personally re-reviewed	low
magica/template/test/BackdoorLive2d.html	41	31：登录⑧（最大BP时）	31:登录⑧（BP满时）	static_ui_manual_review	Pass16 peer rules, personally re-reviewed	low
magica/template/test/BackdoorLive2d.html	39	29：登录⑥（其他）	29:登录⑥（其他）	static_ui_manual_review	Pass16 peer rules, personally re-reviewed	low
magica/template/test/BackdoorLive2d.html	42	32:登录⑨(GVG)	32:登录⑨（GVG）	static_ui_manual_review	Pass16 peer rules, personally re-reviewed	low
magica/template/test/BackdoorLive2d.html	66	66:Magia 激活 ④	66:发动Magia④	static_ui_manual_review	Pass16 peer rules, personally re-reviewed	low
magica/template/test/BackdoorLive2d.html	21	14:強化(Lv最大時)	14:强化（Lv达到上限时）	static_ui_manual_review	Pass16 peer rules, personally re-reviewed	medium
magica/template/test/BackdoorLive2d.html	38	28：登录⑤（深夜）	28:登录⑤（深夜）	static_ui_manual_review	Pass16 peer rules, personally re-reviewed	low
magica/template/test/BackdoorLive2d.html	43	33：魔法少女 水龙头①	33:点击魔法少女①	static_ui_manual_review	Pass16 peer rules, personally re-reviewed	medium
magica/template/test/BackdoorLive2d.html	44	34：魔法少女 抽头 ②	34:点击魔法少女②	static_ui_manual_review	Pass16 peer rules, personally re-reviewed	medium
magica/template/test/BackdoorLive2d.html	46	36：魔法少女 轻击 ④	36:点击魔法少女④	static_ui_manual_review	Pass16 peer rules, personally re-reviewed	medium
magica/template/test/BackdoorLive2d.html	47	37：魔法少女 轻击 ⑤	37:点击魔法少女⑤	static_ui_manual_review	Pass16 peer rules, personally re-reviewed	medium
magica/template/test/BackdoorLive2d.html	48	38：魔法少女 轻击 ⑥	38:点击魔法少女⑥	static_ui_manual_review	Pass16 peer rules, personally re-reviewed	medium
magica/template/test/BackdoorLive2d.html	49	39:魔法少女 轻击 ⑦	39:点击魔法少女⑦	static_ui_manual_review	Pass16 peer rules, personally re-reviewed	medium
magica/template/test/BackdoorLive2d.html	50	40：魔法少女 轻击 ⑧	40:点击魔法少女⑧	static_ui_manual_review	Pass16 peer rules, personally re-reviewed	medium
magica/template/test/BackdoorLive2d.html	51	41：魔法少女 丝锥 ⑨	41:点击魔法少女⑨	static_ui_manual_review	Pass16 peer rules, personally re-reviewed	medium
magica/template/test/BackdoorLive2d.html	35	25:登录②（上午）	25:登录②（早晨）	static_ui_manual_review	Pass16 peer rules, personally re-reviewed	low
magica/template/test/BackdoorLive2d.html	36	26：登录③（午餐）	26:登录③（白天）	static_ui_manual_review	Pass16 peer rules, personally re-reviewed	low
magica/template/test/BackdoorLive2d.html	37	27：登录④（夜间）	27:登录④（夜晚）	static_ui_manual_review	Pass16 peer rules, personally re-reviewed	low
magica/template/test/BackdoorLive2d.html	45	35：魔法少女 轻击③	35:点击魔法少女③	static_ui_manual_review	Pass16 peer rules, personally re-reviewed	medium
magica/template/test/BackdoorLive2d.html	63	63：Magia激活①	63:发动Magia①	static_ui_manual_review	Pass16 peer rules, personally re-reviewed	low
magica/template/test/BackdoorLive2d.html	64	64：Magia激活②	64:发动Magia②	static_ui_manual_review	Pass16 peer rules, personally re-reviewed	low
magica/template/test/BackdoorLive2d.html	65	65：Magia激活③	65:发动Magia③	static_ui_manual_review	Pass16 peer rules, personally re-reviewed	low
magica/template/test/BackdoorLive2d.html	27	20:魔法少女覚醒①	20:魔法少女觉醒①	static_ui_manual_review	Pass16 peer rules, personally re-reviewed	low
magica/template/test/BackdoorLive2d.html	28	21:魔法少女覚醒②	21:魔法少女觉醒②	static_ui_manual_review	Pass16 peer rules, personally re-reviewed	low
magica/template/test/BackdoorLive2d.html	29	22:魔法少女覚醒③	22:魔法少女觉醒③	static_ui_manual_review	Pass16 peer rules, personally re-reviewed	low
magica/template/test/BackdoorLive2d.html	30	23:魔法少女覚醒④	23:魔法少女觉醒④	static_ui_manual_review	Pass16 peer rules, personally re-reviewed	low
magica/template/test/BackdoorLive2d.html	56	43：任务胜利①	43:关卡胜利①	static_ui_manual_review	Pass16 peer rules, personally re-reviewed	low
magica/template/test/BackdoorLive2d.html	57	44：任务 胜利②	44:关卡胜利②	static_ui_manual_review	Pass16 peer rules, personally re-reviewed	low
magica/template/test/BackdoorLive2d.html	58	45：任务 胜利 ③	45:关卡胜利③	static_ui_manual_review	Pass16 peer rules, personally re-reviewed	low
magica/template/test/BackdoorLive2d.html	59	46：任务 胜利 ④	46:关卡胜利④	static_ui_manual_review	Pass16 peer rules, personally re-reviewed	low
magica/template/test/BackdoorLive2d.html	55	42:任务 启动	42:关卡开始	static_ui_manual_review	Pass16 peer rules, personally re-reviewed	low
magica/template/test/BackdoorLive2d.html	2	角色列表显示	显示角色列表	static_ui_manual_review	Pass16 peer rules, personally re-reviewed	medium
magica/template/test/BackdoorLive2d.html	20	13:強化完了	13:强化完成	static_ui_manual_review	Pass16 peer rules, personally re-reviewed	low
magica/template/test/BackdoorQuestBattle.html	33	※赤字は実行できなかったクエストです	※红字表示未能执行的关卡	static_ui_manual_review	Pass16 peer rules, personally re-reviewed	low
magica/template/test/BackdoorQuestBattle.html	4	请输入任务ID	请输入questId	static_ui_manual_review	Pass16 peer rules, personally re-reviewed	low
magica/template/test/BackdoorQuestBattle.html	3	任务测试	关卡测试	static_ui_manual_review	Pass16 peer rules, personally re-reviewed	low
magica/template/test/BackdoorQuestBattle.html	5	任务启动	开始关卡	static_ui_manual_review	Pass16 peer rules, personally re-reviewed	low
magica/template/test/BackdoorQuestBattle.html	9	甲板信息	队伍信息	static_ui_manual_review	Pass16 peer rules, personally re-reviewed	medium
magica/template/test/BackdoorQuestBattle.html	12	套牌选择	选择队伍	static_ui_manual_review	Pass16 peer rules, personally re-reviewed	medium
magica/template/test/BackdoorQuestBattle.html	13	甲板 编成	队伍编成	static_ui_manual_review	Pass16 peer rules, personally re-reviewed	medium
magica/template/test/CameraTest.html	2	L2D比例+	L2D缩放+	static_ui_manual_review	Pass16 peer rules, personally re-reviewed	low
magica/template/test/CameraTest.html	3	L2D 规模-	L2D缩放-	static_ui_manual_review	Pass16 peer rules, personally re-reviewed	low
magica/template/test/EffectTest.html	8	效果测试	特效测试	static_ui_manual_review	Pass16 peer rules, personally re-reviewed	medium
magica/template/test/EffectTest.html	10	输入文件名	请输入文件名	static_ui_manual_review	Pass16 peer rules, personally re-reviewed	low
magica/template/test/FriendSearch.html	61	助っ人ユニットレベル : 	支援角色等级：	static_ui_manual_review	Pass16 peer rules, personally re-reviewed	medium
magica/template/test/FriendSearch.html	62	助っ人ユニット属性 : 	支援角色属性：	static_ui_manual_review	Pass16 peer rules, personally re-reviewed	medium
magica/template/test/FriendSearch.html	64	最終ログイン時間 : 	最后登录时间：	static_ui_manual_review	Pass16 peer rules, personally re-reviewed	low
magica/template/test/FriendSearch.html	17	辅助单元 LV	支援角色Lv	static_ui_manual_review	Pass16 peer rules, personally re-reviewed	medium
magica/template/test/FriendSearch.html	36	辅助单位属性	支援角色属性	static_ui_manual_review	Pass16 peer rules, personally re-reviewed	medium
magica/template/test/FriendSearch.html	63	フレンドID : 	好友ID：	static_ui_manual_review	Pass16 peer rules, personally re-reviewed	low
magica/template/test/FriendSearch.html	59	ユーザー名 : 	用户名：	static_ui_manual_review	Pass16 peer rules, personally re-reviewed	low
magica/template/test/FriendSearch.html	65	フォローする	关注	static_ui_manual_review	Pass16 peer rules, personally re-reviewed	low
magica/template/test/MailSendTest.html	5	输入电子邮件地址	输入电子邮箱地址	static_ui_manual_review	Pass16 peer rules, personally re-reviewed	low
magica/template/test/PresentListTest.html	13	礼物-卡片(	礼物-卡牌(	static_ui_manual_review	Pass16 peer rules, personally re-reviewed	low
magica/template/test/PresentListTest.html	37	個別受取	单独领取	static_ui_manual_review	Pass16 peer rules, personally re-reviewed	medium
magica/template/test/QuestStub.html	104	剩余 HP [%] hpRate	剩余HP【%】hpRate	static_ui_manual_review	Pass16 peer rules, personally re-reviewed	low
magica/template/test/QuestStub.html	128	剩余 HP hpRemain	剩余HP hpRemain	static_ui_manual_review	Pass16 peer rules, personally re-reviewed	low
magica/template/test/QuestStub.html	56	Doppel 使用次数	魔女化身使用次数	static_ui_manual_review	Pass16 peer rules, personally re-reviewed	low
magica/template/test/QuestStub.html	86	AcceleD 选型号	Accele行动盘选择数	static_ui_manual_review	Pass16 peer rules, personally re-reviewed	medium
magica/template/test/QuestStub.html	98	ChargeD 选型号	Charge行动盘选择数	static_ui_manual_review	Pass16 peer rules, personally re-reviewed	medium
magica/template/test/QuestStub.html	50	Magia 使用次数	Magia使用次数	static_ui_manual_review	Pass16 peer rules, personally re-reviewed	low
magica/template/test/QuestStub.html	92	BlastD 选型号	Blast行动盘选择数	static_ui_manual_review	Pass16 peer rules, personally re-reviewed	medium
magica/template/test/QuestStub.html	116	最终 MP（平均）	结束时的MP（平均）	static_ui_manual_review	Pass16 peer rules, personally re-reviewed	low
magica/template/test/QuestStub.html	9	战斗信息重写	改写战斗信息	static_ui_manual_review	Pass16 peer rules, personally re-reviewed	low
magica/template/test/QuestStub.html	14	继续次	续关次数	static_ui_manual_review	Pass16 peer rules, personally re-reviewed	low
magica/template/test/QuestStub.html	38	给出的 伤害 总数	造成的总伤害	static_ui_manual_review	Pass16 peer rules, personally re-reviewed	low
magica/template/test/QuestStub.html	20	通关TURN 号	通关回合数	static_ui_manual_review	Pass16 peer rules, personally re-reviewed	low
magica/template/test/QuestStub.html	26	通关 时间（秒）	通关时间（秒）	static_ui_manual_review	Pass16 peer rules, personally re-reviewed	low
magica/template/test/QuestStub.html	80	连携 激活计数	连携发动次数	static_ui_manual_review	Pass16 peer rules, personally re-reviewed	low
magica/template/test/QuestStub.html	122	停止卡ID	最后一击卡牌ID	static_ui_manual_review	Pass16 peer rules, personally re-reviewed	medium
magica/template/test/QuestStub.html	32	击败数量 敌方	击败敌人数量	static_ui_manual_review	Pass16 peer rules, personally re-reviewed	low
magica/template/test/QuestStub.html	44	最大伤害数	最大伤害	static_ui_manual_review	Pass16 peer rules, personally re-reviewed	low
magica/template/test/QuestStub.html	74	技能 激活计数	技能发动次数	static_ui_manual_review	Pass16 peer rules, personally re-reviewed	low
magica/template/test/QuestStub.html	68	链数	连锁次数	static_ui_manual_review	Pass16 peer rules, personally re-reviewed	medium
magica/template/test/SdCharaTest.html	30	隐藏库存	隐藏暂存角色	static_ui_manual_review	Pass16 peer rules, personally re-reviewed	medium
magica/template/test/SdCharaTest.html	29	显示库存	显示暂存角色	static_ui_manual_review	Pass16 peer rules, personally re-reviewed	medium
magica/template/test/SdCharaTest.html	26	库存	暂存	static_ui_manual_review	Pass16 peer rules, personally re-reviewed	medium
magica/template/test/SelectStoryTest.html	48	※赤字は再生できなかったストーリーです	※红字表示无法播放的剧情	static_ui_manual_review	Pass16 peer rules, personally re-reviewed	low
magica/template/test/SelectStoryTest.html	4	请输入故事ID	请输入storyId	static_ui_manual_review	Pass16 peer rules, personally re-reviewed	low
magica/template/test/SelectStoryTest.html	6	任务剧情播放	播放关卡剧情	static_ui_manual_review	Pass16 peer rules, personally re-reviewed	low
magica/template/test/SelectStoryTest.html	10	ＩＤ 変更	修改ID	static_ui_manual_review	Pass16 peer rules, personally re-reviewed	low
magica/template/test/SelectStoryTest.html	17	連番 変更	修改序号	static_ui_manual_review	Pass16 peer rules, personally re-reviewed	low
magica/template/test/ShopReworkTest.html	2	设计切换	切换设计	static_ui_manual_review	Pass16 peer rules, personally re-reviewed	low
magica/template/test/backdoorList.html	20	第 2 部分 第 11 章 通关	一键通关第二部第11章	static_ui_manual_review	Pass16 peer rules, personally re-reviewed	low
magica/template/test/backdoorList.html	37	序言确认（来自任务①）	序章确认（从关卡①开始）	static_ui_manual_review	Pass16 peer rules, personally re-reviewed	low
magica/template/test/backdoorList.html	39	序言确认（来自任务②）	序章确认（从关卡②开始）	static_ui_manual_review	Pass16 peer rules, personally re-reviewed	low
magica/template/test/backdoorList.html	41	序言确认（来自任务③）	序章确认（从关卡③开始）	static_ui_manual_review	Pass16 peer rules, personally re-reviewed	low
magica/template/test/backdoorList.html	23	本地存储通关	清除localStorage	static_ui_manual_review	Pass16 peer rules, personally re-reviewed	low
magica/template/test/backdoorList.html	36	序言确认（来自ADV①）	序章确认（从ADV①开始）	static_ui_manual_review	Pass16 peer rules, personally re-reviewed	low
magica/template/test/backdoorList.html	38	序言确认（来自ADV②）	序章确认（从ADV②开始）	static_ui_manual_review	Pass16 peer rules, personally re-reviewed	low
magica/template/test/backdoorList.html	40	序言确认（来自ADV③）	序章确认（从ADV③开始）	static_ui_manual_review	Pass16 peer rules, personally re-reviewed	low
magica/template/test/backdoorList.html	42	序言确认（来自ADV④）	序章确认（从ADV④开始）	static_ui_manual_review	Pass16 peer rules, personally re-reviewed	low
magica/template/test/backdoorList.html	4	道具・礼品卡赋予	发放道具、礼物及卡牌	static_ui_manual_review	Pass16 peer rules, personally re-reviewed	medium
magica/template/test/backdoorList.html	7	魔女记忆结晶 兑换页面	魔女记忆结晶兑换页面	static_ui_manual_review	Pass16 peer rules, personally re-reviewed	medium
magica/template/test/backdoorList.html	18	版本升级页面	版本更新页面	static_ui_manual_review	Pass16 peer rules, personally re-reviewed	low
magica/template/test/backdoorList.html	165	バトル①（TU010）	战斗①（TU010）	static_ui_manual_review	Pass16 peer rules, personally re-reviewed	low
magica/template/test/backdoorList.html	166	バトル②（TU010）	战斗②（TU010）	static_ui_manual_review	Pass16 peer rules, personally re-reviewed	low
magica/template/test/backdoorList.html	9	沃尔普尔 全体 突袭	魔女之夜全体突袭	static_ui_manual_review	Pass16 peer rules, personally re-reviewed	medium
magica/template/test/backdoorList.html	25	不断突破回复复位	重置常驻踏破回复功能	static_ui_manual_review	Pass16 peer rules, personally re-reviewed	medium
magica/template/test/backdoorList.html	167	ガチャ（TU520）	扭蛋（TU520）	static_ui_manual_review	Pass16 peer rules, personally re-reviewed	low
magica/template/test/backdoorList.html	13	Live2d测试	Live2D测试	static_ui_manual_review	Pass16 peer rules, personally re-reviewed	low
magica/template/test/backdoorList.html	21	任务调试	关卡调试	static_ui_manual_review	Pass16 peer rules, personally re-reviewed	medium
magica/template/test/backdoorList.html	168	編成（TU550）	队伍编成（TU550）	static_ui_manual_review	Pass16 peer rules, personally re-reviewed	low
magica/template/test/backdoorList.html	28	全新 商店 模拟	新版商店模拟页面	static_ui_manual_review	Pass16 peer rules, personally re-reviewed	medium
magica/template/test/backdoorList.html	30	无理 战斗 启动	开始理违战	static_ui_manual_review	Pass16 peer rules, personally re-reviewed	low
magica/template/test/backdoorList.html	32	MS購入状況確認	确认魔法石购买状态	static_ui_manual_review	Pass16 peer rules, personally re-reviewed	medium
magica/template/test/backdoorList.html	8	盒子 抽卡	箱子扭蛋	static_ui_manual_review	Pass16 peer rules, personally re-reviewed	medium
magica/template/test/backdoorList.html	10	PH全体 突袭	PH全体突袭	static_ui_manual_review	Pass16 peer rules, personally re-reviewed	medium
magica/template/test/backdoorList.html	29	称号変更POP	称号变更弹窗	static_ui_manual_review	Pass16 peer rules, personally re-reviewed	medium
magica/template/test/backdoorList.html	22	通用风格	通用样式	static_ui_manual_review	Pass16 peer rules, personally re-reviewed	low
magica/template/test/backdoorList.html	34	财富CP	御神签活动	static_ui_manual_review	Pass16 peer rules, personally re-reviewed	medium
magica/js/test/SoundTest.js	4	"[""01"", ""卡片详情中的自我介绍""]"	"[""01"", ""卡牌详情中的自我介绍""]"	static_ui_manual_translation	Pass16 complete label-set review	medium
magica/js/test/SoundTest.js	5	"[""02"", ""获取抽卡时""]"	"[""02"", ""扭蛋获取时""]"	static_ui_manual_translation	Pass16 complete label-set review	medium
magica/js/test/SoundTest.js	6	"[""03"", ""第①节通关""]"	"[""03"", ""剧情第1话通关时""]"	static_ui_manual_translation	Pass16 complete label-set review	medium
magica/js/test/SoundTest.js	7	"[""04"", ""第二节通关""]"	"[""04"", ""剧情第2话通关时""]"	static_ui_manual_translation	Pass16 complete label-set review	medium
magica/js/test/SoundTest.js	8	"[""05"", ""第三节通关""]"	"[""05"", ""剧情第3话通关时""]"	static_ui_manual_translation	Pass16 complete label-set review	medium
magica/js/test/SoundTest.js	9	"[""06"", ""自己紹介演出用①""]"	"[""06"", ""自我介绍演出用①""]"	static_ui_manual_translation	Pass16 complete label-set review	medium
magica/js/test/SoundTest.js	10	"[""07"", ""自己紹介演出用②""]"	"[""07"", ""自我介绍演出用②""]"	static_ui_manual_translation	Pass16 complete label-set review	medium
magica/js/test/SoundTest.js	11	"[""08"", ""自己紹介演出用③""]"	"[""08"", ""自我介绍演出用③""]"	static_ui_manual_translation	Pass16 complete label-set review	medium
magica/js/test/SoundTest.js	12	"[""09"", ""自己紹介演出用④""]"	"[""09"", ""自我介绍演出用④""]"	static_ui_manual_translation	Pass16 complete label-set review	medium
magica/js/test/SoundTest.js	13	"[""10"", ""自己紹介演出用⑤""]"	"[""10"", ""自我介绍演出用⑤""]"	static_ui_manual_translation	Pass16 complete label-set review	medium
magica/js/test/SoundTest.js	14	"[""11"", ""自己紹介演出用⑥""]"	"[""11"", ""自我介绍演出用⑥""]"	static_ui_manual_translation	Pass16 complete label-set review	medium
magica/js/test/SoundTest.js	15	"[""12"", ""自己紹介演出用⑦""]"	"[""12"", ""自我介绍演出用⑦""]"	static_ui_manual_translation	Pass16 complete label-set review	medium
magica/js/test/SoundTest.js	16	"[""13"", ""强化""]"	"[""13"", ""强化完成""]"	static_ui_manual_translation	Pass16 complete label-set review	medium
magica/js/test/SoundTest.js	17	"[""14"", ""強化MAX""]"	"[""14"", ""强化（等级已满时）""]"	static_ui_manual_translation	Pass16 complete label-set review	medium
magica/js/test/SoundTest.js	18	"[""15"", ""章节Lv 上升""]"	"[""15"", ""剧情等级提升""]"	static_ui_manual_translation	Pass16 complete label-set review	medium
magica/js/test/SoundTest.js	19	"[""16"", ""魔力解放１回目""]"	"[""16"", ""魔力解放第1次""]"	static_ui_manual_translation	Pass16 complete label-set review	medium
magica/js/test/SoundTest.js	20	"[""17"", ""魔力解放２回目""]"	"[""17"", ""魔力解放第2次""]"	static_ui_manual_translation	Pass16 complete label-set review	medium
magica/js/test/SoundTest.js	21	"[""18"", ""魔力解放３回目""]"	"[""18"", ""魔力解放第3次""]"	static_ui_manual_translation	Pass16 complete label-set review	medium
magica/js/test/SoundTest.js	22	"[""19"", ""MagiaLv 上升""]"	"[""19"", ""Magia等级提升""]"	static_ui_manual_translation	Pass16 complete label-set review	medium
magica/js/test/SoundTest.js	23	"[""20"", ""觉醒（稀有度上升）②""]"	"[""20"", ""觉醒（稀有度提升）②""]"	static_ui_manual_translation	Pass16 complete label-set review	medium
magica/js/test/SoundTest.js	24	"[""21"", ""觉醒（稀有度上升）③""]"	"[""21"", ""觉醒（稀有度提升）③""]"	static_ui_manual_translation	Pass16 complete label-set review	medium
magica/js/test/SoundTest.js	25	"[""22"", ""觉醒（稀有度上升）④""]"	"[""22"", ""觉醒（稀有度提升）④""]"	static_ui_manual_translation	Pass16 complete label-set review	medium
magica/js/test/SoundTest.js	26	"[""23"", ""觉醒（稀有度上升）⑤""]"	"[""23"", ""觉醒（稀有度提升）⑤""]"	static_ui_manual_translation	Pass16 complete label-set review	medium
magica/js/test/SoundTest.js	27	"[""24"", ""当天第一时间 登录""]"	"[""24"", ""每日首次登录时""]"	static_ui_manual_translation	Pass16 complete label-set review	medium
magica/js/test/SoundTest.js	28	"[""25"", ""時間変化①6-9時""]"	"[""25"", ""时间变化①（6～9时）""]"	static_ui_manual_translation	Pass16 complete label-set review	medium
magica/js/test/SoundTest.js	29	"[""26"", ""時間変化②11-13時""]"	"[""26"", ""时间变化②（11～13时）""]"	static_ui_manual_translation	Pass16 complete label-set review	medium
magica/js/test/SoundTest.js	30	"[""27"", ""時間変化③17-19時""]"	"[""27"", ""时间变化③（17～19时）""]"	static_ui_manual_translation	Pass16 complete label-set review	medium
magica/js/test/SoundTest.js	31	"[""28"", ""時間変化④22-24時""]"	"[""28"", ""时间变化④（22～24时）""]"	static_ui_manual_translation	Pass16 complete label-set review	medium
magica/js/test/SoundTest.js	32	"[""29"", ""時間変化⑤上記以外""]"	"[""29"", ""时间变化⑤（上述时段以外）""]"	static_ui_manual_translation	Pass16 complete label-set review	medium
magica/js/test/SoundTest.js	36	"[""33"", ""点击时的线条（默认①）""]"	"[""33"", ""点击时台词（默认①）""]"	static_ui_manual_translation	Pass16 complete label-set review	medium
magica/js/test/SoundTest.js	37	"[""34"", ""点击时的对话（默认②）""]"	"[""34"", ""点击时台词（默认②）""]"	static_ui_manual_translation	Pass16 complete label-set review	medium
magica/js/test/SoundTest.js	38	"[""35"", ""点击时的线条（默认 ③）""]"	"[""35"", ""点击时台词（默认③）""]"	static_ui_manual_translation	Pass16 complete label-set review	medium
magica/js/test/SoundTest.js	39	"[""36"", ""点击时的对话（默认 ④）""]"	"[""36"", ""点击时台词（默认④）""]"	static_ui_manual_translation	Pass16 complete label-set review	medium
magica/js/test/SoundTest.js	40	"[""37"", ""点击时的线条 (章节Lv2)""]"	"[""37"", ""点击时台词（剧情等级2）""]"	static_ui_manual_translation	Pass16 complete label-set review	medium
magica/js/test/SoundTest.js	41	"[""38"", ""点击时的线条 (章节Lv3)""]"	"[""38"", ""点击时台词（剧情等级3）""]"	static_ui_manual_translation	Pass16 complete label-set review	medium
magica/js/test/SoundTest.js	42	"[""39"", ""点击时的线条 (章节Lv4)""]"	"[""39"", ""点击时台词（剧情等级4）""]"	static_ui_manual_translation	Pass16 complete label-set review	medium
magica/js/test/SoundTest.js	43	"[""40"", ""点击时的线条 (章节Lv5)""]"	"[""40"", ""点击时台词（剧情等级5）""]"	static_ui_manual_translation	Pass16 complete label-set review	medium
magica/js/test/SoundTest.js	44	"[""41"", ""点击时的线条（多次点击）""]"	"[""41"", ""点击时台词（多次点击）""]"	static_ui_manual_translation	Pass16 complete label-set review	medium
magica/js/test/SoundTest.js	45	"[""42"", ""以战斗开头""]"	"[""42"", ""战斗开始时""]"	static_ui_manual_translation	Pass16 complete label-set review	medium
magica/js/test/SoundTest.js	46	"[""43"", ""勝利①（★１、２、３）""]"	"[""43"", ""胜利①（★1、2、3）""]"	static_ui_manual_translation	Pass16 complete label-set review	medium
magica/js/test/SoundTest.js	47	"[""44"", ""勝利②（★４）""]"	"[""44"", ""胜利②（★4）""]"	static_ui_manual_translation	Pass16 complete label-set review	medium
magica/js/test/SoundTest.js	48	"[""45"", ""勝利③（★５）""]"	"[""45"", ""胜利③（★5）""]"	static_ui_manual_translation	Pass16 complete label-set review	medium
magica/js/test/SoundTest.js	49	"[""46"", ""勝利④（★６）""]"	"[""46"", ""胜利④（★6）""]"	static_ui_manual_translation	Pass16 complete label-set review	medium
magica/js/test/SoundTest.js	50	"[""47"", ""光盘组①""]"	"[""47"", ""行动盘选择①""]"	static_ui_manual_translation	Pass16 complete label-set review	medium
magica/js/test/SoundTest.js	51	"[""48"", ""光盘组②""]"	"[""48"", ""行动盘选择②""]"	static_ui_manual_translation	Pass16 complete label-set review	medium
magica/js/test/SoundTest.js	52	"[""49"", ""光盘组③""]"	"[""49"", ""行动盘选择③""]"	static_ui_manual_translation	Pass16 complete label-set review	medium
magica/js/test/SoundTest.js	53	"[""50"", ""光盘组 ④""]"	"[""50"", ""行动盘选择④""]"	static_ui_manual_translation	Pass16 complete label-set review	medium
magica/js/test/SoundTest.js	54	"[""51"", ""磁盘组（连携）""]"	"[""51"", ""行动盘选择（发起连携）""]"	static_ui_manual_translation	Pass16 complete label-set review	medium
magica/js/test/SoundTest.js	55	"[""52"", ""磁盘组（连携）""]"	"[""52"", ""行动盘选择（接受连携）""]"	static_ui_manual_translation	Pass16 complete label-set review	medium
magica/js/test/SoundTest.js	56	"[""53"", ""第一次攻击①（长线）""]"	"[""53"", ""第1次攻击时①（长台词）""]"	static_ui_manual_translation	Pass16 complete label-set review	medium
magica/js/test/SoundTest.js	57	"[""54"", ""第一次攻击②（长线）""]"	"[""54"", ""第1次攻击时②（长台词）""]"	static_ui_manual_translation	Pass16 complete label-set review	medium
magica/js/test/SoundTest.js	58	"[""55"", ""第一次攻击③（长线）""]"	"[""55"", ""第1次攻击时③（长台词）""]"	static_ui_manual_translation	Pass16 complete label-set review	medium
magica/js/test/SoundTest.js	59	"[""56"", ""2,3回目攻撃時①""]"	"[""56"", ""第2、3次攻击时①""]"	static_ui_manual_translation	Pass16 complete label-set review	medium
magica/js/test/SoundTest.js	60	"[""57"", ""2,3回目攻撃時②""]"	"[""57"", ""第2、3次攻击时②""]"	static_ui_manual_translation	Pass16 complete label-set review	medium
magica/js/test/SoundTest.js	61	"[""58"", ""2,3回目攻撃時③""]"	"[""58"", ""第2、3次攻击时③""]"	static_ui_manual_translation	Pass16 complete label-set review	medium
magica/js/test/SoundTest.js	62	"[""59"", ""第二次攻击①（同角色）""]"	"[""59"", ""第2次攻击时①（同一角色）""]"	static_ui_manual_translation	Pass16 complete label-set review	medium
magica/js/test/SoundTest.js	63	"[""60"", ""第二次攻击②（同角色）""]"	"[""60"", ""第2次攻击时②（同一角色）""]"	static_ui_manual_translation	Pass16 complete label-set review	medium
magica/js/test/SoundTest.js	64	"[""61"", ""第三次攻击①（同角色）""]"	"[""61"", ""第3次攻击时①（同一角色）""]"	static_ui_manual_translation	Pass16 complete label-set review	medium
magica/js/test/SoundTest.js	65	"[""62"", ""第三次攻击②（同角色）""]"	"[""62"", ""第3次攻击时②（同一角色）""]"	static_ui_manual_translation	Pass16 complete label-set review	medium
magica/js/test/SoundTest.js	66	"[""63"", ""Magia 时间① (★1,2,3)""]"	"[""63"", ""发动Magia时①（★1、2、3）""]"	static_ui_manual_translation	Pass16 complete label-set review	medium
magica/js/test/SoundTest.js	67	"[""64"", ""Magia时间②（Magia★4）""]"	"[""64"", ""发动Magia时②（Magia★4）""]"	static_ui_manual_translation	Pass16 complete label-set review	medium
magica/js/test/SoundTest.js	68	"[""65"", ""Magia时间③（Magia★5）""]"	"[""65"", ""发动Magia时③（Magia★5）""]"	static_ui_manual_translation	Pass16 complete label-set review	medium
magica/js/test/SoundTest.js	69	"[""66"", ""Magia时间④（Magia★6）""]"	"[""66"", ""发动Magia时④（Magia★6）""]"	static_ui_manual_translation	Pass16 complete label-set review	medium
magica/js/test/SoundTest.js	70	"[""67"", ""在 Doppel""]"	"[""67"", ""发动魔女化身时""]"	static_ui_manual_translation	Pass16 complete label-set review	medium
magica/js/test/SoundTest.js	71	"[""68"", ""攻击时（连携）""]"	"[""68"", ""攻击时（发起连携）""]"	static_ui_manual_translation	Pass16 complete label-set review	medium
magica/js/test/SoundTest.js	72	"[""69"", ""受到攻击时（连携）""]"	"[""69"", ""攻击时（接受连携）""]"	static_ui_manual_translation	Pass16 complete label-set review	medium
magica/js/test/SoundTest.js	76	"[""73"", ""伤害（正常）""]"	"[""73"", ""受伤时（通常）""]"	static_ui_manual_translation	Pass16 complete label-set review	medium
magica/js/test/SoundTest.js	77	"[""74"", ""伤害（垂死）""]"	"[""74"", ""受伤时（濒死）""]"	static_ui_manual_translation	Pass16 complete label-set review	medium
magica/js/test/SoundTest.js	78	"[""75"", ""戦闘不能""]"	"[""75"", ""战斗不能""]"	static_ui_manual_translation	Pass16 complete label-set review	medium
magica/template/test/BackdoorLive2d.html	9	"data-voice=""01"">01:自己紹介</div>"	"data-voice=""01"">01:自我介绍</div>"	static_ui_manual_translation	Pass16 complete label-set review	medium
magica/template/test/BackdoorLive2d.html	10	"data-voice=""02"">02：自我介绍（获取抽卡时）</div>"	"data-voice=""02"">02:自我介绍（扭蛋获取时）</div>"	static_ui_manual_translation	Pass16 complete label-set review	medium
magica/template/test/BackdoorLive2d.html	21	"data-voice=""14"">14:强化（Lv达到上限时）</div>"	"data-voice=""14"">14:强化（等级已满时）</div>"	static_ui_manual_translation	Pass16 complete label-set review	medium
magica/template/test/BackdoorLive2d.html	22	"data-voice=""15"">15:章节Lv 上升</div>"	"data-voice=""15"">15:剧情等级提升</div>"	static_ui_manual_translation	Pass16 complete label-set review	medium
magica/template/test/BackdoorLive2d.html	26	"data-voice=""19"">19:MagiaLv 上升</div>"	"data-voice=""19"">19:Magia等级提升</div>"	static_ui_manual_translation	Pass16 complete label-set review	medium
magica/template/test/BackdoorLive2d.html	42	"data-voice=""32"">32:登录⑨（GVG）</div>"	"data-voice=""32"">32:登录⑨（GvG）</div>"	static_ui_manual_translation	Pass16 complete label-set review	medium
magica/template/event/raid/EventRaidCloseTop.html	17	"data-mission-name=""個人撃破報酬"""	"data-mission-name=""个人击破报酬"""	visible_html_attribute	manual	high
magica/template/event/raid/EventRaidCloseTop.html	21	"data-mission-name=""全体撃破報酬"""	"data-mission-name=""全体击破报酬"""	visible_html_attribute	manual	high
magica/template/event/raid/EventRaidTop.html	354	"data-mission-name=""個人撃破報酬"""	"data-mission-name=""个人击破报酬"""	visible_html_attribute	manual	high
magica/template/event/raid/EventRaidTop.html	358	"data-mission-name=""全体撃破報酬"""	"data-mission-name=""全体击破报酬"""	visible_html_attribute	manual	high
magica/template/regularEvent/groupBattle/RegularEventGroupBattleLog.html	5	"data-mission-name=""個人"""	"data-mission-name=""个人"""	visible_html_attribute	manual	high
magica/template/top/TopPage.html	37	利用規約	使用条款	production_ui	manual	high
magica/js/view/mission/MissionTopView.js	19	"+""时间"""	"+""小时"""	production_ui_semantic_fix	manual	high
magica/js/view/memoria/PieceArchiveView.js	9	"""仓库"":""持有格"""	"""保管库"":""持有格"""	production_ui	manual	high
magica/js/view/memoria/PieceArchiveView.js	23	"""将所选记忆结晶""+d+""移至"	"""将所选记忆结晶从""+d+""移至"	production_ui_grammar	manual	high
magica/js/view/memoria/PieceArchiveView.js	24	"""将所选记忆结晶""+d+""移至"	"""将所选记忆结晶从""+d+""移至"	production_ui_grammar	manual	high
magica/js/view/memoria/PieceArchiveView.js	26	"""将所选记忆结晶""+e+""已移至"	"""已将所选记忆结晶从""+e+""移至"	production_ui_grammar	manual	high
magica/js/view/memoria/PieceArchiveView.js	28	"""将所选记忆结晶""+d.name+""已移至"	"""已将所选记忆结晶从""+d.name+""移至"	production_ui_grammar	manual	high
magica/js/view/memoria/PieceArchiveView.js	9	"""可移至保管库:"""	"""可移入保管库:"""	debug_ui	manual	low
magica/js/view/memoria/PieceArchiveView.js	9	"""持有栏可移动:"""	"""可移入持有格:"""	debug_ui	manual	low
magica/js/test/BackdoorList.js	98	"title: ""完了"""	"title: ""完成"""	test_ui	manual	medium
magica/js/test/BackdoorList.js	64	"title: ""回复 战斗博物馆重置"""	"title: ""重置战斗博物馆回复功能"""	test_ui	manual	medium
magica/js/test/BackdoorList.js	75	"title: ""回复 战斗博物馆重置"""	"title: ""重置战斗博物馆回复功能"""	test_ui	manual	medium
magica/js/test/BackdoorList.js	113	"c = ""1 份散装 通关"""	"c = ""第一部一键通关"""	test_ui	manual	medium
magica/js/test/BackdoorList.js	413	"title: ""突破活动调试模式"""	"title: ""踏破活动调试模式"""	test_ui	manual	medium
magica/js/test/BackdoorList.js	423	"title: ""突破活动调试模式"""	"title: ""踏破活动调试模式"""	test_ui	manual	medium
magica/js/test/BackdoorList.js	565	"title: ""Magia 石材购买状态确认"""	"title: ""魔法石购买状态"""	test_ui	manual	medium
magica/js/test/BackdoorQuestList.js	65	現代神浜編	现代神滨篇	test_ui	designated Wiki	high
magica/js/test/BackdoorQuestList.js	95	"""話 Battle"""	"""话 战斗"""	test_ui	manual	medium
magica/template/test/Backdoor.html	79	活动<%= model.eventId %>的设置	活动<%= model.eventId %>套装	test_ui	manual	medium
magica/template/test/Backdoor.html	18	最下部	最下方	test_ui	manual	low
magica/template/test/Backdoor.html	18	最上部	最上方	test_ui	manual	low
magica/template/test/Backdoor.html	22	>検索<	>搜索<	test_ui	manual	low
magica/template/test/Backdoor.html	26	>全表示<	>全部显示<	test_ui	manual	low
magica/template/test/Backdoor.html	44	>全表示<	>全部显示<	test_ui	manual	low
magica/template/test/Backdoor.html	60	>全表示<	>全部显示<	test_ui	manual	low
magica/template/test/Backdoor.html	37	全素材 × 100	全部素材 × 100	test_ui	manual	low
magica/template/test/Backdoor.html	86	>１字削除<	>删除1个字符<	test_ui	manual	low
magica/template/test/Backdoor.html	130	>1字削除<	>删除1个字符<	test_ui	manual	low
magica/template/test/Backdoor.html	87	>報酬付与<	>发放奖励<	test_ui	manual	low
magica/template/test/Backdoor.html	107	（所持数：	（持有数：	test_ui	manual	low
magica/template/test/Backdoor.html	109	>個数指定<	>指定数量<	test_ui	manual	low
magica/template/test/backdoorList.html	5	相撲TOP	相扑首页	test_ui	manual	medium
magica/template/test/backdoorList.html	11	章节Lv 上升	剧情等级提升	test_ui	manual	medium
magica/template/test/backdoorList.html	19	1 份散装 通关	第一部一键通关	test_ui	manual	medium
magica/template/test/backdoorList.html	31	无理 战斗 再试一次	重试理违战	test_ui	manual	medium
magica/template/test/backdoorList.html	164	完了（TU999）	完成（TU999）	test_ui	manual	low
magica/template/test/backdoorList.html	88	エラーコードを入力。	输入错误代码。	test_ui	manual	low
magica/template/test/backdoorList.html	91	ツイートリンクを入力。	输入推文链接。	test_ui	manual	low
magica/template/test/BackdoorLive2d.html	19	>育成<	>养成<	test_ui	manual	low
magica/template/test/BackdoorQuestBattle.html	6	>貼付<	>粘贴<	test_ui	manual	low
magica/template/test/BackdoorQuestBattle.html	7	>履歴<	>历史记录<	test_ui	manual	low
magica/template/test/BackdoorQuestBattle.html	20	>1字削除<	>删除1个字符<	test_ui	manual	low
magica/template/test/BackdoorQuestBattle.html	28	>入力<	>输入<	test_ui	manual	low
magica/template/test/EffectTest.html	16	>表示<	>显示<	test_ui	manual	low
magica/template/test/EffectTest.html	17	>削除<	>删除<	test_ui	manual	low
magica/template/test/FriendSearch.html	53	>検索<	>搜索<	test_ui	manual	low
magica/template/test/FriendSearch.html	65	"<span class=""btn follow"">关注</p>"	"<span class=""btn follow"">关注</span>"	html_structure_repair	manual	high
magica/template/test/PresentListTest.html	28	×<%= model.quantity %\>枚	×<%= model.quantity %\>张	test_ui	manual	low
magica/template/test/QuestStub.html	62	戦闘不能回数	战斗不能次数	test_ui	manual	low
magica/template/test/SelectStoryTest.html	7	>貼付<	>粘贴<	test_ui	manual	low
magica/template/test/SelectStoryTest.html	8	>履歴<	>历史记录<	test_ui	manual	low
magica/template/test/SelectStoryTest.html	33	>1字削除<	>删除1个字符<	test_ui	manual	low
magica/template/test/SelectStoryTest.html	41	>入力<	>输入<	test_ui	manual	low
magica/template/test/SelectStoryTest.html	46	>履歴削除<	>删除历史记录<	test_ui	manual	low
magica/template/test/SdCharaTest.html	8	>迷你角色显示<	>显示迷你角色<	test_ui	manual	low
magica/template/test/SdCharaTest.html	11	"placeholder=""输入index"""	"placeholder=""请输入index"""	test_ui	manual	low
magica/template/test/SdCharaTest.html	14	"placeholder=""输入charaId"""	"placeholder=""请输入charaId"""	test_ui	manual	low
magica/template/test/SdCharaTest.html	17	"placeholder=""输入Scale"""	"placeholder=""请输入Scale"""	test_ui	manual	low
magica/template/test/SdCharaTest.html	18	"placeholder=""输入Fade"""	"placeholder=""请输入Fade"""	test_ui	manual	low
magica/template/etc/LawPopup.html	1	旧版中日混合且含<<span结构错误的法律文本	全中文法律信息与已修复span结构	production_legal_ui	Pass16 full manual rewrite	high
