text	authoritative_cn	tier	exact_source_path	source_pointer	confidence	notes
粛清天使	肃清天使	2_wiki_explicit_pair	C:\Users\proje\Documents\Codex\2026-08-06\https-github-com-hiiraginemu-magireco-wiki-3\work\wiki_authority\wiki-data\data\archive\templates.jsonl.gz	jsonl:1567:/wikitext/magia日文;jsonl:1567:/wikitext/magia中文	1.00	Wiki角色数据模板的Magia日中显式字段
現代神滨篇	现代神滨篇	2_wiki_explicit_pair	C:\Users\proje\Documents\Codex\2026-08-06\https-github-com-hiiraginemu-magireco-wiki-3\work\wiki_authority\wiki-data\data\pages_index.json	/5668/title	0.99	Wiki日中显式对应
宝崎市立光塚中等教育学校	宝崎市立光冢中等教育学校	2_wiki_component	C:\Users\proje\Documents\Codex\2026-08-06\https-github-com-hiiraginemu-magireco-wiki-3\work\wiki_authority\wiki-data\data\characters.json	/神乐灿/infobox/出身地;/游狩美由利/infobox/出身地	0.97	两名该校角色的Wiki出身地均采用“宝崎市光冢”
我是旅行调整屋之一，篠目约鹤。\n受老师邀请，我成为了调整屋。\n作为魔法少女，我实在太过弱小，\n甚至没有活下去的力量，\n是老师为我指明了生存之路。\n虽然我作为调整屋还缺乏经验，\n但我会怀着自豪，替您保管灵魂宝石。	我是旅行调整屋之一，篠目夜鹤。\n受老师邀请，我成为了调整屋。\n作为魔法少女，我实在太过弱小，\n甚至没有活下去的力量，\n是老师为我指明了生存之路。\n虽然我作为调整屋还缺乏经验，\n但我会怀着自豪，替您保管灵魂宝石。	1_official_cn_dump_component	A:\magireco_cn_dump_20221010_decrypted_json\authority\authority.json	/cardList.json/10404/cardName	0.99	仅替换官方国服已确认的名称或用词组件
您好，我叫篠目约鹤，\n在中央区经营调整屋。\n您光临时，\n请允许我用美味甜点款待您。	您好，我叫篠目夜鹤，\n在中央区经营调整屋。\n您光临时，\n请允许我用美味甜点款待您。	1_official_cn_dump_component	A:\magireco_cn_dump_20221010_decrypted_json\authority\authority.json	/cardList.json/10404/cardName	0.99	仅替换官方国服已确认的名称或用词组件
準備完了						未找到官方国服或Wiki可直接采用的中文对
好評配信中	好评发布中	2_wiki_component	C:\Users\proje\Documents\Codex\2026-08-06\https-github-com-hiiraginemu-magireco-wiki-3\work\wiki_authority\wiki-data\data\archive\articles.jsonl.gz	jsonl:2700:/wikitext/台词77;jsonl:2709:/wikitext/台词77;jsonl:2730:/wikitext/台词77	0.99	Wiki多名角色的同类固定片尾语音均采用“好评发布中”
好評配信中！	好评发布中！	2_wiki_component	C:\Users\proje\Documents\Codex\2026-08-06\https-github-com-hiiraginemu-magireco-wiki-3\work\wiki_authority\wiki-data\data\archive\articles.jsonl.gz	jsonl:2735:/wikitext/台词76;jsonl:2792:/wikitext/台词78;jsonl:2801:/wikitext/台词77	0.99	Wiki同类固定片尾语音采用“好评发布中”，保留原感叹号
仏罰！						未找到官方国服或Wiki可直接采用的中文对
永遠的刻						未找到官方国服或Wiki可直接采用的中文对
水鉄砲	水枪	2_wiki_explicit_pair	C:\Users\proje\Documents\Codex\2026-08-06\https-github-com-hiiraginemu-magireco-wiki-3\work\wiki_authority\wiki-data\data\memoria.json	/にぎやかな潮騒/effect_ja;/にぎやかな潮騒/effect	0.99	Wiki日中显式对应
「情人节交換券」的兑换道具	在「情人节兑换券」中用于兑换的道具	1_official_cn_dump_same_record	A:\magireco_cn_dump_20221010_decrypted_json\authority\authority.json	/itemList.json/EVENT_DAILYTOWER_1086_EXCHANGE_2/description	0.99	采用官方国服同一记录中的中文值
霧峰村、神滨市	雾峰村、神滨市	2_wiki_component	C:\Users\proje\Documents\Codex\2026-08-06\https-github-com-hiiraginemu-magireco-wiki-3\work\wiki_authority\wiki-data\data\story.json	/主线剧情-第2部第1章-2话/lines/723/text	0.95	仅替换Wiki已确认的名称或用词组件
114,宮尾时雨	114,宫尾时雨	1_official_cn_dump_component	A:\magireco_cn_dump_20221010_decrypted_json\authority\authority.json	/cardList.json/10294/cardName	0.99	仅替换官方国服已确认的名称或用词组件
水場	戏水处	1_official_cn_dump_component	A:\magireco_cn_dump_20221010_decrypted_json\authority\authority.json	/itemList.json/EVENT_DAILYTOWER_1056_STICKER_110100/shortDescription;/itemList.json/EVENT_DAILYTOWER_1056_STICKER_230000/shortDescription	0.99	官方国服同类魔法少女贴纸的出没场所字段
恵萌花	惠萌花	1_official_cn_dump_exact	A:\magireco_cn_dump_20221010_decrypted_json\authority\authority.json	/cardList.json/30343/cardName	1.00	官方国服直接值
139,恵萌花	139,惠萌花	1_official_cn_dump_component	A:\magireco_cn_dump_20221010_decrypted_json\authority\authority.json	/cardList.json/30343/cardName	0.99	仅替换官方国服已确认的名称或用词组件
飾利潤	饰利润	2_wiki_explicit_pair	C:\Users\proje\Documents\Codex\2026-08-06\https-github-com-hiiraginemu-magireco-wiki-3\work\wiki_authority\wiki-data\data\characters.json	/饰利润/nameJa;/饰利润/nameZh	0.99	Wiki日中显式对应
136,飾利潤	136,饰利润	2_wiki_component	C:\Users\proje\Documents\Codex\2026-08-06\https-github-com-hiiraginemu-magireco-wiki-3\work\wiki_authority\wiki-data\data\characters.json	/饰利润/nameJa;/饰利润/nameZh	0.99	仅替换Wiki已确认的名称或用词组件
南津涼子	南津凉子	1_official_cn_dump_exact	A:\magireco_cn_dump_20221010_decrypted_json\authority\authority.json	/cardList.json/30584/cardName	1.00	官方国服直接值
128,南津涼子	128,南津凉子	1_official_cn_dump_component	A:\magireco_cn_dump_20221010_decrypted_json\authority\authority.json	/cardList.json/30584/cardName	0.99	仅替换官方国服已确认的名称或用词组件
「时女拾遺物語」的兑换道具	「时女拾遗物语」的兑换道具	2_wiki_component	C:\Users\proje\Documents\Codex\2026-08-06\https-github-com-hiiraginemu-magireco-wiki-3\work\wiki_authority\wiki-data\data\pages_index.json	/590/title	0.98	仅替换Wiki已确认的名称或用词组件
霧峰村	雾峰村	2_wiki_component	C:\Users\proje\Documents\Codex\2026-08-06\https-github-com-hiiraginemu-magireco-wiki-3\work\wiki_authority\wiki-data\data\story.json	/主线剧情-第2部第1章-2话/lines/723/text	0.95	仅替换Wiki已确认的名称或用词组件
「神滨时空運動会」的兑换道具	「神滨时空运动会」的兑换道具	2_wiki_component	C:\Users\proje\Documents\Codex\2026-08-06\https-github-com-hiiraginemu-magireco-wiki-3\work\wiki_authority\wiki-data\data\pages_index.json	/796/title;/6678/headings/27/text	0.96	Wiki中日活动标题共同确认“運動会→运动会”
11世紀北欧	11世纪北欧	2_wiki_component	C:\Users\proje\Documents\Codex\2026-08-06\https-github-com-hiiraginemu-magireco-wiki-3\work\wiki_authority\wiki-data\data\memoria.json	/究極vs至高/desc_ja;/究極vs至高/desc_zh	0.97	仅替换Wiki已确认的名称或用词组件
3世紀日本 邪馬台国	3世纪日本 邪马台国	2_wiki_component	C:\Users\proje\Documents\Codex\2026-08-06\https-github-com-hiiraginemu-magireco-wiki-3\work\wiki_authority\wiki-data\data\memoria.json;C:\Users\proje\Documents\Codex\2026-08-06\https-github-com-hiiraginemu-magireco-wiki-3\work\wiki_authority\wiki-data\data\pages_index.json	/究極vs至高/desc_ja;/究極vs至高/desc_zh;/96/title	0.96	Wiki分别确认“世紀→世纪”和“邪馬台国→邪马台国”
可兑换専用在商店泳装衣装的券						未找到官方国服或Wiki可直接采用的中文对
調整屋硬币	调整专家币	1_official_cn_dump_same_record	A:\magireco_cn_dump_20221010_decrypted_json\authority\authority.json	/itemList.json/GACHA_FREEBIE_343_MEDAL/name	0.99	同一GACHA_FREEBIE记录的官方国服名称
主页背景「时女拾遺物語」。	主页背景「时女拾遗物语」。	2_wiki_component	C:\Users\proje\Documents\Codex\2026-08-06\https-github-com-hiiraginemu-magireco-wiki-3\work\wiki_authority\wiki-data\data\pages_index.json	/590/title	0.98	仅替换Wiki已确认的名称或用词组件
背景「时女拾遺物語」	背景「时女拾遗物语」	2_wiki_component	C:\Users\proje\Documents\Codex\2026-08-06\https-github-com-hiiraginemu-magireco-wiki-3\work\wiki_authority\wiki-data\data\pages_index.json	/590/title	0.98	仅替换Wiki已确认的名称或用词组件
时女拾遺物語	时女拾遗物语	2_wiki_component	C:\Users\proje\Documents\Codex\2026-08-06\https-github-com-hiiraginemu-magireco-wiki-3\work\wiki_authority\wiki-data\data\pages_index.json	/590/title	0.98	仅替换Wiki已确认的名称或用词组件
主页背景「七色夏模様」。	主页背景「七彩夏日绘」。	2_wiki_explicit_pair	C:\Users\proje\Documents\Codex\2026-08-06\https-github-com-hiiraginemu-magireco-wiki-3\work\wiki_authority\wiki-data\data\archive\articles.jsonl.gz	jsonl:1888:/title;jsonl:1888:/wikitext/活动信息框/日文标题	0.99	Wiki活动页显式给出日文标题与中文页名；仅保留原字段包装
背景「七色夏模様」	背景「七彩夏日绘」	2_wiki_explicit_pair	C:\Users\proje\Documents\Codex\2026-08-06\https-github-com-hiiraginemu-magireco-wiki-3\work\wiki_authority\wiki-data\data\archive\articles.jsonl.gz	jsonl:1888:/title;jsonl:1888:/wikitext/活动信息框/日文标题	0.99	Wiki活动页显式给出日文标题与中文页名；仅保留原字段包装
七色夏模様	七彩夏日绘	2_wiki_explicit_pair	C:\Users\proje\Documents\Codex\2026-08-06\https-github-com-hiiraginemu-magireco-wiki-3\work\wiki_authority\wiki-data\data\archive\articles.jsonl.gz	jsonl:1888:/title;jsonl:1888:/wikitext/活动信息框/日文标题	0.99	Wiki活动页显式给出日文标题与中文页名；仅保留原字段包装
主页背景「神滨大運動会」。	主页背景「神滨大运动会」。	2_wiki_component	C:\Users\proje\Documents\Codex\2026-08-06\https-github-com-hiiraginemu-magireco-wiki-3\work\wiki_authority\wiki-data\data\pages_index.json	/796/title;/6678/headings/27/text	0.99	仅替换Wiki已确认的名称或用词组件
背景「神滨大運動会」	背景「神滨大运动会」	2_wiki_component	C:\Users\proje\Documents\Codex\2026-08-06\https-github-com-hiiraginemu-magireco-wiki-3\work\wiki_authority\wiki-data\data\pages_index.json	/796/title;/6678/headings/27/text	0.99	仅替换Wiki已确认的名称或用词组件
神滨大運動会	神滨大运动会	2_wiki_component	C:\Users\proje\Documents\Codex\2026-08-06\https-github-com-hiiraginemu-magireco-wiki-3\work\wiki_authority\wiki-data\data\pages_index.json	/796/title;/6678/headings/27/text	0.99	仅替换Wiki已确认的名称或用词组件
謹賀新年★4魔法少女兑换券	谨贺新年★4魔法少女兑换券	2_wiki_component	C:\Users\proje\Documents\Codex\2026-08-06\https-github-com-hiiraginemu-magireco-wiki-3\work\wiki_authority\wiki-data\data\memoria.json	/兎にも角にも謹賀新年/name_ja;/兎にも角にも謹賀新年/name_zh	0.98	仅替换Wiki已确认的名称或用词组件
可使用1次周年纪念★4魔法少女1体必得10連扭蛋的券	可使用1次周年纪念★4魔法少女1体必得10连扭蛋的券	1_official_cn_dump_component	A:\magireco_cn_dump_20221010_decrypted_json\authority\authority.json	/itemList.json/GACHA10_TICKET/name;/itemList.json/GACHA10_TICKET/shortDescription	0.99	官方国服同类票券明确采用“10连扭蛋券”；目标仅替换日文旧字“連”
第2部登場★4魔法少女必得扭蛋券	第2部登场★4保底魔法少女扭蛋券	1_official_cn_dump_same_record	A:\magireco_cn_dump_20221010_decrypted_json\authority\authority.json	/itemList.json/SPECIAL_GACHA_494_TICKET/description	0.99	取自同一票券记录的官方国服说明
宝崎市立光塚中等教育学校校服	宝崎市立光冢中等教育学校校服	2_wiki_component	C:\Users\proje\Documents\Codex\2026-08-06\https-github-com-hiiraginemu-magireco-wiki-3\work\wiki_authority\wiki-data\data\characters.json	/神乐灿/infobox/出身地;/游狩美由利/infobox/出身地	0.97	仅替换Wiki已确认的名称或用词组件
魔法少女(日本語)	魔法少女(翻译装置)	2_wiki_component	C:\Users\proje\Documents\Codex\2026-08-06\https-github-com-hiiraginemu-magireco-wiki-3\work\wiki_authority\wiki-data\data\archive\articles.jsonl.gz	jsonl:1247:/wikitext/角色语音/tabber/魔法少女/私服(翻译装置);jsonl:1247:/wikitext/服装编号02	0.98	Wiki在佐和月出里角色页将同一02号语音服装标为“翻译装置”
私服(日本語)	私服(翻译装置)	2_wiki_component	C:\Users\proje\Documents\Codex\2026-08-06\https-github-com-hiiraginemu-magireco-wiki-3\work\wiki_authority\wiki-data\data\archive\articles.jsonl.gz	jsonl:1247:/wikitext/角色语音/tabber/魔法少女/私服(翻译装置)	0.96	Wiki同一角色页的语音服装分组采用“私服(翻译装置)”
銀幕衣装	银幕服装	2_wiki_component	C:\Users\proje\Documents\Codex\2026-08-06\https-github-com-hiiraginemu-magireco-wiki-3\work\wiki_authority\wiki-data\data\archive\articles.jsonl.gz	jsonl:925:/wikitext/商店/忘却之圆舞曲1部	0.98	Wiki活动商店对目标两名角色的该服装统一采用“银幕服装”
魔法少女(葉月)	魔法少女(叶月)	1_official_cn_dump_component	A:\magireco_cn_dump_20221010_decrypted_json\authority\authority.json	/charaList.json/3027/name	0.99	仅替换官方国服已确认的名称或用词组件
通关主线第1部第2章第5話	通关主线第1部第2章第5话	2_wiki_component	C:\Users\proje\Documents\Codex\2026-08-06\https-github-com-hiiraginemu-magireco-wiki-3\work\wiki_authority\wiki-data\data\story.json	/主线剧情-第2章-5话/title	0.98	仅替换Wiki已确认的名称或用词组件
裏方独演会	后台个人演出	2_wiki_explicit_pair	C:\Users\proje\Documents\Codex\2026-08-06\https-github-com-hiiraginemu-magireco-wiki-3\work\wiki_authority\wiki-data\data\memoria.json	/裏方独演会/name_ja;/裏方独演会/name_zh	0.99	Wiki日中显式对应
桜前線急上昇	樱花前线急速上升	2_wiki_explicit_pair	C:\Users\proje\Documents\Codex\2026-08-06\https-github-com-hiiraginemu-magireco-wiki-3\work\wiki_authority\wiki-data\data\memoria.json	/桜前線急上昇/name_ja;/桜前線急上昇/name_zh	0.99	Wiki日中显式对应
“你们要悔改”（译注：《圣经·马太福音》3章第2節）＠背对十字的光线，稳静地陈述着＠班里活跃的开心果＠站在有烦恼的人面前，也会露出这样的一面		2_wiki_exact_equivalent	C:\Users\proje\Documents\Codex\2026-08-06\https-github-com-hiiraginemu-magireco-wiki-3\work\wiki_authority\wiki-data\data\memoria.json	/町の片隅の小さな光/desc_zh	1.00	当前文本已与Wiki中文字段一致（换行规范化为＠后逐字相等）；保留原值，无需替换
究極VS至高	究极VS至高	2_wiki_explicit_pair	C:\Users\proje\Documents\Codex\2026-08-06\https-github-com-hiiraginemu-magireco-wiki-3\work\wiki_authority\wiki-data\data\memoria.json	/究極vs至高/name_ja;/究極vs至高/name_zh	0.99	Wiki日中显式对应
一次又一次地想起来＠垂死的少女们的慟哭，和令人窒息的血腥味＠握住手掌上残留着鲜血感觉，直面无法赦免的罪＠也许是因为想受到制裁，亦或是...		2_wiki_exact_equivalent	C:\Users\proje\Documents\Codex\2026-08-06\https-github-com-hiiraginemu-magireco-wiki-3\work\wiki_authority\wiki-data\data\memoria.json	/赦されぬ罪/desc_zh	1.00	当前文本已与Wiki中文字段一致（换行规范化为＠后逐字相等）；保留原值，无需替换
引縄批根	引绳批根	2_wiki_explicit_pair	C:\Users\proje\Documents\Codex\2026-08-06\https-github-com-hiiraginemu-magireco-wiki-3\work\wiki_authority\wiki-data\data\memoria.json	/引縄批根/name_ja;/引縄批根/name_zh	0.99	Wiki日中显式对应
攻击力降低[Ⅳ] & 防御力降低[Ⅳ](敌単/1T) & HP自动回复[Ⅲ](自身/3T)	攻击力DOWN[Ⅳ] & 防御力DOWN[Ⅳ](敌单/1T) & 自动回复HP[Ⅲ](自/3T)	2_wiki_explicit_pair	C:\Users\proje\Documents\Codex\2026-08-06\https-github-com-hiiraginemu-magireco-wiki-3\work\wiki_authority\wiki-data\data\memoria.json	/お菓子の宝石箱/effect_ja;/お菓子の宝石箱/effect	0.99	Wiki记忆结晶日文效果与中文效果的结构化对应；活动加成尾段未写入技能短说明
攻击力降低[Ⅴ] & 防御力降低[Ⅴ](敌単/1T) & HP自动回复[Ⅳ](自身/3T)	攻击力DOWN[Ⅴ] & 防御力DOWN[Ⅴ](敌单/1T) & 自动回复HP[Ⅳ](自/3T)	2_wiki_explicit_pair	C:\Users\proje\Documents\Codex\2026-08-06\https-github-com-hiiraginemu-magireco-wiki-3\work\wiki_authority\wiki-data\data\memoria.json	/お菓子の宝石箱/effect_max_ja;/お菓子の宝石箱/effect_max	0.99	Wiki记忆结晶日文效果与中文效果的结构化对应；活动加成尾段未写入技能短说明
防御力降低[Ⅵ](敌全/1T) & 状态異常耐性UP[Ⅴ](自身/1T)	防御力DOWN[Ⅵ](敌全/1T) & 状态异常耐性UP[Ⅴ](自/1T)	2_wiki_explicit_pair	C:\Users\proje\Documents\Codex\2026-08-06\https-github-com-hiiraginemu-magireco-wiki-3\work\wiki_authority\wiki-data\data\memoria.json	/予鈴で目を覚ます/effect_ja;/予鈴で目を覚ます/effect	0.99	Wiki记忆结晶日文效果与中文效果的结构化对应；活动加成尾段未写入技能短说明
防御力降低[Ⅶ](敌全/1T) & 状态異常耐性UP[Ⅵ](自身/1T)	防御力DOWN[Ⅶ](敌全/1T) & 状态异常耐性UP[Ⅵ](自/1T)	2_wiki_explicit_pair	C:\Users\proje\Documents\Codex\2026-08-06\https-github-com-hiiraginemu-magireco-wiki-3\work\wiki_authority\wiki-data\data\memoria.json	/予鈴で目を覚ます/effect_max_ja;/予鈴で目を覚ます/effect_max	0.99	Wiki记忆结晶日文效果与中文效果的结构化对应；活动加成尾段未写入技能短说明
状态異常耐性UP[Ⅳ](我方全体/3T)	状态异常耐性UP[Ⅳ](己全/3T)	2_wiki_explicit_pair	C:\Users\proje\Documents\Codex\2026-08-06\https-github-com-hiiraginemu-magireco-wiki-3\work\wiki_authority\wiki-data\data\memoria.json	/真夏の夜の魔法/effect_ja;/真夏の夜の魔法/effect	0.99	Wiki记忆结晶日文效果与中文效果的结构化对应；活动加成尾段未写入技能短说明
状态異常耐性UP[Ⅴ](我方全体/3T)	状态异常耐性UP[Ⅴ](己全/3T)	2_wiki_explicit_pair	C:\Users\proje\Documents\Codex\2026-08-06\https-github-com-hiiraginemu-magireco-wiki-3\work\wiki_authority\wiki-data\data\memoria.json	/真夏の夜の魔法/effect_max_ja;/真夏の夜の魔法/effect_max	0.99	Wiki记忆结晶日文效果与中文效果的结构化对应；活动加成尾段未写入技能短说明
攻击力降低[Ⅱ] & 状态異常耐性DOWN[Ⅱ](敌全/3T)	攻击力DOWN[Ⅱ] & 状态异常耐性DOWN[Ⅱ](敌全/3T)	2_wiki_explicit_pair	C:\Users\proje\Documents\Codex\2026-08-06\https-github-com-hiiraginemu-magireco-wiki-3\work\wiki_authority\wiki-data\data\memoria.json	/迷わず進むための光/effect_ja;/迷わず進むための光/effect	0.99	Wiki记忆结晶日文效果与中文效果的结构化对应；活动加成尾段未写入技能短说明
攻击力降低[Ⅴ] & 防御力降低[Ⅴ](敌単/1T)	攻击力DOWN[Ⅴ] & 防御力DOWN[Ⅴ](敌单/1T)	2_wiki_explicit_pair	C:\Users\proje\Documents\Codex\2026-08-06\https-github-com-hiiraginemu-magireco-wiki-3\work\wiki_authority\wiki-data\data\memoria.json	/約束を胸に刻んで/effect_ja;/約束を胸に刻んで/effect	0.99	Wiki记忆结晶日文效果与中文效果的结构化对应；活动加成尾段未写入技能短说明
攻击力降低[Ⅵ] & 防御力降低[Ⅵ](敌単/1T)	攻击力DOWN[Ⅵ] & 防御力DOWN[Ⅵ](敌单/1T)	2_wiki_explicit_pair	C:\Users\proje\Documents\Codex\2026-08-06\https-github-com-hiiraginemu-magireco-wiki-3\work\wiki_authority\wiki-data\data\memoria.json	/約束を胸に刻んで/effect_max_ja;/約束を胸に刻んで/effect_max	0.99	Wiki记忆结晶日文效果与中文效果的结构化对应；活动加成尾段未写入技能短说明
状态異常耐性UP[Ⅲ](我方全体/1T)	状态异常耐性UP[Ⅲ](己全/1T)	2_wiki_explicit_pair	C:\Users\proje\Documents\Codex\2026-08-06\https-github-com-hiiraginemu-magireco-wiki-3\work\wiki_authority\wiki-data\data\memoria.json	/穏やかに日々を紡いで/effect_ja;/穏やかに日々を紡いで/effect	0.99	Wiki记忆结晶日文效果与中文效果的结构化对应；活动加成尾段未写入技能短说明
攻击力降低[Ⅲ](敌単/1T) & 防御力提升[Ⅱ](自身/1T)	攻击力DOWN[Ⅲ](敌单/1T) & 防御力UP[Ⅱ](自/1T)	2_wiki_explicit_pair	C:\Users\proje\Documents\Codex\2026-08-06\https-github-com-hiiraginemu-magireco-wiki-3\work\wiki_authority\wiki-data\data\memoria.json	/星合に浮かぶ/effect_ja;/星合に浮かぶ/effect	0.99	Wiki记忆结晶日文效果与中文效果的结构化对应；活动加成尾段未写入技能短说明
攻击力降低[Ⅴ](敌単/1T) & 防御力提升[Ⅱ](自身/1T)	攻击力DOWN[Ⅴ](敌单/1T) & 防御力UP[Ⅱ](自/1T)	2_wiki_explicit_pair	C:\Users\proje\Documents\Codex\2026-08-06\https-github-com-hiiraginemu-magireco-wiki-3\work\wiki_authority\wiki-data\data\memoria.json	/星合に浮かぶ/effect_max_ja;/星合に浮かぶ/effect_max	0.99	Wiki记忆结晶日文效果与中文效果的结构化对应；活动加成尾段未写入技能短说明
状态異常耐性DOWN[Ⅱ](敌単/3T)	状态异常耐性DOWN[Ⅱ](敌单/3T)	2_wiki_explicit_pair	C:\Users\proje\Documents\Codex\2026-08-06\https-github-com-hiiraginemu-magireco-wiki-3\work\wiki_authority\wiki-data\data\memoria.json	/重すぎる代償/effect_ja;/重すぎる代償/effect	0.99	Wiki记忆结晶日文效果与中文效果的结构化对应；活动加成尾段未写入技能短说明
状态異常耐性DOWN[Ⅲ](敌単/3T)	状态异常耐性DOWN[Ⅲ](敌单/3T)	2_wiki_explicit_pair	C:\Users\proje\Documents\Codex\2026-08-06\https-github-com-hiiraginemu-magireco-wiki-3\work\wiki_authority\wiki-data\data\memoria.json	/重すぎる代償/effect_max_ja;/重すぎる代償/effect_max	0.99	Wiki记忆结晶日文效果与中文效果的结构化对应；活动加成尾段未写入技能短说明
HP自动回复[Ⅲ] & 状态異常耐性UP[Ⅲ](我方全体/3T)	自动回复HP[Ⅲ] & 状态异常耐性UP[Ⅲ](己全/3T)	2_wiki_explicit_pair	C:\Users\proje\Documents\Codex\2026-08-06\https-github-com-hiiraginemu-magireco-wiki-3\work\wiki_authority\wiki-data\data\memoria.json	/ファースト・レコード/effect_ja;/ファースト・レコード/effect	0.99	Wiki记忆结晶日文效果与中文效果的结构化对应；活动加成尾段未写入技能短说明
攻击力提升[Ⅲ] & 瀕死时攻击力提升[Ⅰ]	攻击力提升[Ⅲ] & 濒死时攻击力提升[Ⅰ]	1_official_cn_dump_exact	A:\magireco_cn_dump_20221010_decrypted_json\authority\authority.json	/pieceSkillMap.json/127301/shortDescription	1.00	官方国服直接值
攻击力降低[XⅡ](敌単/1T) & 防御力提升[Ⅵ](自身/1T)	攻击力DOWN[XⅡ](敌单/1T) & 防御力UP[Ⅵ](自/1T)	2_wiki_explicit_pair	C:\Users\proje\Documents\Codex\2026-08-06\https-github-com-hiiraginemu-magireco-wiki-3\work\wiki_authority\wiki-data\data\memoria.json	/遊びだって真剣勝負/effect_ja;/遊びだって真剣勝負/effect	0.99	Wiki记忆结晶日文效果与中文效果的结构化对应；活动加成尾段未写入技能短说明
攻击力降低[XⅢ](敌単/1T) & 防御力提升[Ⅶ](自身/1T)	攻击力DOWN[XⅢ](敌单/1T) & 防御力UP[Ⅶ](自/1T)	2_wiki_explicit_pair	C:\Users\proje\Documents\Codex\2026-08-06\https-github-com-hiiraginemu-magireco-wiki-3\work\wiki_authority\wiki-data\data\memoria.json	/遊びだって真剣勝負/effect_max_ja;/遊びだって真剣勝負/effect_max	0.99	Wiki记忆结晶日文效果与中文效果的结构化对应；活动加成尾段未写入技能短说明
状态異常耐性DOWN[Ⅶ] & 防御力降低[Ⅷ](敌全/1T)	状态异常耐性DOWN[Ⅶ] & 防御力DOWN[Ⅷ](敌全/1T)	2_wiki_explicit_pair	C:\Users\proje\Documents\Codex\2026-08-06\https-github-com-hiiraginemu-magireco-wiki-3\work\wiki_authority\wiki-data\data\memoria.json	/無心になりたくて/effect_ja;/無心になりたくて/effect	0.99	Wiki记忆结晶日文效果与中文效果的结构化对应；活动加成尾段未写入技能短说明
状态異常耐性DOWN[Ⅷ] & 防御力降低[Ⅸ](敌全/1T)	状态异常耐性DOWN[Ⅷ] & 防御力DOWN[Ⅸ](敌全/1T)	2_wiki_explicit_pair	C:\Users\proje\Documents\Codex\2026-08-06\https-github-com-hiiraginemu-magireco-wiki-3\work\wiki_authority\wiki-data\data\memoria.json	/無心になりたくて/effect_max_ja;/無心になりたくて/effect_max	0.99	Wiki记忆结晶日文效果与中文效果的结构化对应；活动加成尾段未写入技能短说明
HP自动回复[Ⅳ] & 状态異常耐性UP[Ⅱ](自身/3T)	自动回复HP[Ⅳ] & 状态异常耐性UP[Ⅱ](自/3T)	2_wiki_explicit_pair	C:\Users\proje\Documents\Codex\2026-08-06\https-github-com-hiiraginemu-magireco-wiki-3\work\wiki_authority\wiki-data\data\memoria.json	/縋ってしまった光/effect_ja;/縋ってしまった光/effect	0.99	Wiki记忆结晶日文效果与中文效果的结构化对应；活动加成尾段未写入技能短说明
防御力提升[Ⅳ] & 状态異常耐性UP[Ⅳ](自身/3T)	防御力UP[Ⅳ] & 状态异常耐性UP[Ⅳ](自/3T)	2_wiki_explicit_pair	C:\Users\proje\Documents\Codex\2026-08-06\https-github-com-hiiraginemu-magireco-wiki-3\work\wiki_authority\wiki-data\data\memoria.json	/ありあまるユーフォリア/effect_ja;/ありあまるユーフォリア/effect	0.99	Wiki记忆结晶日文效果与中文效果的结构化对应；活动加成尾段未写入技能短说明
HP自动回复[Ⅱ] & 防御力上昇[Ⅰ]	自动回复HP[Ⅱ] & 防御力UP[Ⅰ]	2_wiki_component	C:\Users\proje\Documents\Codex\2026-08-06\https-github-com-hiiraginemu-magireco-wiki-3\work\wiki_authority\wiki-data\data\memoria.json	/いつもの朝の光景/effect_ja;/いつもの朝の光景/effect;/これが恋の香り/effect_ja;/これが恋の香り/effect	0.98	Wiki结构化效果对分别确认“HP自动回复→自动回复HP”和“防御力上昇→防御力UP”
神滨市営霊园						未找到官方国服或Wiki可直接采用的中文对
調整屋	调整屋	2_wiki_component	C:\Users\proje\Documents\Codex\2026-08-06\https-github-com-hiiraginemu-magireco-wiki-3\work\wiki_authority\wiki-data\data\story.json	/主线剧情-第3章-5话/lines/5/text	0.94	仅替换Wiki已确认的名称或用词组件
时女一族編 1話	时女一族篇 1话	2_wiki_explicit_pair	C:\Users\proje\Documents\Codex\2026-08-06\https-github-com-hiiraginemu-magireco-wiki-3\work\wiki_authority\wiki-data\data\story.json	/主线剧情-第2部第8章-22话/title	0.99	Wiki对应主线章节标题
南津 涼子	南津凉子	1_official_cn_dump_exact	A:\magireco_cn_dump_20221010_decrypted_json\authority\authority.json	/cardList.json/30584/cardName	1.00	官方国服直接值
时女一族編 2話	时女一族篇 2话	2_wiki_explicit_pair	C:\Users\proje\Documents\Codex\2026-08-06\https-github-com-hiiraginemu-magireco-wiki-3\work\wiki_authority\wiki-data\data\story.json	/主线剧情-第2部第8章-23话/title	0.99	Wiki对应主线章节标题
时女一族編 3話	时女一族篇 3话	2_wiki_explicit_pair	C:\Users\proje\Documents\Codex\2026-08-06\https-github-com-hiiraginemu-magireco-wiki-3\work\wiki_authority\wiki-data\data\story.json	/主线剧情-第2部第8章-24话/title	0.99	Wiki对应主线章节标题
时女一族編 4話	时女一族篇 4话	2_wiki_explicit_pair	C:\Users\proje\Documents\Codex\2026-08-06\https-github-com-hiiraginemu-magireco-wiki-3\work\wiki_authority\wiki-data\data\story.json	/主线剧情-第2部第8章-25话/title	0.99	Wiki对应主线章节标题
时女一族編 5話	时女一族篇 5话	2_wiki_explicit_pair	C:\Users\proje\Documents\Codex\2026-08-06\https-github-com-hiiraginemu-magireco-wiki-3\work\wiki_authority\wiki-data\data\story.json	/主线剧情-第2部第8章-26话/title	0.99	Wiki对应主线章节标题
时女一族編 6話	时女一族篇 6话	2_wiki_explicit_pair	C:\Users\proje\Documents\Codex\2026-08-06\https-github-com-hiiraginemu-magireco-wiki-3\work\wiki_authority\wiki-data\data\story.json	/主线剧情-第2部第8章-27话/title	0.99	Wiki对应主线章节标题
时女一族編 7話	时女一族篇 7话	2_wiki_explicit_pair	C:\Users\proje\Documents\Codex\2026-08-06\https-github-com-hiiraginemu-magireco-wiki-3\work\wiki_authority\wiki-data\data\story.json	/主线剧情-第2部第8章-28话/title	0.99	Wiki对应主线章节标题
时女一族編 8話	时女一族篇 8话	2_wiki_explicit_pair	C:\Users\proje\Documents\Codex\2026-08-06\https-github-com-hiiraginemu-magireco-wiki-3\work\wiki_authority\wiki-data\data\story.json	/主线剧情-第2部第8章-29话/title	0.99	Wiki对应主线章节标题
时女一族編 9話	时女一族篇 9话	2_wiki_explicit_pair	C:\Users\proje\Documents\Codex\2026-08-06\https-github-com-hiiraginemu-magireco-wiki-3\work\wiki_authority\wiki-data\data\story.json	/主线剧情-第2部第8章-30话/title	0.99	Wiki对应主线章节标题
时女一族編 10話	时女一族篇 10话	2_wiki_explicit_pair	C:\Users\proje\Documents\Codex\2026-08-06\https-github-com-hiiraginemu-magireco-wiki-3\work\wiki_authority\wiki-data\data\story.json	/主线剧情-第2部第8章-31话/title	0.99	Wiki对应主线章节标题
橋	桥	2_wiki_component	C:\Users\proje\Documents\Codex\2026-08-06\https-github-com-hiiraginemu-magireco-wiki-3\work\wiki_authority\wiki-data\data\memoria.json	/天馬駆ける/desc_ja;/天馬駆ける/desc_zh	0.99	Wiki日中说明明确采用“橋→桥”
全体編 1話	全体篇 1话	2_wiki_explicit_pair	C:\Users\proje\Documents\Codex\2026-08-06\https-github-com-hiiraginemu-magireco-wiki-3\work\wiki_authority\wiki-data\data\story.json	/主线剧情-第2部第8章-51话/title	0.99	Wiki对应主线章节标题
全体編 2話	全体篇 2话	2_wiki_explicit_pair	C:\Users\proje\Documents\Codex\2026-08-06\https-github-com-hiiraginemu-magireco-wiki-3\work\wiki_authority\wiki-data\data\story.json	/主线剧情-第2部第8章-52话/title	0.99	Wiki对应主线章节标题
全体編 3話	全体篇 3话	2_wiki_explicit_pair	C:\Users\proje\Documents\Codex\2026-08-06\https-github-com-hiiraginemu-magireco-wiki-3\work\wiki_authority\wiki-data\data\story.json	/主线剧情-第2部第8章-53话/title	0.99	Wiki对应主线章节标题
全体編 4話	全体篇 4话	2_wiki_explicit_pair	C:\Users\proje\Documents\Codex\2026-08-06\https-github-com-hiiraginemu-magireco-wiki-3\work\wiki_authority\wiki-data\data\story.json	/主线剧情-第2部第8章-54话/title	0.99	Wiki对应主线章节标题
全体編 5話	全体篇 5话	2_wiki_explicit_pair	C:\Users\proje\Documents\Codex\2026-08-06\https-github-com-hiiraginemu-magireco-wiki-3\work\wiki_authority\wiki-data\data\story.json	/主线剧情-第2部第8章-55话/title	0.99	Wiki对应主线章节标题
全体編 6話	全体篇 6话	2_wiki_explicit_pair	C:\Users\proje\Documents\Codex\2026-08-06\https-github-com-hiiraginemu-magireco-wiki-3\work\wiki_authority\wiki-data\data\story.json	/主线剧情-第2部第8章-56话/title	0.99	Wiki对应主线章节标题
全体編 7話	全体篇 7话	2_wiki_explicit_pair	C:\Users\proje\Documents\Codex\2026-08-06\https-github-com-hiiraginemu-magireco-wiki-3\work\wiki_authority\wiki-data\data\story.json	/主线剧情-第2部第8章-57话/title	0.99	Wiki对应主线章节标题
全体編 8話	全体篇 8话	2_wiki_explicit_pair	C:\Users\proje\Documents\Codex\2026-08-06\https-github-com-hiiraginemu-magireco-wiki-3\work\wiki_authority\wiki-data\data\story.json	/主线剧情-第2部第8章-58话/title	0.99	Wiki对应主线章节标题
全体編 9話	全体篇 9话	2_wiki_explicit_pair	C:\Users\proje\Documents\Codex\2026-08-06\https-github-com-hiiraginemu-magireco-wiki-3\work\wiki_authority\wiki-data\data\story.json	/主线剧情-第2部第8章-59话/title	0.99	Wiki对应主线章节标题
全体編 10話	全体篇 10话	2_wiki_explicit_pair	C:\Users\proje\Documents\Codex\2026-08-06\https-github-com-hiiraginemu-magireco-wiki-3\work\wiki_authority\wiki-data\data\story.json	/主线剧情-第2部第8章-60话/title	0.99	Wiki对应主线章节标题
汤国市駅	汤国市车站	2_wiki_component	C:\Users\proje\Documents\Codex\2026-08-06\https-github-com-hiiraginemu-magireco-wiki-3\work\wiki_authority\wiki-data\data\archive\articles.jsonl.gz	jsonl:2009:/wikitext/中日对照	0.98	Wiki中日对照明确采用“駅→车站”；既有中文地名保持不变
現代神滨編	现代神滨篇	2_wiki_explicit_pair	C:\Users\proje\Documents\Codex\2026-08-06\https-github-com-hiiraginemu-magireco-wiki-3\work\wiki_authority\wiki-data\data\pages_index.json	/5668/title	0.99	Wiki日中显式对应
困難級	困难级	2_wiki_explicit_pair	C:\Users\proje\Documents\Codex\2026-08-06\https-github-com-hiiraginemu-magireco-wiki-3\work\wiki_authority\wiki-data\data\archive\articles.jsonl.gz	jsonl:2175:/wikitext/玩法	1.00	Wiki页面在同一句中显式标注中文“困难级”和日文“困難級”
窮地級	穷地级	2_wiki_explicit_pair	C:\Users\proje\Documents\Codex\2026-08-06\https-github-com-hiiraginemu-magireco-wiki-3\work\wiki_authority\wiki-data\data\archive\articles.jsonl.gz	jsonl:2175:/wikitext/玩法	1.00	Wiki页面在同一句中显式标注中文“穷地级”和日文“窮地級”
绝望級	绝望级	2_wiki_component	C:\Users\proje\Documents\Codex\2026-08-06\https-github-com-hiiraginemu-magireco-wiki-3\work\wiki_authority\wiki-data\data\pages_index.json	/809/headings/6/text	0.97	仅替换Wiki已确认的名称或用词组件
喫茶店	咖啡店	1_official_cn_dump_exact	A:\magireco_cn_dump_20221010_decrypted_json\authority\authority.json	/sectionList.json/101877/areaDetailName	1.00	官方国服直接值
路地裏	小巷	1_official_cn_dump_component	A:\magireco_cn_dump_20221010_decrypted_json\authority\authority.json	/pieceList.json/1125/pieceName;/pieceList.json/1125/description	0.98	官方国服记忆结晶名称和说明采用“小巷”
純 美雨	纯美雨	1_official_cn_dump_exact	A:\magireco_cn_dump_20221010_decrypted_json\authority\authority.json	/charaList.json/3012/name	1.00	官方国服直接值
史乃 沙優希	史乃沙优希	1_official_cn_dump_exact	A:\magireco_cn_dump_20221010_decrypted_json\authority\authority.json	/charaList.json/3033/name	1.00	官方国服直接值
緑地公园	绿地公园	2_wiki_component	C:\Users\proje\Documents\Codex\2026-08-06\https-github-com-hiiraginemu-magireco-wiki-3\work\wiki_authority\wiki-data\data\memoria.json	/朝焼けに発つ/desc_ja;/朝焼けに発つ/desc_zh	0.98	Wiki日中说明明确采用“緑→绿”；既有“地公园”保持不变
遊佐 葉月	游佐叶月	1_official_cn_dump_exact	A:\magireco_cn_dump_20221010_decrypted_json\authority\authority.json	/charaList.json/3027/name	1.00	官方国服直接值
綾野 梨花	绫野梨花	1_official_cn_dump_exact	A:\magireco_cn_dump_20221010_decrypted_json\authority\authority.json	/charaList.json/3031/name	1.00	官方国服直接值
恵 萌花	惠萌花	1_official_cn_dump_exact	A:\magireco_cn_dump_20221010_decrypted_json\authority\authority.json	/cardList.json/30343/cardName	1.00	官方国服直接值
飾利 潤	饰利润	2_wiki_explicit_pair	C:\Users\proje\Documents\Codex\2026-08-06\https-github-com-hiiraginemu-magireco-wiki-3\work\wiki_authority\wiki-data\data\characters.json	/饰利润/nameJa;/饰利润/nameZh	0.99	Wiki日中显式对应
安寧―Peace―	安宁―Peace―	2_wiki_component	C:\Users\proje\Documents\Codex\2026-08-06\https-github-com-hiiraginemu-magireco-wiki-3\work\wiki_authority\wiki-data\data\archive\articles.jsonl.gz	jsonl:1000:/wikitext/Doppel日文;jsonl:1000:/wikitext/Doppel中文	0.99	Wiki魔女化身日中字段明确采用“安寧→安宁”；英文副题及原分隔符保持不变
我慢我慢我慢…追跡	忍耐忍耐忍耐…追踪	2_wiki_component	C:\Users\proje\Documents\Codex\2026-08-06\https-github-com-hiiraginemu-magireco-wiki-3\work\wiki_authority\wiki-data\data\archive\articles.jsonl.gz	jsonl:3:/wikitext/我慢のドッペル;jsonl:641:/wikitext/魔法少女タップ7-ja;jsonl:641:/wikitext/魔法少女タップ7-zh	0.97	Wiki分别明确采用“我慢→忍耐”和“追跡→追踪”；重复与省略号保持不变
詩音 千里	诗音千里	1_official_cn_dump_exact	A:\magireco_cn_dump_20221010_decrypted_json\authority\authority.json	/charaList.json/4034/name	1.00	官方国服直接值
神原 駿河	神原骏河	1_official_cn_dump_exact	A:\magireco_cn_dump_20221010_decrypted_json\authority\authority.json	/cardList.json/40434/cardName	1.00	官方国服直接值
千石 撫子	千石抚子	1_official_cn_dump_exact	A:\magireco_cn_dump_20221010_decrypted_json\authority\authority.json	/cardList.json/40444/cardName	1.00	官方国服直接值
篠目约鹤的“记忆”	篠目夜鹤的“记忆”	1_official_cn_dump_component	A:\magireco_cn_dump_20221010_decrypted_json\authority\authority.json	/cardList.json/10404/cardName	0.99	仅替换官方国服已确认的名称或用词组件
自选期间限定★4必得扭蛋券内含特別套装。※具体内容请查看公告	自选期间限定★4必得扭蛋券内含特别套装。※具体内容请查看公告	1_official_cn_dump_component	A:\magireco_cn_dump_20221010_decrypted_json\authority\authority.json	/shopItemList.json/8625/description	0.98	官方国服商店说明采用“特别套装”；仅统一该词形
自选★4记忆结晶兑换券内含特別套装。※具体内容请查看公告	自选★4记忆结晶兑换券内含特别套装。※具体内容请查看公告	1_official_cn_dump_component	A:\magireco_cn_dump_20221010_decrypted_json\authority\authority.json	/shopItemList.json/8625/description	0.98	官方国服商店说明采用“特别套装”；仅统一该词形
自选★4必得扭蛋券内含特別套装。※具体内容请查看公告	自选★4必得扭蛋券内含特别套装。※具体内容请查看公告	1_official_cn_dump_component	A:\magireco_cn_dump_20221010_decrypted_json\authority\authority.json	/shopItemList.json/8625/description	0.98	官方国服商店说明采用“特别套装”；仅统一该词形
3周年DX福袋(銀)	3周年DX福袋(银)	2_wiki_component	C:\Users\proje\Documents\Codex\2026-08-06\https-github-com-hiiraginemu-magireco-wiki-3\work\wiki_authority\wiki-data\data\memoria.json	/銀の魔女の手下/name_ja;/銀の魔女の手下/name_zh	0.99	Wiki日中字段明确确认名称组件“銀→银”；其余商品名结构保持原样
★4必得扭蛋券内含特別套装。※具体内容请查看公告	★4必得扭蛋券内含特别套装。※具体内容请查看公告	1_official_cn_dump_component	A:\magireco_cn_dump_20221010_decrypted_json\authority\authority.json	/shopItemList.json/8625/description	0.98	官方国服商店说明采用“特别套装”；仅统一该词形
3周年DX福袋(銅)						未找到官方国服或Wiki可直接采用的中文对
兑换券内含特別套装。详情可通过按钮查看。	兑换券内含特别套装。详情可通过按钮查看。	1_official_cn_dump_component	A:\magireco_cn_dump_20221010_decrypted_json\authority\authority.json	/shopItemList.json/8625/description	0.98	官方国服商店说明采用“特别套装”；仅统一该词形
魔法少女精选兑换券内含特別套装。详情可通过按钮查看。	魔法少女精选兑换券内含特别套装。详情可通过按钮查看。	1_official_cn_dump_component	A:\magireco_cn_dump_20221010_decrypted_json\authority\authority.json	/shopItemList.json/8625/description	0.98	官方国服商店说明采用“特别套装”；仅统一该词形
1200日纪念特別套装。详情可点击图标查看。	1200日纪念特别套装。详情可点击图标查看。	1_official_cn_dump_component	A:\magireco_cn_dump_20221010_decrypted_json\authority\authority.json	/shopItemList.json/8625/description	0.98	官方国服商店说明采用“特别套装”；仅统一该词形
兑换券内含特別套装。详情可点击图标查看。	兑换券内含特别套装。详情可点击图标查看。	1_official_cn_dump_component	A:\magireco_cn_dump_20221010_decrypted_json\authority\authority.json	/shopItemList.json/8625/description	0.98	官方国服商店说明采用“特别套装”；仅统一该词形
10连扭蛋券内含特別套装。详情可点击图标查看。	10连扭蛋券内含特别套装。详情可点击图标查看。	1_official_cn_dump_component	A:\magireco_cn_dump_20221010_decrypted_json\authority\authority.json	/shopItemList.json/8625/description	0.98	官方国服商店说明采用“特别套装”；仅统一该词形
AP回复药内含特別套装。详情可点击图标查看。	AP回复药内含特别套装。详情可点击图标查看。	1_official_cn_dump_component	A:\magireco_cn_dump_20221010_decrypted_json\authority\authority.json	/shopItemList.json/8625/description	0.98	官方国服商店说明采用“特别套装”；仅统一该词形
★4魔法少女必得扭蛋券内含特別套装。详情可点击图标查看。	★4魔法少女必得扭蛋券内含特别套装。详情可点击图标查看。	1_official_cn_dump_component	A:\magireco_cn_dump_20221010_decrypted_json\authority\authority.json	/shopItemList.json/8625/description	0.98	官方国服商店说明采用“特别套装”；仅统一该词形
4周年DX福袋(銅)						未找到官方国服或Wiki可直接采用的中文对
海香的觉醒書	海香的觉醒书	1_official_cn_dump_exact	A:\magireco_cn_dump_20221010_decrypted_json\authority\authority.json	/giftList.json/602/name	1.00	官方国服直接值
1600日纪念特別套装。详情可点击图标查看。	1600日纪念特别套装。详情可点击图标查看。	1_official_cn_dump_component	A:\magireco_cn_dump_20221010_decrypted_json\authority\authority.json	/shopItemList.json/8625/description	0.98	官方国服商店说明采用“特别套装”；仅统一该词形
1700日纪念特別套装。详情可点击图标查看。	1700日纪念特别套装。详情可点击图标查看。	1_official_cn_dump_component	A:\magireco_cn_dump_20221010_decrypted_json\authority\authority.json	/shopItemList.json/8625/description	0.98	官方国服商店说明采用“特别套装”；仅统一该词形
1800日纪念特別套装。详情可点击图标查看。	1800日纪念特别套装。详情可点击图标查看。	1_official_cn_dump_component	A:\magireco_cn_dump_20221010_decrypted_json\authority\authority.json	/shopItemList.json/8625/description	0.98	官方国服商店说明采用“特别套装”；仅统一该词形
5周年DX福袋(銅)						未找到官方国服或Wiki可直接采用的中文对
1900日纪念特別套装。详情可点击图标查看。	1900日纪念特别套装。详情可点击图标查看。	1_official_cn_dump_component	A:\magireco_cn_dump_20221010_decrypted_json\authority\authority.json	/shopItemList.json/8625/description	0.98	官方国服商店说明采用“特别套装”；仅统一该词形
2000日纪念特別套装。详情可点击图标查看。	2000日纪念特别套装。详情可点击图标查看。	1_official_cn_dump_component	A:\magireco_cn_dump_20221010_decrypted_json\authority\authority.json	/shopItemList.json/8625/description	0.98	官方国服商店说明采用“特别套装”；仅统一该词形
2100日纪念特別套装。详情可点击图标查看。	2100日纪念特别套装。详情可点击图标查看。	1_official_cn_dump_component	A:\magireco_cn_dump_20221010_decrypted_json\authority\authority.json	/shopItemList.json/8625/description	0.98	官方国服商店说明采用“特别套装”；仅统一该词形
6周年DX福袋(銅)						未找到官方国服或Wiki可直接采用的中文对
2300日纪念特別套装。详情可点击图标查看。	2300日纪念特别套装。详情可点击图标查看。	1_official_cn_dump_component	A:\magireco_cn_dump_20221010_decrypted_json\authority\authority.json	/shopItemList.json/8625/description	0.98	官方国服商店说明采用“特别套装”；仅统一该词形
记忆结晶「引縄批根」（等级已满/已达最大界限突破）	记忆结晶「引绳批根」（等级已满/已达最大界限突破）	2_wiki_component	C:\Users\proje\Documents\Codex\2026-08-06\https-github-com-hiiraginemu-magireco-wiki-3\work\wiki_authority\wiki-data\data\memoria.json	/引縄批根/name_ja;/引縄批根/name_zh	0.99	仅替换Wiki已确认的名称或用词组件
2400日纪念特別套装。详情可点击图标查看。	2400日纪念特别套装。详情可点击图标查看。	1_official_cn_dump_component	A:\magireco_cn_dump_20221010_decrypted_json\authority\authority.json	/shopItemList.json/8625/description	0.98	官方国服商店说明采用“特别套装”；仅统一该词形
天乃鈴音	天乃铃音	1_official_cn_dump_exact	A:\magireco_cn_dump_20221010_decrypted_json\authority\authority.json	/charaList.json/4031/name	1.00	官方国服直接值
史乃沙優希	史乃沙优希	1_official_cn_dump_exact	A:\magireco_cn_dump_20221010_decrypted_json\authority\authority.json	/charaList.json/3033/name	1.00	官方国服直接值
史乃沙優希的服装【泳装】	史乃沙优希的服装【泳装】	1_official_cn_dump_component	A:\magireco_cn_dump_20221010_decrypted_json\authority\authority.json	/charaList.json/3033/name	0.99	仅替换官方国服已确认的名称或用词组件
