file	json_path	stable_context	field	branch_scanned_value	current_value	decision	source_tier	official_cn_exact_occurrences	wiki_exact_occurrences	reason
cardList.json	$[96].cardName	cardId=10424	cardName	Kyubert	小丘比	已在当前产品中文化	current-authority-curation	0	0	远端 main 的有效变更已逐项择优回收，本地当前值含中文。
cardList.json	$[97].cardName	cardId=10425	cardName	Kyubert	小丘比	已在当前产品中文化	current-authority-curation	0	0	远端 main 的有效变更已逐项择优回收，本地当前值含中文。
cardMagiaMap.json	$.10084.name		name	Nine Phases	Nine Phases	保留原字面值	official-cn-exact	49	20	旧国服客户端/dump 对同一字面值有精确命中；属于正式标题、招式名或机制名。
cardMagiaMap.json	$.10085.name		name	Nine Phases	Nine Phases	保留原字面值	official-cn-exact	49	20	旧国服客户端/dump 对同一字面值有精确命中；属于正式标题、招式名或机制名。
cardMagiaMap.json	$.11048.name		name	shutdown -r -t 21	shutdown -r -t 21	保留原字面值	wiki-exact-formal	0	3	Wiki 对同一正式名称有精确记录；不把专名强行直译成普通 UI 文案。
cardMagiaMap.json	$.21048.name		name	Magia☆Magica	Magia☆Magica	保留原字面值	wiki-exact-formal	0	2	Wiki 对同一正式名称有精确记录；不把专名强行直译成普通 UI 文案。
cardMagiaMap.json	$.30244.name		name	angry·hungry	angry·hungry	保留原字面值	official-cn-exact	5	0	旧国服客户端/dump 对同一字面值有精确命中；属于正式标题、招式名或机制名。
cardMagiaMap.json	$.30423.name		name	Dead End of the Year	Dead End of the Year	保留原字面值	official-cn-exact	4	0	旧国服客户端/dump 对同一字面值有精确命中；属于正式标题、招式名或机制名。
cardMagiaMap.json	$.35048.name		name	Dynamic Cake Ceremony	欢乐蛋糕庆典	已在当前产品中文化	current-authority-curation	0	0	远端 main 的有效变更已逐项择优回收，本地当前值含中文。
cardMagiaMap.json	$.40518.name		name	Accelerator	Accelerator	保留原字面值	wiki-exact-formal	0	2	Wiki 对同一正式名称有精确记录；不把专名强行直译成普通 UI 文案。
cardMagiaMap.json	$.40528.name		name	Hornet Javelin	Hornet Javelin	保留原字面值	wiki-exact-formal	0	2	Wiki 对同一正式名称有精确记录；不把专名强行直译成普通 UI 文案。
cardMagiaMap.json	$.40538.name		name	Ouroboros	Ouroboros	保留原字面值	wiki-exact-formal	0	2	Wiki 对同一正式名称有精确记录；不把专名强行直译成普通 UI 文案。
cardMagiaMap.json	$.40614.name		name	Super Chisato Time	超级千束时间	已在当前产品中文化	current-authority-curation	0	0	远端 main 的有效变更已逐项择优回收，本地当前值含中文。
cardMagiaMap.json	$.40615.name		name	Super Chisato Time	超级千束时间	已在当前产品中文化	current-authority-curation	0	0	远端 main 的有效变更已逐项择优回收，本地当前值含中文。
cardMagiaMap.json	$.40618.name		name	Mission of My Heart	心之使命	已在当前产品中文化	current-authority-curation	0	0	远端 main 的有效变更已逐项择优回收，本地当前值含中文。
cardMagiaMap.json	$.40624.name		name	Takina's Random Fire	泷奈乱射	已在当前产品中文化	current-authority-curation	0	0	远端 main 的有效变更已逐项择优回收，本地当前值含中文。
cardMagiaMap.json	$.40625.name		name	Takina's Random Fire	泷奈乱射	已在当前产品中文化	current-authority-curation	0	0	远端 main 的有效变更已逐项择优回收，本地当前值含中文。
cardMagiaMap.json	$.40628.name		name	Judgement of My Mind	心之裁决	已在当前产品中文化	current-authority-curation	0	0	远端 main 的有效变更已逐项择优回收，本地当前值含中文。
cardMagiaMap.json	$.90020.name		name	Nine Phases	Nine Phases	保留原字面值	official-cn-exact	49	20	旧国服客户端/dump 对同一字面值有精确命中；属于正式标题、招式名或机制名。
cardMagiaMap.json	$.90117.name		name	Nine Phases	Nine Phases	保留原字面值	official-cn-exact	49	20	旧国服客户端/dump 对同一字面值有精确命中；属于正式标题、招式名或机制名。
cardMagiaMap.json	$.90162.name		name	Nine Phases	Nine Phases	保留原字面值	official-cn-exact	49	20	旧国服客户端/dump 对同一字面值有精确命中；属于正式标题、招式名或机制名。
cardMagiaMap.json	$.90191.name		name	Nine Phases	Nine Phases	保留原字面值	official-cn-exact	49	20	旧国服客户端/dump 对同一字面值有精确命中；属于正式标题、招式名或机制名。
cardMagiaMap.json	$.90256.name		name	Nine Phases	Nine Phases	保留原字面值	official-cn-exact	49	20	旧国服客户端/dump 对同一字面值有精确命中；属于正式标题、招式名或机制名。
cardMagiaMap.json	$.90259.name		name	Eve Magia	夏娃Magia	已在当前产品中文化	current-authority-curation	0	0	远端 main 的有效变更已逐项择优回收，本地当前值含中文。
cardMagiaMap.json	$.90366.name		name	Dead End of the Year	Dead End of the Year	保留原字面值	official-cn-exact	4	0	旧国服客户端/dump 对同一字面值有精确命中；属于正式标题、招式名或机制名。
cardMagiaMap.json	$.90373.name		name	angry·hungry	angry·hungry	保留原字面值	official-cn-exact	5	0	旧国服客户端/dump 对同一字面值有精确命中；属于正式标题、招式名或机制名。
cardMagiaMap.json	$.90550.name		name	BITE! BITE! BITE! 	咬！咬！咬！	已在当前产品中文化	current-authority-curation	0	0	远端 main 的有效变更已逐项择优回收，本地当前值含中文。
cardMagiaMap.json	$.90582.name		name	Magia	Magia	保留原字面值	official-cn-exact	77120	47532	旧国服客户端/dump 对同一字面值有精确命中；属于正式标题、招式名或机制名。
cardMagiaMap.json	$.90583.name		name	Magia	Magia	保留原字面值	official-cn-exact	77120	47532	旧国服客户端/dump 对同一字面值有精确命中；属于正式标题、招式名或机制名。
cardMagiaMap.json	$.90584.name		name	Magia	Magia	保留原字面值	official-cn-exact	77120	47532	旧国服客户端/dump 对同一字面值有精确命中；属于正式标题、招式名或机制名。
cardMagiaMap.json	$.90596.name		name	Magia	Magia	保留原字面值	official-cn-exact	77120	47532	旧国服客户端/dump 对同一字面值有精确命中；属于正式标题、招式名或机制名。
cardMagiaMap.json	$.90597.name		name	Magia	Magia	保留原字面值	official-cn-exact	77120	47532	旧国服客户端/dump 对同一字面值有精确命中；属于正式标题、招式名或机制名。
cardMagiaMap.json	$.90598.name		name	Magia	Magia	保留原字面值	official-cn-exact	77120	47532	旧国服客户端/dump 对同一字面值有精确命中；属于正式标题、招式名或机制名。
cardMagiaMap.json	$.90607.name		name	Magia	Magia	保留原字面值	official-cn-exact	77120	47532	旧国服客户端/dump 对同一字面值有精确命中；属于正式标题、招式名或机制名。
cardMagiaMap.json	$.90608.name		name	Magia	Magia	保留原字面值	official-cn-exact	77120	47532	旧国服客户端/dump 对同一字面值有精确命中；属于正式标题、招式名或机制名。
cardMagiaMap.json	$.90609.name		name	Magia	Magia	保留原字面值	official-cn-exact	77120	47532	旧国服客户端/dump 对同一字面值有精确命中；属于正式标题、招式名或机制名。
cardMagiaMap.json	$.90610.name		name	Magia	Magia	保留原字面值	official-cn-exact	77120	47532	旧国服客户端/dump 对同一字面值有精确命中；属于正式标题、招式名或机制名。
cardMagiaMap.json	$.90611.name		name	Magia	Magia	保留原字面值	official-cn-exact	77120	47532	旧国服客户端/dump 对同一字面值有精确命中；属于正式标题、招式名或机制名。
cardMagiaMap.json	$.90612.name		name	Magia	Magia	保留原字面值	official-cn-exact	77120	47532	旧国服客户端/dump 对同一字面值有精确命中；属于正式标题、招式名或机制名。
cardMagiaMap.json	$.90613.name		name	Magia	Magia	保留原字面值	official-cn-exact	77120	47532	旧国服客户端/dump 对同一字面值有精确命中；属于正式标题、招式名或机制名。
cardMagiaMap.json	$.90614.name		name	Magia	Magia	保留原字面值	official-cn-exact	77120	47532	旧国服客户端/dump 对同一字面值有精确命中；属于正式标题、招式名或机制名。
cardMagiaMap.json	$.90615.name		name	Magia	Magia	保留原字面值	official-cn-exact	77120	47532	旧国服客户端/dump 对同一字面值有精确命中；属于正式标题、招式名或机制名。
cardMagiaMap.json	$.90616.name		name	Magia	Magia	保留原字面值	official-cn-exact	77120	47532	旧国服客户端/dump 对同一字面值有精确命中；属于正式标题、招式名或机制名。
cardMagiaMap.json	$.90617.name		name	Magia	Magia	保留原字面值	official-cn-exact	77120	47532	旧国服客户端/dump 对同一字面值有精确命中；属于正式标题、招式名或机制名。
cardMagiaMap.json	$.90618.name		name	Magia	Magia	保留原字面值	official-cn-exact	77120	47532	旧国服客户端/dump 对同一字面值有精确命中；属于正式标题、招式名或机制名。
cardMagiaMap.json	$.90620.name		name	Magia	Magia	保留原字面值	official-cn-exact	77120	47532	旧国服客户端/dump 对同一字面值有精确命中；属于正式标题、招式名或机制名。
cardMagiaMap.json	$.90621.name		name	Magia	Magia	保留原字面值	official-cn-exact	77120	47532	旧国服客户端/dump 对同一字面值有精确命中；属于正式标题、招式名或机制名。
cardMagiaMap.json	$.90622.name		name	Magia	Magia	保留原字面值	official-cn-exact	77120	47532	旧国服客户端/dump 对同一字面值有精确命中；属于正式标题、招式名或机制名。
cardMagiaMap.json	$.90623.name		name	Magia	Magia	保留原字面值	official-cn-exact	77120	47532	旧国服客户端/dump 对同一字面值有精确命中；属于正式标题、招式名或机制名。
cardMagiaMap.json	$.90624.name		name	Magia	Magia	保留原字面值	official-cn-exact	77120	47532	旧国服客户端/dump 对同一字面值有精确命中；属于正式标题、招式名或机制名。
cardMagiaMap.json	$.90625.name		name	Magia	Magia	保留原字面值	official-cn-exact	77120	47532	旧国服客户端/dump 对同一字面值有精确命中；属于正式标题、招式名或机制名。
cardMagiaMap.json	$.90626.name		name	Magia	Magia	保留原字面值	official-cn-exact	77120	47532	旧国服客户端/dump 对同一字面值有精确命中；属于正式标题、招式名或机制名。
cardMagiaMap.json	$.90627.name		name	Magia	Magia	保留原字面值	official-cn-exact	77120	47532	旧国服客户端/dump 对同一字面值有精确命中；属于正式标题、招式名或机制名。
cardMagiaMap.json	$.90628.name		name	Magia	Magia	保留原字面值	official-cn-exact	77120	47532	旧国服客户端/dump 对同一字面值有精确命中；属于正式标题、招式名或机制名。
cardMagiaMap.json	$.90629.name		name	Magia	Magia	保留原字面值	official-cn-exact	77120	47532	旧国服客户端/dump 对同一字面值有精确命中；属于正式标题、招式名或机制名。
cardMagiaMap.json	$.90630.name		name	Magia	Magia	保留原字面值	official-cn-exact	77120	47532	旧国服客户端/dump 对同一字面值有精确命中；属于正式标题、招式名或机制名。
cardMagiaMap.json	$.90631.name		name	Magia	Magia	保留原字面值	official-cn-exact	77120	47532	旧国服客户端/dump 对同一字面值有精确命中；属于正式标题、招式名或机制名。
cardMagiaMap.json	$.90632.name		name	Magia	Magia	保留原字面值	official-cn-exact	77120	47532	旧国服客户端/dump 对同一字面值有精确命中；属于正式标题、招式名或机制名。
cardMagiaMap.json	$.90633.name		name	Magia	Magia	保留原字面值	official-cn-exact	77120	47532	旧国服客户端/dump 对同一字面值有精确命中；属于正式标题、招式名或机制名。
cardMagiaMap.json	$.90634.name		name	Magia	Magia	保留原字面值	official-cn-exact	77120	47532	旧国服客户端/dump 对同一字面值有精确命中；属于正式标题、招式名或机制名。
cardMagiaMap.json	$.90635.name		name	Magia	Magia	保留原字面值	official-cn-exact	77120	47532	旧国服客户端/dump 对同一字面值有精确命中；属于正式标题、招式名或机制名。
cardMagiaMap.json	$.90636.name		name	Magia	Magia	保留原字面值	official-cn-exact	77120	47532	旧国服客户端/dump 对同一字面值有精确命中；属于正式标题、招式名或机制名。
cardMagiaMap.json	$.90637.name		name	Magia	Magia	保留原字面值	official-cn-exact	77120	47532	旧国服客户端/dump 对同一字面值有精确命中；属于正式标题、招式名或机制名。
cardMagiaMap.json	$.90638.name		name	Magia	Magia	保留原字面值	official-cn-exact	77120	47532	旧国服客户端/dump 对同一字面值有精确命中；属于正式标题、招式名或机制名。
cardMagiaMap.json	$.90639.name		name	Magia	Magia	保留原字面值	official-cn-exact	77120	47532	旧国服客户端/dump 对同一字面值有精确命中；属于正式标题、招式名或机制名。
cardMagiaMap.json	$.90640.name		name	Magia	Magia	保留原字面值	official-cn-exact	77120	47532	旧国服客户端/dump 对同一字面值有精确命中；属于正式标题、招式名或机制名。
cardMagiaMap.json	$.90641.name		name	Magia	Magia	保留原字面值	official-cn-exact	77120	47532	旧国服客户端/dump 对同一字面值有精确命中；属于正式标题、招式名或机制名。
cardMagiaMap.json	$.90642.name		name	Magia	Magia	保留原字面值	official-cn-exact	77120	47532	旧国服客户端/dump 对同一字面值有精确命中；属于正式标题、招式名或机制名。
cardMagiaMap.json	$.90643.name		name	Magia	Magia	保留原字面值	official-cn-exact	77120	47532	旧国服客户端/dump 对同一字面值有精确命中；属于正式标题、招式名或机制名。
cardMagiaMap.json	$.90644.name		name	Magia	Magia	保留原字面值	official-cn-exact	77120	47532	旧国服客户端/dump 对同一字面值有精确命中；属于正式标题、招式名或机制名。
cardMagiaMap.json	$.90645.name		name	Magia	Magia	保留原字面值	official-cn-exact	77120	47532	旧国服客户端/dump 对同一字面值有精确命中；属于正式标题、招式名或机制名。
cardMagiaMap.json	$.90646.name		name	Magia	Magia	保留原字面值	official-cn-exact	77120	47532	旧国服客户端/dump 对同一字面值有精确命中；属于正式标题、招式名或机制名。
cardMagiaMap.json	$.90647.name		name	Magia	Magia	保留原字面值	official-cn-exact	77120	47532	旧国服客户端/dump 对同一字面值有精确命中；属于正式标题、招式名或机制名。
cardMagiaMap.json	$.90648.name		name	Magia	Magia	保留原字面值	official-cn-exact	77120	47532	旧国服客户端/dump 对同一字面值有精确命中；属于正式标题、招式名或机制名。
cardMagiaMap.json	$.90649.name		name	Magia	Magia	保留原字面值	official-cn-exact	77120	47532	旧国服客户端/dump 对同一字面值有精确命中；属于正式标题、招式名或机制名。
cardMagiaMap.json	$.90650.name		name	Magia	Magia	保留原字面值	official-cn-exact	77120	47532	旧国服客户端/dump 对同一字面值有精确命中；属于正式标题、招式名或机制名。
cardMagiaMap.json	$.90651.name		name	Magia	Magia	保留原字面值	official-cn-exact	77120	47532	旧国服客户端/dump 对同一字面值有精确命中；属于正式标题、招式名或机制名。
cardMagiaMap.json	$.90652.name		name	Magia	Magia	保留原字面值	official-cn-exact	77120	47532	旧国服客户端/dump 对同一字面值有精确命中；属于正式标题、招式名或机制名。
cardMagiaMap.json	$.90653.name		name	Magia	Magia	保留原字面值	official-cn-exact	77120	47532	旧国服客户端/dump 对同一字面值有精确命中；属于正式标题、招式名或机制名。
cardMagiaMap.json	$.90654.name		name	Magia	Magia	保留原字面值	official-cn-exact	77120	47532	旧国服客户端/dump 对同一字面值有精确命中；属于正式标题、招式名或机制名。
cardMagiaMap.json	$.90655.name		name	Magia	Magia	保留原字面值	official-cn-exact	77120	47532	旧国服客户端/dump 对同一字面值有精确命中；属于正式标题、招式名或机制名。
cardMagiaMap.json	$.90656.name		name	Magia	Magia	保留原字面值	official-cn-exact	77120	47532	旧国服客户端/dump 对同一字面值有精确命中；属于正式标题、招式名或机制名。
cardMagiaMap.json	$.90657.name		name	Magia	Magia	保留原字面值	official-cn-exact	77120	47532	旧国服客户端/dump 对同一字面值有精确命中；属于正式标题、招式名或机制名。
cardMagiaMap.json	$.90658.name		name	Magia	Magia	保留原字面值	official-cn-exact	77120	47532	旧国服客户端/dump 对同一字面值有精确命中；属于正式标题、招式名或机制名。
cardMagiaMap.json	$.90659.name		name	Magia	Magia	保留原字面值	official-cn-exact	77120	47532	旧国服客户端/dump 对同一字面值有精确命中；属于正式标题、招式名或机制名。
cardMagiaMap.json	$.90660.name		name	Magia	Magia	保留原字面值	official-cn-exact	77120	47532	旧国服客户端/dump 对同一字面值有精确命中；属于正式标题、招式名或机制名。
cardMagiaMap.json	$.90661.name		name	Magia	Magia	保留原字面值	official-cn-exact	77120	47532	旧国服客户端/dump 对同一字面值有精确命中；属于正式标题、招式名或机制名。
cardMagiaMap.json	$.90662.name		name	Magia	Magia	保留原字面值	official-cn-exact	77120	47532	旧国服客户端/dump 对同一字面值有精确命中；属于正式标题、招式名或机制名。
cardMagiaMap.json	$.90663.name		name	Magia	Magia	保留原字面值	official-cn-exact	77120	47532	旧国服客户端/dump 对同一字面值有精确命中；属于正式标题、招式名或机制名。
cardMagiaMap.json	$.90664.name		name	Magia	Magia	保留原字面值	official-cn-exact	77120	47532	旧国服客户端/dump 对同一字面值有精确命中；属于正式标题、招式名或机制名。
cardMagiaMap.json	$.90665.name		name	Magia	Magia	保留原字面值	official-cn-exact	77120	47532	旧国服客户端/dump 对同一字面值有精确命中；属于正式标题、招式名或机制名。
cardMagiaMap.json	$.90666.name		name	Magia	Magia	保留原字面值	official-cn-exact	77120	47532	旧国服客户端/dump 对同一字面值有精确命中；属于正式标题、招式名或机制名。
cardMagiaMap.json	$.90667.name		name	Magia	Magia	保留原字面值	official-cn-exact	77120	47532	旧国服客户端/dump 对同一字面值有精确命中；属于正式标题、招式名或机制名。
cardMagiaMap.json	$.90668.name		name	Magia	Magia	保留原字面值	official-cn-exact	77120	47532	旧国服客户端/dump 对同一字面值有精确命中；属于正式标题、招式名或机制名。
cardMagiaMap.json	$.90669.name		name	Magia	Magia	保留原字面值	official-cn-exact	77120	47532	旧国服客户端/dump 对同一字面值有精确命中；属于正式标题、招式名或机制名。
cardMagiaMap.json	$.90670.name		name	Magia	Magia	保留原字面值	official-cn-exact	77120	47532	旧国服客户端/dump 对同一字面值有精确命中；属于正式标题、招式名或机制名。
cardMagiaMap.json	$.90671.name		name	Magia	Magia	保留原字面值	official-cn-exact	77120	47532	旧国服客户端/dump 对同一字面值有精确命中；属于正式标题、招式名或机制名。
cardMagiaMap.json	$.90672.name		name	Magia	Magia	保留原字面值	official-cn-exact	77120	47532	旧国服客户端/dump 对同一字面值有精确命中；属于正式标题、招式名或机制名。
cardMagiaMap.json	$.90673.name		name	Magia	Magia	保留原字面值	official-cn-exact	77120	47532	旧国服客户端/dump 对同一字面值有精确命中；属于正式标题、招式名或机制名。
cardMagiaMap.json	$.90674.name		name	Magia	Magia	保留原字面值	official-cn-exact	77120	47532	旧国服客户端/dump 对同一字面值有精确命中；属于正式标题、招式名或机制名。
cardMagiaMap.json	$.90675.name		name	Magia	Magia	保留原字面值	official-cn-exact	77120	47532	旧国服客户端/dump 对同一字面值有精确命中；属于正式标题、招式名或机制名。
cardMagiaMap.json	$.90676.name		name	Magia	Magia	保留原字面值	official-cn-exact	77120	47532	旧国服客户端/dump 对同一字面值有精确命中；属于正式标题、招式名或机制名。
cardMagiaMap.json	$.90677.name		name	Magia	Magia	保留原字面值	official-cn-exact	77120	47532	旧国服客户端/dump 对同一字面值有精确命中；属于正式标题、招式名或机制名。
cardMagiaMap.json	$.90678.name		name	Magia	Magia	保留原字面值	official-cn-exact	77120	47532	旧国服客户端/dump 对同一字面值有精确命中；属于正式标题、招式名或机制名。
cardMagiaMap.json	$.90679.name		name	Magia	Magia	保留原字面值	official-cn-exact	77120	47532	旧国服客户端/dump 对同一字面值有精确命中；属于正式标题、招式名或机制名。
cardMagiaMap.json	$.90680.name		name	Magia	Magia	保留原字面值	official-cn-exact	77120	47532	旧国服客户端/dump 对同一字面值有精确命中；属于正式标题、招式名或机制名。
cardMagiaMap.json	$.90681.name		name	Magia	Magia	保留原字面值	official-cn-exact	77120	47532	旧国服客户端/dump 对同一字面值有精确命中；属于正式标题、招式名或机制名。
cardMagiaMap.json	$.90682.name		name	Magia	Magia	保留原字面值	official-cn-exact	77120	47532	旧国服客户端/dump 对同一字面值有精确命中；属于正式标题、招式名或机制名。
cardMagiaMap.json	$.90683.name		name	Magia	Magia	保留原字面值	official-cn-exact	77120	47532	旧国服客户端/dump 对同一字面值有精确命中；属于正式标题、招式名或机制名。
cardMagiaMap.json	$.90684.name		name	Magia	Magia	保留原字面值	official-cn-exact	77120	47532	旧国服客户端/dump 对同一字面值有精确命中；属于正式标题、招式名或机制名。
cardMagiaMap.json	$.90685.name		name	Magia	Magia	保留原字面值	official-cn-exact	77120	47532	旧国服客户端/dump 对同一字面值有精确命中；属于正式标题、招式名或机制名。
cardMagiaMap.json	$.90686.name		name	Magia	Magia	保留原字面值	official-cn-exact	77120	47532	旧国服客户端/dump 对同一字面值有精确命中；属于正式标题、招式名或机制名。
cardMagiaMap.json	$.90687.name		name	Magia	Magia	保留原字面值	official-cn-exact	77120	47532	旧国服客户端/dump 对同一字面值有精确命中；属于正式标题、招式名或机制名。
cardMagiaMap.json	$.90688.name		name	Magia	Magia	保留原字面值	official-cn-exact	77120	47532	旧国服客户端/dump 对同一字面值有精确命中；属于正式标题、招式名或机制名。
chapterList.json	$[30].title	chapterId=41	title	Pillar of Tomorrow	明日之柱	已在当前产品中文化	current-authority-curation	0	0	远端 main 的有效变更已逐项择优回收，本地当前值含中文。
chapterList.json	$[31].title	chapterId=42	title	Scene0	Scene0	保留原字面值	wiki-exact-formal	0	10	Wiki 对同一正式名称有精确记录；不把专名强行直译成普通 UI 文案。
chapterList.json	$[8].title	chapterId=19	title	Surround Fenthope	Surround Fenthope	保留原字面值	official-cn-exact	1	27	旧国服客户端/dump 对同一字面值有精确命中；属于正式标题、招式名或机制名。
charaList.json	$[107].title	id=2105	title	scene0 ver.	scene0 ver.	保留原字面值	wiki-exact-formal	0	3264	Wiki 对同一正式名称有精确记录；不把专名强行直译成普通 UI 文案。
charaList.json	$[114].title	id=2301	title	scene0 ver.	scene0 ver.	保留原字面值	wiki-exact-formal	0	3264	Wiki 对同一正式名称有精确记录；不把专名强行直译成普通 UI 文案。
charaList.json	$[117].title	id=2402	title	scene0 ver.	scene0 ver.	保留原字面值	wiki-exact-formal	0	3264	Wiki 对同一正式名称有精确记录；不把专名强行直译成普通 UI 文案。
charaList.json	$[121].title	id=2503	title	scene0 ver.	scene0 ver.	保留原字面值	wiki-exact-formal	0	3264	Wiki 对同一正式名称有精确记录；不把专名强行直译成普通 UI 文案。
charaList.json	$[123].title	id=2601	title	scene0 ver.	scene0 ver.	保留原字面值	wiki-exact-formal	0	3264	Wiki 对同一正式名称有精确记录；不把专名强行直译成普通 UI 文案。
charaList.json	$[197].title	id=4004	title	ver.Final	ver.Final	保留原字面值	wiki-exact-formal	0	1115	Wiki 对同一正式名称有精确记录；不把专名强行直译成普通 UI 文案。
charaList.json	$[209].title	id=4028	title	ver.Final	ver.Final	保留原字面值	wiki-exact-formal	0	1115	Wiki 对同一正式名称有精确记录；不把专名强行直译成普通 UI 文案。
doppelCardMagiaMap.json	$.11048.name		name	shutdown -r -t 21	shutdown -r -t 21	保留原字面值	wiki-exact-formal	0	3	Wiki 对同一正式名称有精确记录；不把专名强行直译成普通 UI 文案。
doppelCardMagiaMap.json	$.21048.name		name	Magia☆Magica	Magia☆Magica	保留原字面值	wiki-exact-formal	0	2	Wiki 对同一正式名称有精确记录；不把专名强行直译成普通 UI 文案。
doppelCardMagiaMap.json	$.35048.name		name	Dynamic Cake Ceremony	欢乐蛋糕庆典	已在当前产品中文化	current-authority-curation	0	0	远端 main 的有效变更已逐项择优回收，本地当前值含中文。
doppelCardMagiaMap.json	$.40518.name		name	Accelerator	Accelerator	保留原字面值	wiki-exact-formal	0	2	Wiki 对同一正式名称有精确记录；不把专名强行直译成普通 UI 文案。
doppelCardMagiaMap.json	$.40528.name		name	Hornet Javelin	Hornet Javelin	保留原字面值	wiki-exact-formal	0	2	Wiki 对同一正式名称有精确记录；不把专名强行直译成普通 UI 文案。
doppelCardMagiaMap.json	$.40538.name		name	Ouroboros	Ouroboros	保留原字面值	wiki-exact-formal	0	2	Wiki 对同一正式名称有精确记录；不把专名强行直译成普通 UI 文案。
doppelCardMagiaMap.json	$.40618.name		name	Mission of My Heart	心之使命	已在当前产品中文化	current-authority-curation	0	0	远端 main 的有效变更已逐项择优回收，本地当前值含中文。
doppelCardMagiaMap.json	$.40628.name		name	Judgement of My Mind	心之裁决	已在当前产品中文化	current-authority-curation	0	0	远端 main 的有效变更已逐项择优回收，本地当前值含中文。
doppelList.json	$[105].name	id=210400	name	Magia☆Magica	Magia☆Magica	保留原字面值	wiki-exact-formal	0	2	Wiki 对同一正式名称有精确记录；不把专名强行直译成普通 UI 文案。
doppelList.json	$[177].name	id=350400	name	Dynamic Cake Ceremony	欢乐蛋糕庆典	已在当前产品中文化	current-authority-curation	0	0	远端 main 的有效变更已逐项择优回收，本地当前值含中文。
doppelList.json	$[210].name	id=405100	name	Accelerator	Accelerator	保留原字面值	wiki-exact-formal	0	2	Wiki 对同一正式名称有精确记录；不把专名强行直译成普通 UI 文案。
doppelList.json	$[211].name	id=405200	name	Hornet Javelin	Hornet Javelin	保留原字面值	wiki-exact-formal	0	2	Wiki 对同一正式名称有精确记录；不把专名强行直译成普通 UI 文案。
doppelList.json	$[212].name	id=405300	name	Ouroboros	Ouroboros	保留原字面值	wiki-exact-formal	0	2	Wiki 对同一正式名称有精确记录；不把专名强行直译成普通 UI 文案。
doppelList.json	$[213].name	id=406100	name	Mission of My Heart	心之使命	已在当前产品中文化	current-authority-curation	0	0	远端 main 的有效变更已逐项择优回收，本地当前值含中文。
doppelList.json	$[214].name	id=406200	name	Judgement of My Mind	心之裁决	已在当前产品中文化	current-authority-curation	0	0	远端 main 的有效变更已逐项择优回收，本地当前值含中文。
doppelList.json	$[55].name	id=110400	name	shutdown -r -t 21	shutdown -r -t 21	保留原字面值	wiki-exact-formal	0	3	Wiki 对同一正式名称有精确记录；不把专名强行直译成普通 UI 文案。
emotionSkillMap.json	$.1012112.name		name	DtoC[Ⅰ]	DtoC[Ⅰ]	保留原字面值	official-cn-exact	9	0	旧国服客户端/dump 对同一字面值有精确命中；属于正式标题、招式名或机制名。
eventList.json	$[33].eventName	eventId=1042	eventName	Whereabouts of the feather	Whereabouts of the feather	保留原字面值	official-cn-exact	15	194	旧国服客户端/dump 对同一字面值有精确命中；属于正式标题、招式名或机制名。
eventList.json	$[40].eventName	eventId=1053	eventName	Last Magia	Last Magia	保留原字面值	official-cn-exact	4	115	旧国服客户端/dump 对同一字面值有精确命中；属于正式标题、招式名或机制名。
eventStoryList.json	$[1014].storyTitle		storyTitle	EPILOGUE	尾声	已在当前产品中文化	current-authority-curation	0	0	远端 main 的有效变更已逐项择优回收，本地当前值含中文。
eventStoryList.json	$[1210].storyTitle		storyTitle	EPILOGUE	尾声	已在当前产品中文化	current-authority-curation	0	0	远端 main 的有效变更已逐项择优回收，本地当前值含中文。
eventStoryList.json	$[352].storyTitle		storyTitle	EPILOGUE	尾声	已在当前产品中文化	current-authority-curation	0	0	远端 main 的有效变更已逐项择优回收，本地当前值含中文。
eventStoryList.json	$[733].pointTitle		pointTitle	Story	剧情	已在当前产品中文化	current-authority-curation	0	0	远端 main 的有效变更已逐项择优回收，本地当前值含中文。
eventStoryList.json	$[733].storyTitle		storyTitle	Prologue	序章	已在当前产品中文化	current-authority-curation	0	0	远端 main 的有效变更已逐项择优回收，本地当前值含中文。
eventStoryList.json	$[734].pointTitle		pointTitle	Story	剧情	已在当前产品中文化	current-authority-curation	0	0	远端 main 的有效变更已逐项择优回收，本地当前值含中文。
eventStoryList.json	$[734].storyTitle		storyTitle	Record Ⅰ	记录Ⅰ	已在当前产品中文化	current-authority-curation	0	0	远端 main 的有效变更已逐项择优回收，本地当前值含中文。
eventStoryList.json	$[735].pointTitle		pointTitle	Story	剧情	已在当前产品中文化	current-authority-curation	0	0	远端 main 的有效变更已逐项择优回收，本地当前值含中文。
eventStoryList.json	$[735].storyTitle		storyTitle	Record Ⅱ	记录Ⅱ	已在当前产品中文化	current-authority-curation	0	0	远端 main 的有效变更已逐项择优回收，本地当前值含中文。
eventStoryList.json	$[736].pointTitle		pointTitle	Story	剧情	已在当前产品中文化	current-authority-curation	0	0	远端 main 的有效变更已逐项择优回收，本地当前值含中文。
eventStoryList.json	$[736].storyTitle		storyTitle	Record Ⅲ	记录Ⅲ	已在当前产品中文化	current-authority-curation	0	0	远端 main 的有效变更已逐项择优回收，本地当前值含中文。
eventStoryList.json	$[737].pointTitle		pointTitle	Story	剧情	已在当前产品中文化	current-authority-curation	0	0	远端 main 的有效变更已逐项择优回收，本地当前值含中文。
eventStoryList.json	$[737].storyTitle		storyTitle	Intermission	幕间	已在当前产品中文化	current-authority-curation	0	0	远端 main 的有效变更已逐项择优回收，本地当前值含中文。
eventStoryList.json	$[738].pointTitle		pointTitle	Story	剧情	已在当前产品中文化	current-authority-curation	0	0	远端 main 的有效变更已逐项择优回收，本地当前值含中文。
eventStoryList.json	$[738].storyTitle		storyTitle	Record Ⅳ	记录Ⅳ	已在当前产品中文化	current-authority-curation	0	0	远端 main 的有效变更已逐项择优回收，本地当前值含中文。
eventStoryList.json	$[739].pointTitle		pointTitle	Story	剧情	已在当前产品中文化	current-authority-curation	0	0	远端 main 的有效变更已逐项择优回收，本地当前值含中文。
eventStoryList.json	$[739].storyTitle		storyTitle	Record Ⅴ-1	记录Ⅴ-1	已在当前产品中文化	current-authority-curation	0	0	远端 main 的有效变更已逐项择优回收，本地当前值含中文。
eventStoryList.json	$[740].pointTitle		pointTitle	Story	剧情	已在当前产品中文化	current-authority-curation	0	0	远端 main 的有效变更已逐项择优回收，本地当前值含中文。
eventStoryList.json	$[740].storyTitle		storyTitle	Record Ⅴ-2	记录Ⅴ-2	已在当前产品中文化	current-authority-curation	0	0	远端 main 的有效变更已逐项择优回收，本地当前值含中文。
eventStoryList.json	$[741].pointTitle		pointTitle	Story	剧情	已在当前产品中文化	current-authority-curation	0	0	远端 main 的有效变更已逐项择优回收，本地当前值含中文。
eventStoryList.json	$[741].storyTitle		storyTitle	Record Ⅵ-1	记录Ⅵ-1	已在当前产品中文化	current-authority-curation	0	0	远端 main 的有效变更已逐项择优回收，本地当前值含中文。
eventStoryList.json	$[742].pointTitle		pointTitle	Story	剧情	已在当前产品中文化	current-authority-curation	0	0	远端 main 的有效变更已逐项择优回收，本地当前值含中文。
eventStoryList.json	$[742].storyTitle		storyTitle	Record Ⅵ-2	记录Ⅵ-2	已在当前产品中文化	current-authority-curation	0	0	远端 main 的有效变更已逐项择优回收，本地当前值含中文。
eventStoryList.json	$[743].pointTitle		pointTitle	Story	剧情	已在当前产品中文化	current-authority-curation	0	0	远端 main 的有效变更已逐项择优回收，本地当前值含中文。
eventStoryList.json	$[743].storyTitle		storyTitle	Record Ⅶ-1	记录Ⅶ-1	已在当前产品中文化	current-authority-curation	0	0	远端 main 的有效变更已逐项择优回收，本地当前值含中文。
eventStoryList.json	$[744].pointTitle		pointTitle	Story	剧情	已在当前产品中文化	current-authority-curation	0	0	远端 main 的有效变更已逐项择优回收，本地当前值含中文。
eventStoryList.json	$[744].storyTitle		storyTitle	Record Ⅶ-2	记录Ⅶ-2	已在当前产品中文化	current-authority-curation	0	0	远端 main 的有效变更已逐项择优回收，本地当前值含中文。
eventStoryList.json	$[745].pointTitle		pointTitle	Story	剧情	已在当前产品中文化	current-authority-curation	0	0	远端 main 的有效变更已逐项择优回收，本地当前值含中文。
eventStoryList.json	$[745].storyTitle		storyTitle	Record Ⅶ-3	记录Ⅶ-3	已在当前产品中文化	current-authority-curation	0	0	远端 main 的有效变更已逐项择优回收，本地当前值含中文。
eventStoryList.json	$[746].pointTitle		pointTitle	Story	剧情	已在当前产品中文化	current-authority-curation	0	0	远端 main 的有效变更已逐项择优回收，本地当前值含中文。
eventStoryList.json	$[746].storyTitle		storyTitle	Record Ⅷ-1	记录Ⅷ-1	已在当前产品中文化	current-authority-curation	0	0	远端 main 的有效变更已逐项择优回收，本地当前值含中文。
eventStoryList.json	$[747].pointTitle		pointTitle	Story	剧情	已在当前产品中文化	current-authority-curation	0	0	远端 main 的有效变更已逐项择优回收，本地当前值含中文。
eventStoryList.json	$[747].storyTitle		storyTitle	Record Ⅷ-2	记录Ⅷ-2	已在当前产品中文化	current-authority-curation	0	0	远端 main 的有效变更已逐项择优回收，本地当前值含中文。
eventStoryList.json	$[748].pointTitle		pointTitle	Story	剧情	已在当前产品中文化	current-authority-curation	0	0	远端 main 的有效变更已逐项择优回收，本地当前值含中文。
eventStoryList.json	$[748].storyTitle		storyTitle	Record Ⅸ	记录Ⅸ	已在当前产品中文化	current-authority-curation	0	0	远端 main 的有效变更已逐项择优回收，本地当前值含中文。
eventStoryList.json	$[749].pointTitle		pointTitle	Story	剧情	已在当前产品中文化	current-authority-curation	0	0	远端 main 的有效变更已逐项择优回收，本地当前值含中文。
eventStoryList.json	$[749].storyTitle		storyTitle	Record Ⅹ	记录Ⅹ	已在当前产品中文化	current-authority-curation	0	0	远端 main 的有效变更已逐项择优回收，本地当前值含中文。
eventStoryList.json	$[750].pointTitle		pointTitle	Story	剧情	已在当前产品中文化	current-authority-curation	0	0	远端 main 的有效变更已逐项择优回收，本地当前值含中文。
eventStoryList.json	$[750].storyTitle		storyTitle	Epilogue	尾声	已在当前产品中文化	current-authority-curation	0	0	远端 main 的有效变更已逐项择优回收，本地当前值含中文。
eventStoryList.json	$[80].storyTitle		storyTitle	INTERMISSION	幕间	已在当前产品中文化	current-authority-curation	0	0	远端 main 的有效变更已逐项择优回收，本地当前值含中文。
eventStoryList.json	$[90].storyTitle		storyTitle	TRUE END	真结局	已在当前产品中文化	current-authority-curation	0	0	远端 main 的有效变更已逐项择优回收，本地当前值含中文。
eventStoryList.json	$[959].storyTitle		storyTitle	INTERMISSION	幕间	已在当前产品中文化	current-authority-curation	0	0	远端 main 的有效变更已逐项择优回收，本地当前值含中文。
eventStoryList.json	$[969].storyTitle		storyTitle	TRUE END	真结局	已在当前产品中文化	current-authority-curation	0	0	远端 main 的有效变更已逐项择优回收，本地当前值含中文。
eventStoryList.json	$[96].storyTitle		storyTitle	EPILOGUE	尾声	已在当前产品中文化	current-authority-curation	0	0	远端 main 的有效变更已逐项择优回收，本地当前值含中文。
eventStoryList.json	$[975].storyTitle		storyTitle	EPILOGUE	尾声	已在当前产品中文化	current-authority-curation	0	0	远端 main 的有效变更已逐项择优回收，本地当前值含中文。
itemList.json	$[1141].name		name	Over Limiter	限制解除器	已在当前产品中文化	current-authority-curation	0	0	远端 main 的有效变更已逐项择优回收，本地当前值含中文。
itemList.json	$[1142].name		name	Over Limiter - Core	限制解除器·核心	已在当前产品中文化	current-authority-curation	0	0	远端 main 的有效变更已逐项择优回收，本地当前值含中文。
pieceSkillMap.json	$.10421.name		name	Serenity Adept[Ⅰ]	宁静精通[Ⅰ]	已在当前产品中文化	current-authority-curation	0	0	远端 main 的有效变更已逐项择优回收，本地当前值含中文。
pieceSkillMap.json	$.10422.name		name	Serenity Adept[Ⅱ]	宁静精通[Ⅱ]	已在当前产品中文化	current-authority-curation	0	0	远端 main 的有效变更已逐项择优回收，本地当前值含中文。
pieceSkillMap.json	$.116400.name		name	Invisible Blast[Ⅵ]	Invisible Blast[Ⅵ]	保留原字面值	official-cn-exact	7	0	旧国服客户端/dump 对同一字面值有精确命中；属于正式标题、招式名或机制名。
pieceSkillMap.json	$.116401.name		name	Invisible Blast[Ⅶ]	Invisible Blast[Ⅶ]	保留原字面值	official-cn-exact	7	0	旧国服客户端/dump 对同一字面值有精确命中；属于正式标题、招式名或机制名。
pieceSkillMap.json	$.117200.name		name	Invisible Accele[Ⅵ]	Invisible Accele[Ⅵ]	保留原字面值	official-cn-exact	2	0	旧国服客户端/dump 对同一字面值有精确命中；属于正式标题、招式名或机制名。
pieceSkillMap.json	$.117201.name		name	Invisible Accele[Ⅶ]	Invisible Accele[Ⅶ]	保留原字面值	official-cn-exact	2	0	旧国服客户端/dump 对同一字面值有精确命中；属于正式标题、招式名或机制名。
pieceSkillMap.json	$.161200.name		name	Never Forget	永不忘怀	已在当前产品中文化	current-authority-curation	0	0	远端 main 的有效变更已逐项择优回收，本地当前值含中文。
pieceSkillMap.json	$.161201.name		name	Never Forget	永不忘怀	已在当前产品中文化	current-authority-curation	0	0	远端 main 的有效变更已逐项择优回收，本地当前值含中文。
pieceSkillMap.json	$.168600.name		name	Blessing Adept[Ⅱ]	祝福精通[Ⅱ]	已在当前产品中文化	current-authority-curation	0	0	远端 main 的有效变更已逐项择优回收，本地当前值含中文。
pieceSkillMap.json	$.21031.name		name	Charge Expert Aura[Ⅲ]	Charge精通光环[Ⅲ]	已在当前产品中文化	current-authority-curation	0	0	远端 main 的有效变更已逐项择优回收，本地当前值含中文。
pieceSkillMap.json	$.21032.name		name	Charge Expert Aura[Ⅴ]	Charge精通光环[Ⅴ]	已在当前产品中文化	current-authority-curation	0	0	远端 main 的有效变更已逐项择优回收，本地当前值含中文。
pieceSkillMap.json	$.21041.name		name	Ignore Seal Magia[Ⅰ]	Magia封印无效[Ⅰ]	已在当前产品中文化	current-authority-curation	0	0	远端 main 的有效变更已逐项择优回收，本地当前值含中文。
pieceSkillMap.json	$.21042.name		name	Ignore Seal Magia[Ⅱ]	Magia封印无效[Ⅱ]	已在当前产品中文化	current-authority-curation	0	0	远端 main 的有效变更已逐项择优回收，本地当前值含中文。
pieceSkillMap.json	$.22011.name		name	Full Burst Adept[Ⅰ]	全力爆发精通[Ⅰ]	已在当前产品中文化	current-authority-curation	0	0	远端 main 的有效变更已逐项择优回收，本地当前值含中文。
pieceSkillMap.json	$.22012.name		name	Full Burst Adept[Ⅱ]	全力爆发精通[Ⅱ]	已在当前产品中文化	current-authority-curation	0	0	远端 main 的有效变更已逐项择优回收，本地当前值含中文。
pieceSkillMap.json	$.40281.name		name	Blessing Adept[Ⅰ]	祝福精通[Ⅰ]	已在当前产品中文化	current-authority-curation	0	0	远端 main 的有效变更已逐项择优回收，本地当前值含中文。
pieceSkillMap.json	$.40282.name		name	Blessing Adept[Ⅱ]	祝福精通[Ⅱ]	已在当前产品中文化	current-authority-curation	0	0	远端 main 的有效变更已逐项择优回收，本地当前值含中文。
placeSkillMap.json	$.91.name		name	Light Tercio	光之方阵	已在当前产品中文化	current-authority-curation	0	0	远端 main 的有效变更已逐项择优回收，本地当前值含中文。
placeSkillMap.json	$.92.name		name	Dark Tercio	暗之方阵	已在当前产品中文化	current-authority-curation	0	0	远端 main 的有效变更已逐项择优回收，本地当前值含中文。
placeSkillMap.json	$.93.name		name	Tercio (Forest)	木之方阵	已在当前产品中文化	current-authority-curation	0	0	远端 main 的有效变更已逐项择优回收，本地当前值含中文。
placeSkillMap.json	$.94.name		name	Tercio (Flame)	火之方阵	已在当前产品中文化	current-authority-curation	0	0	远端 main 的有效变更已逐项择优回收，本地当前值含中文。
placeSkillMap.json	$.95.name		name	Tercio (Aqua)	水之方阵	已在当前产品中文化	current-authority-curation	0	0	远端 main 的有效变更已逐项择优回收，本地当前值含中文。
sectionList.json	$[1094].title	sectionId=330491	title	Encounter	邂逅	已在当前产品中文化	current-authority-curation	0	0	远端 main 的有效变更已逐项择优回收，本地当前值含中文。
sectionList.json	$[1095].title	sectionId=330492	title	Vs.The World	Vs.The World	保留原字面值	official-cn-exact	1	0	旧国服客户端/dump 对同一字面值有精确命中；属于正式标题、招式名或机制名。
sectionList.json	$[1096].title	sectionId=330493	title	Watch Over	Watch Over	保留原字面值	official-cn-exact	1	0	旧国服客户端/dump 对同一字面值有精确命中；属于正式标题、招式名或机制名。
sectionList.json	$[1286].title	sectionId=340512	title	Standby Ready	准备就绪	已在当前产品中文化	current-authority-curation	0	0	远端 main 的有效变更已逐项择优回收，本地当前值含中文。
sectionList.json	$[1297].title	sectionId=340611	title	Like attracts like.	物以类聚。	已在当前产品中文化	current-authority-curation	0	0	远端 main 的有效变更已逐项择优回收，本地当前值含中文。
sectionList.json	$[1298].title	sectionId=340612	title	Seize the day.	把握当下。	已在当前产品中文化	current-authority-curation	0	0	远端 main 的有效变更已逐项择优回收，本地当前值含中文。
sectionList.json	$[1299].title	sectionId=340613	title	Life is short.	人生苦短。	已在当前产品中文化	current-authority-curation	0	0	远端 main 的有效变更已逐项择优回收，本地当前值含中文。
sectionList.json	$[1301].title	sectionId=340621	title	Just keep going.	继续前行。	已在当前产品中文化	current-authority-curation	0	0	远端 main 的有效变更已逐项择优回收，本地当前值含中文。
sectionList.json	$[1302].title	sectionId=340622	title	Be kind. Be honest.	心怀善意，坦诚待人。	已在当前产品中文化	current-authority-curation	0	0	远端 main 的有效变更已逐项择优回收，本地当前值含中文。
sectionList.json	$[1303].title	sectionId=340623	title	Keep it fun.	乐在其中。	已在当前产品中文化	current-authority-curation	0	0	远端 main 的有效变更已逐项择优回收，本地当前值含中文。
sectionList.json	$[1392].title	sectionId=521710	title	BEYOND MAGIA	超越Magia	已在当前产品中文化	current-authority-curation	0	0	远端 main 的有效变更已逐项择优回收，本地当前值含中文。
sectionList.json	$[1574].title	sectionId=730522	title	Ignorance Is Bliss	无知是福	已在当前产品中文化	current-authority-curation	0	0	远端 main 的有效变更已逐项择优回收，本地当前值含中文。
sectionList.json	$[168].title	sectionId=102005	title	LastMagia	LastMagia	保留原字面值	official-cn-exact	1	0	旧国服客户端/dump 对同一字面值有精确命中；属于正式标题、招式名或机制名。
sectionList.json	$[304].title	sectionId=104101	title	Pillar of Tomorrow	明日之柱	已在当前产品中文化	current-authority-curation	0	0	远端 main 的有效变更已逐项择优回收，本地当前值含中文。
sectionList.json	$[305].title	sectionId=104102	title	Pillar of Tomorrow	明日之柱	已在当前产品中文化	current-authority-curation	0	0	远端 main 的有效变更已逐项择优回收，本地当前值含中文。
sectionList.json	$[306].title	sectionId=104201	title	film1	film1	保留原字面值	wiki-exact-formal	0	43	Wiki 对同一正式名称有精确记录；不把专名强行直译成普通 UI 文案。
sectionList.json	$[307].title	sectionId=104202	title	film2	film2	保留原字面值	wiki-exact-formal	0	25	Wiki 对同一正式名称有精确记录；不把专名强行直译成普通 UI 文案。
sectionList.json	$[308].title	sectionId=104203	title	film3	film3	保留原字面值	source-formal-structural-label	0	0	Scene0 剧情的胶片编号式正式结构标签；不是通用英文 UI，且没有更高权威中文值。
sectionList.json	$[309].title	sectionId=104204	title	film4	film4	保留原字面值	wiki-exact-formal	0	7	Wiki 对同一正式名称有精确记录；不把专名强行直译成普通 UI 文案。
sectionList.json	$[310].title	sectionId=104205	title	film5	film5	保留原字面值	source-formal-structural-label	0	0	Scene0 剧情的胶片编号式正式结构标签；不是通用英文 UI，且没有更高权威中文值。
sectionList.json	$[311].title	sectionId=104206	title	film6	film6	保留原字面值	source-formal-structural-label	0	0	Scene0 剧情的胶片编号式正式结构标签；不是通用英文 UI，且没有更高权威中文值。
sectionList.json	$[312].title	sectionId=104207	title	film7	film7	保留原字面值	wiki-exact-formal	0	7	Wiki 对同一正式名称有精确记录；不把专名强行直译成普通 UI 文案。
sectionList.json	$[313].title	sectionId=104208	title	film8	film8	保留原字面值	source-formal-structural-label	0	0	Scene0 剧情的胶片编号式正式结构标签；不是通用英文 UI，且没有更高权威中文值。
sectionList.json	$[314].title	sectionId=104209	title	film9	film9	保留原字面值	source-formal-structural-label	0	0	Scene0 剧情的胶片编号式正式结构标签；不是通用英文 UI，且没有更高权威中文值。
sectionList.json	$[315].title	sectionId=104210	title	film10	film10	保留原字面值	source-formal-structural-label	0	0	Scene0 剧情的胶片编号式正式结构标签；不是通用英文 UI，且没有更高权威中文值。
sectionList.json	$[316].title	sectionId=104211	title	film11	film11	保留原字面值	wiki-exact-formal	0	7	Wiki 对同一正式名称有精确记录；不把专名强行直译成普通 UI 文案。
sectionList.json	$[317].title	sectionId=104212	title	film12-1	film12-1	保留原字面值	source-formal-structural-label	0	0	Scene0 剧情的胶片编号式正式结构标签；不是通用英文 UI，且没有更高权威中文值。
sectionList.json	$[318].title	sectionId=104213	title	film12-2	film12-2	保留原字面值	source-formal-structural-label	0	0	Scene0 剧情的胶片编号式正式结构标签；不是通用英文 UI，且没有更高权威中文值。
sectionList.json	$[319].title	sectionId=104214	title	film12-2	film12-2	保留原字面值	source-formal-structural-label	0	0	Scene0 剧情的胶片编号式正式结构标签；不是通用英文 UI，且没有更高权威中文值。
sectionList.json	$[320].title	sectionId=104215	title	film0	film0	保留原字面值	source-formal-structural-label	0	0	Scene0 剧情的胶片编号式正式结构标签；不是通用英文 UI，且没有更高权威中文值。
sectionList.json	$[321].title	sectionId=104216	title	film1-0	film1-0	保留原字面值	source-formal-structural-label	0	0	Scene0 剧情的胶片编号式正式结构标签；不是通用英文 UI，且没有更高权威中文值。
sectionList.json	$[322].title	sectionId=104217	title	film12-3	film12-3	保留原字面值	source-formal-structural-label	0	0	Scene0 剧情的胶片编号式正式结构标签；不是通用英文 UI，且没有更高权威中文值。
sectionList.json	$[323].title	sectionId=104218	title	film13	film13	保留原字面值	wiki-exact-formal	0	7	Wiki 对同一正式名称有精确记录；不把专名强行直译成普通 UI 文案。
sectionList.json	$[324].title	sectionId=104221	title	film1	film1	保留原字面值	wiki-exact-formal	0	43	Wiki 对同一正式名称有精确记录；不把专名强行直译成普通 UI 文案。
sectionList.json	$[325].title	sectionId=104222	title	film2	film2	保留原字面值	wiki-exact-formal	0	25	Wiki 对同一正式名称有精确记录；不把专名强行直译成普通 UI 文案。
sectionList.json	$[326].title	sectionId=104223	title	film3	film3	保留原字面值	source-formal-structural-label	0	0	Scene0 剧情的胶片编号式正式结构标签；不是通用英文 UI，且没有更高权威中文值。
sectionList.json	$[327].title	sectionId=104224	title	film4	film4	保留原字面值	wiki-exact-formal	0	7	Wiki 对同一正式名称有精确记录；不把专名强行直译成普通 UI 文案。
sectionList.json	$[328].title	sectionId=104225	title	film5	film5	保留原字面值	source-formal-structural-label	0	0	Scene0 剧情的胶片编号式正式结构标签；不是通用英文 UI，且没有更高权威中文值。
sectionList.json	$[329].title	sectionId=104226	title	film6	film6	保留原字面值	source-formal-structural-label	0	0	Scene0 剧情的胶片编号式正式结构标签；不是通用英文 UI，且没有更高权威中文值。
sectionList.json	$[330].title	sectionId=104227	title	film7	film7	保留原字面值	wiki-exact-formal	0	7	Wiki 对同一正式名称有精确记录；不把专名强行直译成普通 UI 文案。
sectionList.json	$[331].title	sectionId=104228	title	film8	film8	保留原字面值	source-formal-structural-label	0	0	Scene0 剧情的胶片编号式正式结构标签；不是通用英文 UI，且没有更高权威中文值。
sectionList.json	$[332].title	sectionId=104229	title	film10	film10	保留原字面值	source-formal-structural-label	0	0	Scene0 剧情的胶片编号式正式结构标签；不是通用英文 UI，且没有更高权威中文值。
sectionList.json	$[333].title	sectionId=104230	title	film11	film11	保留原字面值	wiki-exact-formal	0	7	Wiki 对同一正式名称有精确记录；不把专名强行直译成普通 UI 文案。
sectionList.json	$[334].title	sectionId=104231	title	film12	film12	保留原字面值	source-formal-structural-label	0	0	Scene0 剧情的胶片编号式正式结构标签；不是通用英文 UI，且没有更高权威中文值。
sectionList.json	$[335].title	sectionId=104232	title	film0	film0	保留原字面值	source-formal-structural-label	0	0	Scene0 剧情的胶片编号式正式结构标签；不是通用英文 UI，且没有更高权威中文值。
sectionList.json	$[570].charaName	sectionId=310421	charaName	Kyubert	小丘比	已在当前产品中文化	current-authority-curation	0	0	远端 main 的有效变更已逐项择优回收，本地当前值含中文。
sectionList.json	$[571].charaName	sectionId=310422	charaName	Kyubert	小丘比	已在当前产品中文化	current-authority-curation	0	0	远端 main 的有效变更已逐项择优回收，本地当前值含中文。
sectionList.json	$[572].charaName	sectionId=310423	charaName	Kyubert	小丘比	已在当前产品中文化	current-authority-curation	0	0	远端 main 的有效变更已逐项择优回收，本地当前值含中文。
sectionList.json	$[573].charaName	sectionId=310424	charaName	Kyubert	小丘比	已在当前产品中文化	current-authority-curation	0	0	远端 main 的有效变更已逐项择优回收，本地当前值含中文。
sectionList.json	$[849].title	sectionId=322021	title	Act Ⅰ	第一幕	已在当前产品中文化	current-authority-curation	0	0	远端 main 的有效变更已逐项择优回收，本地当前值含中文。
sectionList.json	$[850].title	sectionId=322022	title	Act Ⅱ	第二幕	已在当前产品中文化	current-authority-curation	0	0	远端 main 的有效变更已逐项择优回收，本地当前值含中文。
sectionList.json	$[851].title	sectionId=322023	title	Act Ⅲ	第三幕	已在当前产品中文化	current-authority-curation	0	0	远端 main 的有效变更已逐项择优回收，本地当前值含中文。
shopItemList.json	$[468].name	id=16714	name	Miracle☆Reporters	奇迹☆记者们	已在当前产品中文化	current-authority-curation	0	0	远端 main 的有效变更已逐项择优回收，本地当前值含中文。
shopItemList.json	$[549].name	id=23002	name	Over Limiter - Core	限制解除器·核心	已在当前产品中文化	current-authority-curation	0	0	远端 main 的有效变更已逐项择优回收，本地当前值含中文。
shopItemList.json	$[619].name	id=27703	name	Over Limiter - Core	限制解除器·核心	已在当前产品中文化	current-authority-curation	0	0	远端 main 的有效变更已逐项择优回收，本地当前值含中文。
shopItemList.json	$[656].name	id=29898	name	Next☆Actor	下一位☆演员	已在当前产品中文化	current-authority-curation	0	0	远端 main 的有效变更已逐项择优回收，本地当前值含中文。
