sequence	layer	file	key_field	stable_key	field	expected_before	after	runtime_byte_change	counts_toward_residual	original_pass9_residual	authority_tier	authority_type	source_locator	source_record_sha256	wiki_locator	wiki_record_sha256	note
1	pass17_first_authority	cardMagiaMap.json	dict_key	10228	name	迟钝的魔女化身	迟钝的魔女化身	false	true	true	2_frozen_wiki	frozen_wiki_exact_typed_field	templates.jsonl.gz::Template:角色数据表/煌里 ひかる#doppel中文	8376f392b96b5a2fd1a8a0b1eaa2eae11f16bc13161db065e513020985e7511b	templates.jsonl.gz::Template:角色数据表/煌里 ひかる#doppel中文	8376f392b96b5a2fd1a8a0b1eaa2eae11f16bc13161db065e513020985e7511b	no official CN same-family name is present; frozen Wiki exact typed field is second authority
2	pass17_official_override	cardMagiaMap.json	dict_key	10305	name	转圈圈后说再见	转圈圈后说再见	false	true	true	1_official_cn_dump	official_cn_same_family_linked_by_typed_wiki_character	cardMagiaMap.json/10304/name	467d9cbd4a4211bfa4008608787087bf7a58443a610ef0ed9bc710103c229420	templates.jsonl.gz::Template:角色数据表/安積 はぐむ#magia中文	190ccaac76d13165a293e7acf019d817d2b86d8382e0751175710185a0d41ff9	Official CN current value overrides the lower-priority Wiki baseline; current bytes are retained.
3	pass17_official_override	cardMagiaMap.json	dict_key	27005	name	小渚的巧克力派对	小渚的巧克力派对	false	true	true	1_official_cn_dump	official_cn_same_family_linked_by_typed_wiki_character	cardMagiaMap.json/27004/name	8248895af1dec30be4993088acbcddd968416446fa394c8f007aced9abf87b8d	templates.jsonl.gz::Template:角色数据表/百江 なぎさ（バレンタインver.）#magia中文	c085f5cff1ede011e636b99864802b912f516cb33e9e4c184d306e2b5d3a176e	Official CN current value overrides the lower-priority Wiki baseline; current bytes are retained.
4	pass17_official_override	cardMagiaMap.json	dict_key	30065	name	人家的嗜虐之心	人家的嗜虐之心	false	true	true	1_official_cn_dump	official_cn_same_family_linked_by_typed_wiki_character	cardMagiaMap.json/30062/name;cardMagiaMap.json/30063/name;cardMagiaMap.json/30064/name;cardMagiaMap.json/300641/name	a1f760ff5570b6995071140f69a023d91dbbf5ec408745e36ddc86535301602e;edd9e8d94d3795f513e9f7de77212a9c184ec306d7bade1c014e34137dcf463f;1d407ab6f26512ed7fe65995c64c3e47e725d156d43bf070b10dfea0d2b4637b;62776691e7a6ddee746b85e0e91b4ebb868589aba2065fe99ece1a49fbe86cf7	templates.jsonl.gz::Template:角色数据表/木崎 衣美里#magia中文	eecd4cbeba79b604cead5b7a9fbae5739cf4c4bb75ea76793970f8620acdc21d	Official CN current value overrides the lower-priority Wiki baseline; current bytes are retained.
5	pass17_first_authority	cardMagiaMap.json	dict_key	30068	name	诱惑的魔女化身	诱惑的魔女化身	false	true	true	2_frozen_wiki	frozen_wiki_exact_typed_field	templates.jsonl.gz::Template:角色数据表/木崎 衣美里#doppel中文	eecd4cbeba79b604cead5b7a9fbae5739cf4c4bb75ea76793970f8620acdc21d	templates.jsonl.gz::Template:角色数据表/木崎 衣美里#doppel中文	eecd4cbeba79b604cead5b7a9fbae5739cf4c4bb75ea76793970f8620acdc21d	no official CN same-family name is present; frozen Wiki exact typed field is second authority
6	pass17_first_authority	cardMagiaMap.json	dict_key	30138	name	变温的魔女化身	变温的魔女化身	false	true	true	2_frozen_wiki	frozen_wiki_exact_typed_field	templates.jsonl.gz::Template:角色数据表/伊吹 れいら#doppel中文	c4faf2596620d374ffedc13f23bdbcd3c85f3ea66fb7074a0b66859e6017dfde	templates.jsonl.gz::Template:角色数据表/伊吹 れいら#doppel中文	c4faf2596620d374ffedc13f23bdbcd3c85f3ea66fb7074a0b66859e6017dfde	no official CN same-family name is present; frozen Wiki exact typed field is second authority
7	pass17_first_authority	cardMagiaMap.json	dict_key	30375	name	漆黑的阿卡纳	漆黑的阿卡纳	false	true	true	1_official_cn_dump	official_cn_same_family_linked_by_typed_wiki_character	cardMagiaMap.json/30373/name;cardMagiaMap.json/30374/name	d4ccf38a66ec079962b047810e511e302dad7e3c3bd6b81f09a5c083c807a583;c572c8ad27eb47cdfddca50cbea750578668a16e2d428723f472f07e7775900a	templates.jsonl.gz::Template:角色数据表/安名 メル#magia中文	ea3d746d3ba46da6708cd80dab8684fcd89af63419f1dbcba1232d72ee74ce0b	typed Wiki relationship identifies the character skill family and official CN in that family exactly equals current
8	pass17_official_override	cardMagiaMap.json	dict_key	30404	name	沙场兵戎皆为梦	沙场兵戎皆为梦	false	true	true	1_official_cn_dump	official_cn_same_family_linked_by_typed_wiki_character	cardMagiaMap.json/30403/name	91b2f83d7d6ad8d31ed4605d38cde9d3a814b246807c9b51cd878801deefe873	templates.jsonl.gz::Template:角色数据表/吉良 てまり#magia中文	ece108c2e277b9d6f74c54d46ca1fc790c8c9de36317b69921746b18c7fc15c8	Official CN current value overrides the lower-priority Wiki baseline; current bytes are retained.
9	pass17_official_override	cardMagiaMap.json	dict_key	30538	name	引人注目的魔女化身	引人注目的魔女化身	false	false	false	1_official_cn_dump	official_cn_same_family_linked_by_typed_wiki_character	doppelList.json/305300/name	d1094d88a2d491ea4b179fcf455833ba6fe5453a73f40968f432d56686a54973	templates.jsonl.gz::Template:角色数据表/牧野 郁美#doppel中文	fa7cecfb1754c98ae72189c71746325a04c33e77b8a4d10b7e8253225786ff07	Official CN current value overrides the lower-priority Wiki baseline; current bytes are retained.
10	pass17_first_authority	cardMagiaMap.json	dict_key	35015	name	神圣螺旋的希望	神圣螺旋的希望	false	true	true	1_official_cn_dump	official_cn_same_family_linked_by_typed_wiki_character	cardMagiaMap.json/35014/name	71c3e332391997a25465a13f2bf7bdb382e8929ee8b27117f2f8fcb290089697	templates.jsonl.gz::Template:角色数据表/梨花・れん（クリスマスver.）#magia中文	f28aa3e352003812954825500a5c5b5f7a876121cb8582cb1959588c8d2b4ca0	typed Wiki relationship identifies the character skill family and official CN in that family exactly equals current
11	pass17_first_authority	cardMagiaMap.json	dict_key	40138	name	热血的魔女化身	热血的魔女化身	false	true	true	2_frozen_wiki	frozen_wiki_exact_typed_field	templates.jsonl.gz::Template:角色数据表/牧 カオル#doppel中文	ed18c69c4a4ecf39e27976772d63cdd1333b9960523e0aecc044bbe37944f4e9	templates.jsonl.gz::Template:角色数据表/牧 カオル#doppel中文	ed18c69c4a4ecf39e27976772d63cdd1333b9960523e0aecc044bbe37944f4e9	no official CN same-family name is present; frozen Wiki exact typed field is second authority
12	pass17_first_authority	cardMagiaMap.json	dict_key	40148	name	空腹的魔女化身	空腹的魔女化身	false	true	true	2_frozen_wiki	frozen_wiki_exact_typed_field	templates.jsonl.gz::Template:角色数据表/昴 かずみ#doppel中文	d2000202eec2cda7458700ae3e77458d733a18c09109b64f730eab488a1a7f2e	templates.jsonl.gz::Template:角色数据表/昴 かずみ#doppel中文	d2000202eec2cda7458700ae3e77458d733a18c09109b64f730eab488a1a7f2e	no official CN same-family name is present; frozen Wiki exact typed field is second authority
13	pass17_first_authority	cardMagiaMap.json	dict_key	90001	shortDescription	对敌方全体造成伤害[Ⅵ] & 束缚(我方全体/1T) & 自身防御下降(自身/1T)	对全体敌人造成伤害[Ⅵ] & 束缚（全体敌人/1T） & 自身防御下降（自己/1T）	true	true	true	1_official_cn_dump	official_cn_same_skill_exact_name_level_and_mechanics	cardMagiaMap.json/20054/shortDescription	73919e654a1047df3fc60e3079f859ee11c4b95ac2930227f526235b92cb4ce4	templates.jsonl.gz::Template:角色数据表/巴 マミ#magia效果4	71fc7ae13c941f79762faa61fa65992a78f80f5180ff35864aa7317729b3b870	official cardMagiaMap/20054 is the exact Tiro Finale 4-star record; Wiki independently confirms restraint targets enemy-all
14	pass17_official_override	cardMagiaMap.json	dict_key	90013	name	连环巨拳	连环巨拳	false	true	true	1_official_cn_dump	official_cn_same_family_linked_by_typed_wiki_character	cardMagiaMap.json/30082/name;cardMagiaMap.json/30083/name;cardMagiaMap.json/30084/name	7d0263e894263f2c7c7c3433e1574c03e0650eb683ca393e9cf5bb1a5a48c81b;ef80049cb58ec3a52ebad1e8e7201a665f05e9771d11dbc238fd1d5bc92f29c7;8be789cd1e64fbec53b9cb4a73eece4e42d3fbdf72e48cf6ff45302a0fa186c2	templates.jsonl.gz::Template:角色数据表/志伸 あきら#magia中文	33dcf6030a0a26e9406506c4c6e7c2f09c5d16b11be46e87b5a97ee7663c6d93	Official CN current value overrides the lower-priority Wiki baseline; current bytes are retained.
15	pass17_first_authority	cardMagiaMap.json	dict_key	90017	name	樱隐	樱隐	false	true	true	1_official_cn_dump	official_cn_same_family_linked_by_typed_wiki_character	cardMagiaMap.json/10184/name;cardMagiaMap.json/10185/name;cardMagiaMap.json/101855/name	76ee3ca51e9d6600cc494e1b4ceed2afc05734d0832c24a6918c3088a0823713;ff8f8b2b52be7d037ff6f2c7f9684e543109f8f4eb6f4093d38af1c1cfabb0cf;eb0fe99e31e0ee9936db6dd329bb789ee0e5333082e0f95ce12cd3dfb48c6d3b	templates.jsonl.gz::Template:角色数据表/天音 月夜#magia中文	059b6b723e1458f8143b38ede2dc0e4a430be77122bb20d60c7b30d84a9e9ad8	typed Wiki relationship identifies the character skill family and official CN in that family exactly equals current
16	pass17_first_authority	cardMagiaMap.json	dict_key	90018	name	樱语	樱语	false	true	true	1_official_cn_dump	official_cn_same_family_linked_by_typed_wiki_character	cardMagiaMap.json/10193/name;cardMagiaMap.json/10194/name;cardMagiaMap.json/10195/name	7211f57b6e7e92dffd6888521f1a06cea8290aae9ee95cedd68bc33eafe3f924;e3d36481f49e434dd5113a565fecc6f7854b95e73b3466d4e623b623052ad49d;dd25746a8287314ef4f718e7210144d512a804370c5306ccc692a88efec5a69a	templates.jsonl.gz::Template:角色数据表/天音 月咲#magia中文	2570ba796e046c9b6ac0f64c9f213d1b248b02232c086702f03bd9a47e850af0	typed Wiki relationship identifies the character skill family and official CN in that family exactly equals current
17	pass17_official_override	cardMagiaMap.json	dict_key	90020	name	Nine Phases	Nine Phases	false	true	true	1_official_cn_dump	official_cn_same_family_linked_by_typed_wiki_character	cardMagiaMap.json/10084/name;cardMagiaMap.json/10085/name	a086f67809c21f79c4a0b5b8cc45299277a52fad9f04a79823e8a18ac10b7b5b;2de982279d20e199e16c3e8968f044bb4dd076face7ff832ae187ab2667ae3d1	templates.jsonl.gz::Template:角色数据表/アリナ・グレイ#magia中文	21fe0ce1be2bea018712762fb042397b0a840953e8c7c5d4bf1fed34afcfb74a	Official CN current value overrides the lower-priority Wiki baseline; current bytes are retained.
18	pass17_first_authority	cardMagiaMap.json	dict_key	90023	name	时间停止Special	时间停止Special	false	true	true	1_official_cn_dump	official_cn_same_family_linked_by_typed_wiki_character	cardMagiaMap.json/20034/name;cardMagiaMap.json/20035/name;cardMagiaMap.json/200355/name	4dd315c27ff490e621bac3e5d2231ff8c9be42add815d7ac2582f1469aa40ee3;48cde1ba0457130da743a1dce907636b2ae849c71b1325db11a47568ffbcba5b;032c06ae2f0bde5b0d63d848e6b6ffe8fdfbf5a21edd6a03d66eca45e8278f9e	templates.jsonl.gz::Template:角色数据表/暁美 ほむら（眼鏡ver.）#magia中文	fa12ce79ee479fdde1ac3f7cd272fe301acc0fa3e747d7c90bf695cb6eb36d51	typed Wiki relationship identifies the character skill family and official CN in that family exactly equals current
19	pass17_first_authority	cardMagiaMap.json	dict_key	90027	name	樱语	樱语	false	true	true	1_official_cn_dump	official_cn_same_family_linked_by_typed_wiki_character	cardMagiaMap.json/10193/name;cardMagiaMap.json/10194/name;cardMagiaMap.json/10195/name	7211f57b6e7e92dffd6888521f1a06cea8290aae9ee95cedd68bc33eafe3f924;e3d36481f49e434dd5113a565fecc6f7854b95e73b3466d4e623b623052ad49d;dd25746a8287314ef4f718e7210144d512a804370c5306ccc692a88efec5a69a	templates.jsonl.gz::Template:角色数据表/天音 月咲#magia中文	2570ba796e046c9b6ac0f64c9f213d1b248b02232c086702f03bd9a47e850af0	typed Wiki relationship identifies the character skill family and official CN in that family exactly equals current
20	pass17_first_authority	cardMagiaMap.json	dict_key	90028	name	樱隐	樱隐	false	true	true	1_official_cn_dump	official_cn_same_family_linked_by_typed_wiki_character	cardMagiaMap.json/10184/name;cardMagiaMap.json/10185/name;cardMagiaMap.json/101855/name	76ee3ca51e9d6600cc494e1b4ceed2afc05734d0832c24a6918c3088a0823713;ff8f8b2b52be7d037ff6f2c7f9684e543109f8f4eb6f4093d38af1c1cfabb0cf;eb0fe99e31e0ee9936db6dd329bb789ee0e5333082e0f95ce12cd3dfb48c6d3b	templates.jsonl.gz::Template:角色数据表/天音 月夜#magia中文	059b6b723e1458f8143b38ede2dc0e4a430be77122bb20d60c7b30d84a9e9ad8	typed Wiki relationship identifies the character skill family and official CN in that family exactly equals current
21	pass17_official_override	cardMagiaMap.json	dict_key	90037	name	死亡糖果暴风	死亡糖果暴风	false	true	true	1_official_cn_dump	official_cn_same_family_linked_by_typed_wiki_character	cardMagiaMap.json/10124/name;cardMagiaMap.json/10125/name;cardMagiaMap.json/101255/name	2715d3e20156df39a6abf08193f91db2d01ebfc3666ee93ca7e5861158c54739;45e7413804a11741b8c4875df7bfbde79a7a3a62aad5bb715133ce7a1f1c3149;fdd1612c2da88b2a42e9602502320efdb879d2f8aa5a8ca776a221376f460234	templates.jsonl.gz::Template:角色数据表/御園 かりん#magia中文	e98c4b2744c1c10dc396e55bf497a23aa6ad00ab1e0bc9ef2ea5cda219e2ec73	Official CN current value overrides the lower-priority Wiki baseline; current bytes are retained.
22	pass17_official_override	cardMagiaMap.json	dict_key	90038	name	通往未来的道路	通往未来的道路	false	true	true	1_official_cn_dump	official_cn_same_family_linked_by_typed_wiki_character	cardMagiaMap.json/10011/name;cardMagiaMap.json/10012/name;cardMagiaMap.json/10013/name;cardMagiaMap.json/10014/name;cardMagiaMap.json/10015/name;cardMagiaMap.json/100155/name	59584ea694fee877bdd7e6ee155a261786cea08078edff83ca8777e0440a722c;2bb3b1d1215bdf7612e1cb546e82849e4df8b19d24485f1806cf4e7377a76bd2;1ef356471760d915b8443bcf0f8c13254ff424380b3677df1ac56f3f382f62cd;20a9b342676a464343e358873244af02b2760e6cda581d0376e9332973d6e3af;249857a74ad0363580e1cea7f628ec9b6694ef35325bd7e8f30b69c46834cbf6;99874db95d27c80e7491f5a9b5a5325e3cd6fe97e3d095d7b84551605c14a0fa	templates.jsonl.gz::Template:角色数据表/環 いろは#magia中文	8501d4d5dffdcbeda6bc6e4e5fef0b61339f91701fd6887c149e304805177b78	Official CN current value overrides the lower-priority Wiki baseline; current bytes are retained.
23	pass17_official_override	cardMagiaMap.json	dict_key	90050	name	连环巨拳	连环巨拳	false	true	true	1_official_cn_dump	official_cn_same_family_linked_by_typed_wiki_character	cardMagiaMap.json/30082/name;cardMagiaMap.json/30083/name;cardMagiaMap.json/30084/name	7d0263e894263f2c7c7c3433e1574c03e0650eb683ca393e9cf5bb1a5a48c81b;ef80049cb58ec3a52ebad1e8e7201a665f05e9771d11dbc238fd1d5bc92f29c7;8be789cd1e64fbec53b9cb4a73eece4e42d3fbdf72e48cf6ff45302a0fa186c2	templates.jsonl.gz::Template:角色数据表/志伸 あきら#magia中文	33dcf6030a0a26e9406506c4c6e7c2f09c5d16b11be46e87b5a97ee7663c6d93	Official CN current value overrides the lower-priority Wiki baseline; current bytes are retained.
24	pass17_official_override	cardMagiaMap.json	dict_key	90052	name	千年日月	千年日月	false	true	true	1_official_cn_dump	official_cn_same_family_linked_by_typed_wiki_character	cardMagiaMap.json/30072/name;cardMagiaMap.json/30073/name;cardMagiaMap.json/30074/name	7f90060af2e48c252214ddf7292376f1793f89e5ed75aeb26b2d7cc8aaefcb84;749fa2dc16d80af6a01dc7dbf4386d3b9e08fd63c6c9c1ea82f8701ac53db723;7c2c22678b9c3099ab345703b430f8737d0f75ae15ae6d8a1558db1327a7f4ab	templates.jsonl.gz::Template:角色数据表/保澄 雫#magia中文	9fd2694651dc67c25e8f75afeb12bb5143c3bbd2a1d83786187500c3325622d9	Official CN current value overrides the lower-priority Wiki baseline; current bytes are retained.
25	pass17_official_override	cardMagiaMap.json	dict_key	90055	name	连环巨拳	连环巨拳	false	true	true	1_official_cn_dump	official_cn_same_family_linked_by_typed_wiki_character	cardMagiaMap.json/30082/name;cardMagiaMap.json/30083/name;cardMagiaMap.json/30084/name	7d0263e894263f2c7c7c3433e1574c03e0650eb683ca393e9cf5bb1a5a48c81b;ef80049cb58ec3a52ebad1e8e7201a665f05e9771d11dbc238fd1d5bc92f29c7;8be789cd1e64fbec53b9cb4a73eece4e42d3fbdf72e48cf6ff45302a0fa186c2	templates.jsonl.gz::Template:角色数据表/志伸 あきら#magia中文	33dcf6030a0a26e9406506c4c6e7c2f09c5d16b11be46e87b5a97ee7663c6d93	Official CN current value overrides the lower-priority Wiki baseline; current bytes are retained.
26	pass17_official_override	cardMagiaMap.json	dict_key	90063	name	终极大锤	终极大锤	false	true	true	1_official_cn_dump	official_cn_same_family_linked_by_typed_wiki_character	cardMagiaMap.json/10052/name;cardMagiaMap.json/10053/name;cardMagiaMap.json/10054/name;cardMagiaMap.json/10055/name;cardMagiaMap.json/100555/name	0e06cdeafea900ae2f87fe3541b238d85f7f6a04950276d63e1ce1ba4662fb9f;3b63f879e787b9495d8930cb98b1afc9e2627283f1a4af90e93f7bb62d849377;c63f39762d17206d964759b1ec70b384abae5e7681d113f3878dcb96888318d7;1fa7715e05fbd0739a86b9143e994afc301891faa2420241658e8055cc3bb4b5;bf80385ec8c742d2333009bfdc0c0657704fd5568b24aba306777dd3692d3bf2	templates.jsonl.gz::Template:角色数据表/深月 フェリシア#magia中文	5eac553c47edbf4f5cba4578bc7eb11ada573efec8b8fb0bdc50c807f44719a5	Official CN current value overrides the lower-priority Wiki baseline; current bytes are retained.
27	pass17_official_override	cardMagiaMap.json	dict_key	90067	name	魂之救赎	魂之救赎	false	true	true	1_official_cn_dump	official_cn_same_family_linked_by_typed_wiki_character	cardMagiaMap.json/30254/name;cardMagiaMap.json/30255/name;cardMagiaMap.json/302555/name	c2b8261c83dd37942f8d36512fc8d97ac2af2a41ecc9e24d0da96a5c683245ce;ae0f6637a852cafe23b8873461aba721cc7afde3f29a2133b1f8784daac2ff76;36d94c990cbdf0c0b35bffcbef255b42db48ba85a8aa780bbac03df70ea4ce03	templates.jsonl.gz::Template:角色数据表/五十鈴 れん#magia中文	3427f44c5bf8b858ce4e3d30c161bc07c805ce092a4e469b0365af7fa9b2ff79	Official CN current value overrides the lower-priority Wiki baseline; current bytes are retained.
28	pass17_official_override	cardMagiaMap.json	dict_key	90069	name	超辣全套料理	超辣全套料理	false	true	true	1_official_cn_dump	official_cn_same_family_linked_by_typed_wiki_character	cardMagiaMap.json/30092/name;cardMagiaMap.json/30093/name;cardMagiaMap.json/30094/name	10fb18ec6d482a05c174ef5f1ffe78ea7ed8c323504ca979d942c940de768167;59761ab2ab036212bd358fe5c1079eba3f8d485c0c091eafda6fa58801c3640b;171be331926a3fc57b7ad1a676fbb54108e085267eaaa8a15c10946b4214d459	templates.jsonl.gz::Template:角色数据表/胡桃 まなか#magia中文	6c85abdb673a2eb96341917e7a24e4766b195ab7dbcfb317acf0907a12385bd6	Official CN current value overrides the lower-priority Wiki baseline; current bytes are retained.
29	pass17_first_authority	cardMagiaMap.json	dict_key	90070	name	时间停止Special	时间停止Special	false	true	true	1_official_cn_dump	official_cn_same_family_linked_by_typed_wiki_character	cardMagiaMap.json/20034/name;cardMagiaMap.json/20035/name;cardMagiaMap.json/200355/name	4dd315c27ff490e621bac3e5d2231ff8c9be42add815d7ac2582f1469aa40ee3;48cde1ba0457130da743a1dce907636b2ae849c71b1325db11a47568ffbcba5b;032c06ae2f0bde5b0d63d848e6b6ffe8fdfbf5a21edd6a03d66eca45e8278f9e	templates.jsonl.gz::Template:角色数据表/暁美 ほむら（眼鏡ver.）#magia中文	fa12ce79ee479fdde1ac3f7cd272fe301acc0fa3e747d7c90bf695cb6eb36d51	typed Wiki relationship identifies the character skill family and official CN in that family exactly equals current
30	pass17_official_override	cardMagiaMap.json	dict_key	90074	name	通向辉煌路的书页	通向辉煌路的书页	false	true	true	1_official_cn_dump	official_cn_same_family_linked_by_typed_wiki_character	cardMagiaMap.json/30112/name;cardMagiaMap.json/30113/name;cardMagiaMap.json/30114/name;cardMagiaMap.json/30115/name	20750cafb349e3c484f8c738e1d18a070fbf10db1f6319aef7bb05ced410c043;27818055493fffa44f51fae3ec562a17615920f1fc3d4f228f87aefa83f31bfe;f8e9a21c134a3b7857d98749247a76b5c5533803ec9b2f496c7a27c45672c9fc;da538e4ee5eaf798cdf17d8452eebd8d4193811cabaf8d48c7321c15e72d048f	templates.jsonl.gz::Template:角色数据表/夏目 かこ#magia中文	fed2ca68f4f48389b8726d3a2732e10118df0a3713cdd20b8e8e754f13cd1162	Official CN current value overrides the lower-priority Wiki baseline; current bytes are retained.
31	pass17_official_override	cardMagiaMap.json	dict_key	90075	name	千年日月	千年日月	false	true	true	1_official_cn_dump	official_cn_same_family_linked_by_typed_wiki_character	cardMagiaMap.json/30072/name;cardMagiaMap.json/30073/name;cardMagiaMap.json/30074/name	7f90060af2e48c252214ddf7292376f1793f89e5ed75aeb26b2d7cc8aaefcb84;749fa2dc16d80af6a01dc7dbf4386d3b9e08fd63c6c9c1ea82f8701ac53db723;7c2c22678b9c3099ab345703b430f8737d0f75ae15ae6d8a1558db1327a7f4ab	templates.jsonl.gz::Template:角色数据表/保澄 雫#magia中文	9fd2694651dc67c25e8f75afeb12bb5143c3bbd2a1d83786187500c3325622d9	Official CN current value overrides the lower-priority Wiki baseline; current bytes are retained.
32	pass17_official_override	cardMagiaMap.json	dict_key	90081	name	终极大锤	终极大锤	false	true	true	1_official_cn_dump	official_cn_same_family_linked_by_typed_wiki_character	cardMagiaMap.json/10052/name;cardMagiaMap.json/10053/name;cardMagiaMap.json/10054/name;cardMagiaMap.json/10055/name;cardMagiaMap.json/100555/name	0e06cdeafea900ae2f87fe3541b238d85f7f6a04950276d63e1ce1ba4662fb9f;3b63f879e787b9495d8930cb98b1afc9e2627283f1a4af90e93f7bb62d849377;c63f39762d17206d964759b1ec70b384abae5e7681d113f3878dcb96888318d7;1fa7715e05fbd0739a86b9143e994afc301891faa2420241658e8055cc3bb4b5;bf80385ec8c742d2333009bfdc0c0657704fd5568b24aba306777dd3692d3bf2	templates.jsonl.gz::Template:角色数据表/深月 フェリシア#magia中文	5eac553c47edbf4f5cba4578bc7eb11ada573efec8b8fb0bdc50c807f44719a5	Official CN current value overrides the lower-priority Wiki baseline; current bytes are retained.
33	pass17_first_authority	cardMagiaMap.json	dict_key	90084	name	时间停止Special	时间停止Special	false	true	true	1_official_cn_dump	official_cn_same_family_linked_by_typed_wiki_character	cardMagiaMap.json/20034/name;cardMagiaMap.json/20035/name;cardMagiaMap.json/200355/name	4dd315c27ff490e621bac3e5d2231ff8c9be42add815d7ac2582f1469aa40ee3;48cde1ba0457130da743a1dce907636b2ae849c71b1325db11a47568ffbcba5b;032c06ae2f0bde5b0d63d848e6b6ffe8fdfbf5a21edd6a03d66eca45e8278f9e	templates.jsonl.gz::Template:角色数据表/暁美 ほむら（眼鏡ver.）#magia中文	fa12ce79ee479fdde1ac3f7cd272fe301acc0fa3e747d7c90bf695cb6eb36d51	typed Wiki relationship identifies the character skill family and official CN in that family exactly equals current
34	pass17_first_authority	cardMagiaMap.json	dict_key	90086	name	礼拜的魔女化身	礼拜的魔女化身	false	true	true	1_official_cn_dump	official_cn_same_family_linked_by_typed_wiki_character	doppelList.json/250000/name	2fe1bf7cf59b5a0f134699ef222b0a4a5f5be72e1b01920b9fe4736398b9712b	templates.jsonl.gz::Template:角色数据表/ホーリーマミ#doppel中文	f9ef6a00575a2cbcf85346815a156e85c9afdde302fe5736f2bcc082bb3805cd	typed Wiki relationship identifies the character skill family and official CN in that family exactly equals current
35	pass17_first_authority	cardMagiaMap.json	dict_key	90087	name	礼拜的魔女化身	礼拜的魔女化身	false	true	true	1_official_cn_dump	official_cn_same_family_linked_by_typed_wiki_character	doppelList.json/250000/name	2fe1bf7cf59b5a0f134699ef222b0a4a5f5be72e1b01920b9fe4736398b9712b	templates.jsonl.gz::Template:角色数据表/ホーリーマミ#doppel中文	f9ef6a00575a2cbcf85346815a156e85c9afdde302fe5736f2bcc082bb3805cd	typed Wiki relationship identifies the character skill family and official CN in that family exactly equals current
36	pass17_official_override	cardMagiaMap.json	dict_key	90089	name	激情的最急板	激情的最急板	false	true	true	1_official_cn_dump	official_cn_same_family_linked_by_typed_wiki_character	cardMagiaMap.json/20044/name;cardMagiaMap.json/20045/name;cardMagiaMap.json/200455/name	882bd9c0dfa0c86285f6e0eacc685d6b42aa581dd8e8457d7e55f9354b773c47;5d714b5f3ed8ed641833db1bb0bcae2d7469b6cf9077417380b9d93d54f0136c;5b415f76f92085f94c1c47a20c9b4cf2b4da46bb4e3699804d968889e5d68e62	templates.jsonl.gz::Template:角色数据表/美樹 さやか#magia中文	e6dba4dceee53968a8a1ef5a8e0734285fcb2b6c604b5027e76b969760a60d17	Official CN current value overrides the lower-priority Wiki baseline; current bytes are retained.
37	pass17_official_override	cardMagiaMap.json	dict_key	90091	name	闪电激流	闪电激流	false	true	true	1_official_cn_dump	official_cn_same_family_linked_by_typed_wiki_character	cardMagiaMap.json/30273/name;cardMagiaMap.json/30274/name	ee6106c424bd27a462520a3450d0301abd932eec91eda1e1f1f443d40bf847c9;f337d74be13c1bc785c433efd52fbb1d75a661f389dc77bfad3c0040237f9c72	templates.jsonl.gz::Template:角色数据表/遊佐 葉月#magia中文	b478e1ceb08a707632f470096baf364450fd200725b2187df06841ca6e78318a	Official CN current value overrides the lower-priority Wiki baseline; current bytes are retained.
38	pass17_official_override	cardMagiaMap.json	dict_key	90092	name	未知飞焰	未知飞焰	false	true	true	1_official_cn_dump	official_cn_same_family_linked_by_typed_wiki_character	cardMagiaMap.json/30282/name;cardMagiaMap.json/30283/name;cardMagiaMap.json/30284/name	e5fb047bcb7a6e7fb6517d209527432f9024d567bd988d52fc03ea2b12674dda;341116c23cee46cc200b93c5cb8e37515e5389ef25ddef0c0c55e914a7fd3be0;c454603e7c9f95f223e91e14e843a8322927983cb593a9e17d1da2f7cf75caef	templates.jsonl.gz::Template:角色数据表/三栗 あやめ#magia中文	13efb63eae66942c6e1b350d4be0a39f20c9dcc7ae633d4ab0b60f2ccddfc5ce	Official CN current value overrides the lower-priority Wiki baseline; current bytes are retained.
39	pass17_official_override	cardMagiaMap.json	dict_key	90095	name	终极大锤	终极大锤	false	true	true	1_official_cn_dump	official_cn_same_family_linked_by_typed_wiki_character	cardMagiaMap.json/10052/name;cardMagiaMap.json/10053/name;cardMagiaMap.json/10054/name;cardMagiaMap.json/10055/name;cardMagiaMap.json/100555/name	0e06cdeafea900ae2f87fe3541b238d85f7f6a04950276d63e1ce1ba4662fb9f;3b63f879e787b9495d8930cb98b1afc9e2627283f1a4af90e93f7bb62d849377;c63f39762d17206d964759b1ec70b384abae5e7681d113f3878dcb96888318d7;1fa7715e05fbd0739a86b9143e994afc301891faa2420241658e8055cc3bb4b5;bf80385ec8c742d2333009bfdc0c0657704fd5568b24aba306777dd3692d3bf2	templates.jsonl.gz::Template:角色数据表/深月 フェリシア#magia中文	5eac553c47edbf4f5cba4578bc7eb11ada573efec8b8fb0bdc50c807f44719a5	Official CN current value overrides the lower-priority Wiki baseline; current bytes are retained.
40	pass17_official_override	cardMagiaMap.json	dict_key	90101	name	激情的最急板	激情的最急板	false	true	true	1_official_cn_dump	official_cn_same_family_linked_by_typed_wiki_character	cardMagiaMap.json/20044/name;cardMagiaMap.json/20045/name;cardMagiaMap.json/200455/name	882bd9c0dfa0c86285f6e0eacc685d6b42aa581dd8e8457d7e55f9354b773c47;5d714b5f3ed8ed641833db1bb0bcae2d7469b6cf9077417380b9d93d54f0136c;5b415f76f92085f94c1c47a20c9b4cf2b4da46bb4e3699804d968889e5d68e62	templates.jsonl.gz::Template:角色数据表/美樹 さやか#magia中文	e6dba4dceee53968a8a1ef5a8e0734285fcb2b6c604b5027e76b969760a60d17	Official CN current value overrides the lower-priority Wiki baseline; current bytes are retained.
41	pass17_first_authority	cardMagiaMap.json	dict_key	90104	name	时间停止Special	时间停止Special	false	true	true	1_official_cn_dump	official_cn_same_family_linked_by_typed_wiki_character	cardMagiaMap.json/20034/name;cardMagiaMap.json/20035/name;cardMagiaMap.json/200355/name	4dd315c27ff490e621bac3e5d2231ff8c9be42add815d7ac2582f1469aa40ee3;48cde1ba0457130da743a1dce907636b2ae849c71b1325db11a47568ffbcba5b;032c06ae2f0bde5b0d63d848e6b6ffe8fdfbf5a21edd6a03d66eca45e8278f9e	templates.jsonl.gz::Template:角色数据表/暁美 ほむら（眼鏡ver.）#magia中文	fa12ce79ee479fdde1ac3f7cd272fe301acc0fa3e747d7c90bf695cb6eb36d51	typed Wiki relationship identifies the character skill family and official CN in that family exactly equals current
42	pass17_official_override	cardMagiaMap.json	dict_key	90108	name	激情的最急板	激情的最急板	false	true	true	1_official_cn_dump	official_cn_same_family_linked_by_typed_wiki_character	cardMagiaMap.json/20044/name;cardMagiaMap.json/20045/name;cardMagiaMap.json/200455/name	882bd9c0dfa0c86285f6e0eacc685d6b42aa581dd8e8457d7e55f9354b773c47;5d714b5f3ed8ed641833db1bb0bcae2d7469b6cf9077417380b9d93d54f0136c;5b415f76f92085f94c1c47a20c9b4cf2b4da46bb4e3699804d968889e5d68e62	templates.jsonl.gz::Template:角色数据表/美樹 さやか#magia中文	e6dba4dceee53968a8a1ef5a8e0734285fcb2b6c604b5027e76b969760a60d17	Official CN current value overrides the lower-priority Wiki baseline; current bytes are retained.
43	pass17_official_override	cardMagiaMap.json	dict_key	90111	name	通往未来的道路	通往未来的道路	false	true	true	1_official_cn_dump	official_cn_same_family_linked_by_typed_wiki_character	cardMagiaMap.json/10011/name;cardMagiaMap.json/10012/name;cardMagiaMap.json/10013/name;cardMagiaMap.json/10014/name;cardMagiaMap.json/10015/name;cardMagiaMap.json/100155/name	59584ea694fee877bdd7e6ee155a261786cea08078edff83ca8777e0440a722c;2bb3b1d1215bdf7612e1cb546e82849e4df8b19d24485f1806cf4e7377a76bd2;1ef356471760d915b8443bcf0f8c13254ff424380b3677df1ac56f3f382f62cd;20a9b342676a464343e358873244af02b2760e6cda581d0376e9332973d6e3af;249857a74ad0363580e1cea7f628ec9b6694ef35325bd7e8f30b69c46834cbf6;99874db95d27c80e7491f5a9b5a5325e3cd6fe97e3d095d7b84551605c14a0fa	templates.jsonl.gz::Template:角色数据表/環 いろは#magia中文	8501d4d5dffdcbeda6bc6e4e5fef0b61339f91701fd6887c149e304805177b78	Official CN current value overrides the lower-priority Wiki baseline; current bytes are retained.
44	pass17_first_authority	cardMagiaMap.json	dict_key	90116	name	时间停止Special	时间停止Special	false	true	true	1_official_cn_dump	official_cn_same_family_linked_by_typed_wiki_character	cardMagiaMap.json/20034/name;cardMagiaMap.json/20035/name;cardMagiaMap.json/200355/name	4dd315c27ff490e621bac3e5d2231ff8c9be42add815d7ac2582f1469aa40ee3;48cde1ba0457130da743a1dce907636b2ae849c71b1325db11a47568ffbcba5b;032c06ae2f0bde5b0d63d848e6b6ffe8fdfbf5a21edd6a03d66eca45e8278f9e	templates.jsonl.gz::Template:角色数据表/暁美 ほむら（眼鏡ver.）#magia中文	fa12ce79ee479fdde1ac3f7cd272fe301acc0fa3e747d7c90bf695cb6eb36d51	typed Wiki relationship identifies the character skill family and official CN in that family exactly equals current
45	pass17_official_override	cardMagiaMap.json	dict_key	90118	name	死亡糖果暴风	死亡糖果暴风	false	true	true	1_official_cn_dump	official_cn_same_family_linked_by_typed_wiki_character	cardMagiaMap.json/10124/name;cardMagiaMap.json/10125/name;cardMagiaMap.json/101255/name	2715d3e20156df39a6abf08193f91db2d01ebfc3666ee93ca7e5861158c54739;45e7413804a11741b8c4875df7bfbde79a7a3a62aad5bb715133ce7a1f1c3149;fdd1612c2da88b2a42e9602502320efdb879d2f8aa5a8ca776a221376f460234	templates.jsonl.gz::Template:角色数据表/御園 かりん#magia中文	e98c4b2744c1c10dc396e55bf497a23aa6ad00ab1e0bc9ef2ea5cda219e2ec73	Official CN current value overrides the lower-priority Wiki baseline; current bytes are retained.
46	pass17_first_authority	cardMagiaMap.json	dict_key	90120	name	樱隐	樱隐	false	true	true	1_official_cn_dump	official_cn_same_family_linked_by_typed_wiki_character	cardMagiaMap.json/10184/name;cardMagiaMap.json/10185/name;cardMagiaMap.json/101855/name	76ee3ca51e9d6600cc494e1b4ceed2afc05734d0832c24a6918c3088a0823713;ff8f8b2b52be7d037ff6f2c7f9684e543109f8f4eb6f4093d38af1c1cfabb0cf;eb0fe99e31e0ee9936db6dd329bb789ee0e5333082e0f95ce12cd3dfb48c6d3b	templates.jsonl.gz::Template:角色数据表/天音 月夜#magia中文	059b6b723e1458f8143b38ede2dc0e4a430be77122bb20d60c7b30d84a9e9ad8	typed Wiki relationship identifies the character skill family and official CN in that family exactly equals current
47	pass17_first_authority	cardMagiaMap.json	dict_key	90121	name	樱语	樱语	false	true	true	1_official_cn_dump	official_cn_same_family_linked_by_typed_wiki_character	cardMagiaMap.json/10193/name;cardMagiaMap.json/10194/name;cardMagiaMap.json/10195/name	7211f57b6e7e92dffd6888521f1a06cea8290aae9ee95cedd68bc33eafe3f924;e3d36481f49e434dd5113a565fecc6f7854b95e73b3466d4e623b623052ad49d;dd25746a8287314ef4f718e7210144d512a804370c5306ccc692a88efec5a69a	templates.jsonl.gz::Template:角色数据表/天音 月咲#magia中文	2570ba796e046c9b6ac0f64c9f213d1b248b02232c086702f03bd9a47e850af0	typed Wiki relationship identifies the character skill family and official CN in that family exactly equals current
48	pass17_official_override	cardMagiaMap.json	dict_key	90134	name	光辉万丈	光辉万丈	false	true	true	1_official_cn_dump	official_cn_same_family_linked_by_typed_wiki_character	cardMagiaMap.json/40214/name;cardMagiaMap.json/40215/name;cardMagiaMap.json/402155/name	850729487d2191399f35d26bdb4daf44808ce143d3f3bf5e50f3416131fbf0d6;8c25ea65cee79a56830eaf71a12defb2f271d59687751ce41b8946a5611c01e0;ec4c2efff67938a5ada072d713ca3d03346170e39392974d9db80ffa557d6838	templates.jsonl.gz::Template:角色数据表/タルト#magia中文	df4ca45880d340e9f8ec079eb713e024fe999645d58f6f21faefeb29fbeb184a	Official CN current value overrides the lower-priority Wiki baseline; current bytes are retained.
49	pass17_first_authority	cardMagiaMap.json	dict_key	90138	name	宠爱的魔女化身	宠爱的魔女化身	false	true	true	1_official_cn_dump	official_cn_same_family_linked_by_typed_wiki_character	doppelList.json/303200/name	6faaac783c79903ff810a0c54b976fb91ce82fd1228994853dbd33e6857fe820	templates.jsonl.gz::Template:角色数据表/梢 麻友#doppel中文	3932981b56a55482fc3e6414368f9a014e4ee1b6bc11f40e091383fbd8648ac8	typed Wiki relationship identifies the character skill family and official CN in that family exactly equals current
50	pass17_official_override	cardMagiaMap.json	dict_key	90140	name	通向辉煌路的书页	通向辉煌路的书页	false	true	true	1_official_cn_dump	official_cn_same_family_linked_by_typed_wiki_character	cardMagiaMap.json/30112/name;cardMagiaMap.json/30113/name;cardMagiaMap.json/30114/name;cardMagiaMap.json/30115/name	20750cafb349e3c484f8c738e1d18a070fbf10db1f6319aef7bb05ced410c043;27818055493fffa44f51fae3ec562a17615920f1fc3d4f228f87aefa83f31bfe;f8e9a21c134a3b7857d98749247a76b5c5533803ec9b2f496c7a27c45672c9fc;da538e4ee5eaf798cdf17d8452eebd8d4193811cabaf8d48c7321c15e72d048f	templates.jsonl.gz::Template:角色数据表/夏目 かこ#magia中文	fed2ca68f4f48389b8726d3a2732e10118df0a3713cdd20b8e8e754f13cd1162	Official CN current value overrides the lower-priority Wiki baseline; current bytes are retained.
51	pass17_official_override	cardMagiaMap.json	dict_key	90144	name	通往未来的道路	通往未来的道路	false	true	true	1_official_cn_dump	official_cn_same_family_linked_by_typed_wiki_character	cardMagiaMap.json/10011/name;cardMagiaMap.json/10012/name;cardMagiaMap.json/10013/name;cardMagiaMap.json/10014/name;cardMagiaMap.json/10015/name;cardMagiaMap.json/100155/name	59584ea694fee877bdd7e6ee155a261786cea08078edff83ca8777e0440a722c;2bb3b1d1215bdf7612e1cb546e82849e4df8b19d24485f1806cf4e7377a76bd2;1ef356471760d915b8443bcf0f8c13254ff424380b3677df1ac56f3f382f62cd;20a9b342676a464343e358873244af02b2760e6cda581d0376e9332973d6e3af;249857a74ad0363580e1cea7f628ec9b6694ef35325bd7e8f30b69c46834cbf6;99874db95d27c80e7491f5a9b5a5325e3cd6fe97e3d095d7b84551605c14a0fa	templates.jsonl.gz::Template:角色数据表/環 いろは#magia中文	8501d4d5dffdcbeda6bc6e4e5fef0b61339f91701fd6887c149e304805177b78	Official CN current value overrides the lower-priority Wiki baseline; current bytes are retained.
52	pass17_official_override	cardMagiaMap.json	dict_key	90159	name	激情的最急板	激情的最急板	false	true	true	1_official_cn_dump	official_cn_same_family_linked_by_typed_wiki_character	cardMagiaMap.json/20044/name;cardMagiaMap.json/20045/name;cardMagiaMap.json/200455/name	882bd9c0dfa0c86285f6e0eacc685d6b42aa581dd8e8457d7e55f9354b773c47;5d714b5f3ed8ed641833db1bb0bcae2d7469b6cf9077417380b9d93d54f0136c;5b415f76f92085f94c1c47a20c9b4cf2b4da46bb4e3699804d968889e5d68e62	templates.jsonl.gz::Template:角色数据表/美樹 さやか#magia中文	e6dba4dceee53968a8a1ef5a8e0734285fcb2b6c604b5027e76b969760a60d17	Official CN current value overrides the lower-priority Wiki baseline; current bytes are retained.
53	pass17_first_authority	cardMagiaMap.json	dict_key	90160	name	樱隐	樱隐	false	true	true	1_official_cn_dump	official_cn_same_family_linked_by_typed_wiki_character	cardMagiaMap.json/10184/name;cardMagiaMap.json/10185/name;cardMagiaMap.json/101855/name	76ee3ca51e9d6600cc494e1b4ceed2afc05734d0832c24a6918c3088a0823713;ff8f8b2b52be7d037ff6f2c7f9684e543109f8f4eb6f4093d38af1c1cfabb0cf;eb0fe99e31e0ee9936db6dd329bb789ee0e5333082e0f95ce12cd3dfb48c6d3b	templates.jsonl.gz::Template:角色数据表/天音 月夜#magia中文	059b6b723e1458f8143b38ede2dc0e4a430be77122bb20d60c7b30d84a9e9ad8	typed Wiki relationship identifies the character skill family and official CN in that family exactly equals current
54	pass17_first_authority	cardMagiaMap.json	dict_key	90161	name	樱语	樱语	false	true	true	1_official_cn_dump	official_cn_same_family_linked_by_typed_wiki_character	cardMagiaMap.json/10193/name;cardMagiaMap.json/10194/name;cardMagiaMap.json/10195/name	7211f57b6e7e92dffd6888521f1a06cea8290aae9ee95cedd68bc33eafe3f924;e3d36481f49e434dd5113a565fecc6f7854b95e73b3466d4e623b623052ad49d;dd25746a8287314ef4f718e7210144d512a804370c5306ccc692a88efec5a69a	templates.jsonl.gz::Template:角色数据表/天音 月咲#magia中文	2570ba796e046c9b6ac0f64c9f213d1b248b02232c086702f03bd9a47e850af0	typed Wiki relationship identifies the character skill family and official CN in that family exactly equals current
55	pass17_official_override	cardMagiaMap.json	dict_key	90163	name	超越极限	超越极限	false	true	true	1_official_cn_dump	official_cn_same_family_linked_by_typed_wiki_character	cardMagiaMap.json/40114/name;cardMagiaMap.json/40115/name	237ac126d9bc2d633ac704c6f4570bccec9d8f51b3771663577f3979d22d43e0;53b7f24816c57ec3151fce852bcbeb11df6d982fc70b7b39ebc80e9b5759a2bf	templates.jsonl.gz::Template:角色数据表/かずみ#magia中文	2804a008223053e8607acfa8860d50e97eb98d15267e4e8adeca18bb46e6c415	Official CN current value overrides the lower-priority Wiki baseline; current bytes are retained.
56	pass17_official_override	cardMagiaMap.json	dict_key	90170	name	继承之炎	继承之炎	false	true	true	1_official_cn_dump	official_cn_same_family_linked_by_typed_wiki_character	cardMagiaMap.json/40314/name;cardMagiaMap.json/40315/name	55f60dc46ecb5f6f96272ed28bd549e0f3f85e5248a1b55aa0ae6dd45ba46871;3661d4ea1a8307094eba6f198580f1eea3045d09e489dde021313d438a413f77	templates.jsonl.gz::Template:角色数据表/天乃 鈴音#magia中文	4c85887793db6bdc53096992ae61af8db83b9ab4b4ced4d543cc769032e75885	Official CN current value overrides the lower-priority Wiki baseline; current bytes are retained.
57	pass17_official_override	cardMagiaMap.json	dict_key	90172	name	连环巨拳	连环巨拳	false	true	true	1_official_cn_dump	official_cn_same_family_linked_by_typed_wiki_character	cardMagiaMap.json/30082/name;cardMagiaMap.json/30083/name;cardMagiaMap.json/30084/name	7d0263e894263f2c7c7c3433e1574c03e0650eb683ca393e9cf5bb1a5a48c81b;ef80049cb58ec3a52ebad1e8e7201a665f05e9771d11dbc238fd1d5bc92f29c7;8be789cd1e64fbec53b9cb4a73eece4e42d3fbdf72e48cf6ff45302a0fa186c2	templates.jsonl.gz::Template:角色数据表/志伸 あきら#magia中文	33dcf6030a0a26e9406506c4c6e7c2f09c5d16b11be46e87b5a97ee7663c6d93	Official CN current value overrides the lower-priority Wiki baseline; current bytes are retained.
58	pass17_official_override	cardMagiaMap.json	dict_key	90177	name	最大输出战斗	最大输出战斗	false	true	true	1_official_cn_dump	official_cn_same_family_linked_by_typed_wiki_character	cardMagiaMap.json/40333/name;cardMagiaMap.json/40334/name;cardMagiaMap.json/40335/name;cardMagiaMap.json/403355/name	0d078aa500df4913de61dcbada940fbdd1f26a29775a1e5954a90c90efe89e1f;e38eabfe589596e3d115e34fad76f09ba190e89656445f9af838de252eca1550;69a030b40ebd773c1ad9832e3e1e58cc1907f6bfea26e2de770c8ea53dc8141a;acd98eb9ea7e4bb2df21bd20567033d5b4a00d80d902e889c55ccbeb60927de2	templates.jsonl.gz::Template:角色数据表/成見 亜里紗#magia中文	839bbcb39fd009414d589920b157bab0aa3e8b5de83c4b3cc7ede68a8488de58	Official CN current value overrides the lower-priority Wiki baseline; current bytes are retained.
59	pass17_first_authority	cardMagiaMap.json	dict_key	90178	name	漆黑的阿卡纳	漆黑的阿卡纳	false	true	true	1_official_cn_dump	official_cn_same_family_linked_by_typed_wiki_character	cardMagiaMap.json/30373/name;cardMagiaMap.json/30374/name	d4ccf38a66ec079962b047810e511e302dad7e3c3bd6b81f09a5c083c807a583;c572c8ad27eb47cdfddca50cbea750578668a16e2d428723f472f07e7775900a	templates.jsonl.gz::Template:角色数据表/安名 メル#magia中文	ea3d746d3ba46da6708cd80dab8684fcd89af63419f1dbcba1232d72ee74ce0b	typed Wiki relationship identifies the character skill family and official CN in that family exactly equals current
60	pass17_official_override	cardMagiaMap.json	dict_key	90182	name	真龙闪光爪牙	真龙闪光爪牙	false	true	true	1_official_cn_dump	official_cn_same_family_linked_by_typed_wiki_character	cardMagiaMap.json/10133/name;cardMagiaMap.json/10134/name;cardMagiaMap.json/10135/name;cardMagiaMap.json/101355/name	4717764a2d13c9ce0e58447d9f885db5c919c3317168bf908172f195c28f4f36;d19c1065246f0747a7ddf07a4c3cfa90893146dc36ce40e9da07bb7cd8219279;b94377b553bab4d610244255682d97115841241841ac97ba1855475334ccccad;fdffd2993cf5c832842799d4ed3f501ae7ae2f883b797b56872592151154c91c	templates.jsonl.gz::Template:角色数据表/竜城 明日香#magia中文	2a9899a398076686186c967a65f5c4fd5f1b543adf17c3063199ca44acb57448	Official CN current value overrides the lower-priority Wiki baseline; current bytes are retained.
61	pass17_official_override	cardMagiaMap.json	dict_key	90184	name	通往未来的道路	通往未来的道路	false	true	true	1_official_cn_dump	official_cn_same_family_linked_by_typed_wiki_character	cardMagiaMap.json/10011/name;cardMagiaMap.json/10012/name;cardMagiaMap.json/10013/name;cardMagiaMap.json/10014/name;cardMagiaMap.json/10015/name;cardMagiaMap.json/100155/name	59584ea694fee877bdd7e6ee155a261786cea08078edff83ca8777e0440a722c;2bb3b1d1215bdf7612e1cb546e82849e4df8b19d24485f1806cf4e7377a76bd2;1ef356471760d915b8443bcf0f8c13254ff424380b3677df1ac56f3f382f62cd;20a9b342676a464343e358873244af02b2760e6cda581d0376e9332973d6e3af;249857a74ad0363580e1cea7f628ec9b6694ef35325bd7e8f30b69c46834cbf6;99874db95d27c80e7491f5a9b5a5325e3cd6fe97e3d095d7b84551605c14a0fa	templates.jsonl.gz::Template:角色数据表/環 いろは#magia中文	8501d4d5dffdcbeda6bc6e4e5fef0b61339f91701fd6887c149e304805177b78	Official CN current value overrides the lower-priority Wiki baseline; current bytes are retained.
62	pass17_official_override	cardMagiaMap.json	dict_key	90185	name	终极大锤	终极大锤	false	true	true	1_official_cn_dump	official_cn_same_family_linked_by_typed_wiki_character	cardMagiaMap.json/10052/name;cardMagiaMap.json/10053/name;cardMagiaMap.json/10054/name;cardMagiaMap.json/10055/name;cardMagiaMap.json/100555/name	0e06cdeafea900ae2f87fe3541b238d85f7f6a04950276d63e1ce1ba4662fb9f;3b63f879e787b9495d8930cb98b1afc9e2627283f1a4af90e93f7bb62d849377;c63f39762d17206d964759b1ec70b384abae5e7681d113f3878dcb96888318d7;1fa7715e05fbd0739a86b9143e994afc301891faa2420241658e8055cc3bb4b5;bf80385ec8c742d2333009bfdc0c0657704fd5568b24aba306777dd3692d3bf2	templates.jsonl.gz::Template:角色数据表/深月 フェリシア#magia中文	5eac553c47edbf4f5cba4578bc7eb11ada573efec8b8fb0bdc50c807f44719a5	Official CN current value overrides the lower-priority Wiki baseline; current bytes are retained.
63	pass17_official_override	cardMagiaMap.json	dict_key	90188	name	激情的最急板	激情的最急板	false	true	true	1_official_cn_dump	official_cn_same_family_linked_by_typed_wiki_character	cardMagiaMap.json/20044/name;cardMagiaMap.json/20045/name;cardMagiaMap.json/200455/name	882bd9c0dfa0c86285f6e0eacc685d6b42aa581dd8e8457d7e55f9354b773c47;5d714b5f3ed8ed641833db1bb0bcae2d7469b6cf9077417380b9d93d54f0136c;5b415f76f92085f94c1c47a20c9b4cf2b4da46bb4e3699804d968889e5d68e62	templates.jsonl.gz::Template:角色数据表/美樹 さやか#magia中文	e6dba4dceee53968a8a1ef5a8e0734285fcb2b6c604b5027e76b969760a60d17	Official CN current value overrides the lower-priority Wiki baseline; current bytes are retained.
64	pass17_first_authority	cardMagiaMap.json	dict_key	90190	name	时间停止Special	时间停止Special	false	true	true	1_official_cn_dump	official_cn_same_family_linked_by_typed_wiki_character	cardMagiaMap.json/20034/name;cardMagiaMap.json/20035/name;cardMagiaMap.json/200355/name	4dd315c27ff490e621bac3e5d2231ff8c9be42add815d7ac2582f1469aa40ee3;48cde1ba0457130da743a1dce907636b2ae849c71b1325db11a47568ffbcba5b;032c06ae2f0bde5b0d63d848e6b6ffe8fdfbf5a21edd6a03d66eca45e8278f9e	templates.jsonl.gz::Template:角色数据表/暁美 ほむら（眼鏡ver.）#magia中文	fa12ce79ee479fdde1ac3f7cd272fe301acc0fa3e747d7c90bf695cb6eb36d51	typed Wiki relationship identifies the character skill family and official CN in that family exactly equals current
65	pass17_official_override	cardMagiaMap.json	dict_key	90191	name	Nine Phases	Nine Phases	false	true	true	1_official_cn_dump	official_cn_same_family_linked_by_typed_wiki_character	cardMagiaMap.json/10084/name;cardMagiaMap.json/10085/name	a086f67809c21f79c4a0b5b8cc45299277a52fad9f04a79823e8a18ac10b7b5b;2de982279d20e199e16c3e8968f044bb4dd076face7ff832ae187ab2667ae3d1	templates.jsonl.gz::Template:角色数据表/アリナ・グレイ#magia中文	21fe0ce1be2bea018712762fb042397b0a840953e8c7c5d4bf1fed34afcfb74a	Official CN current value overrides the lower-priority Wiki baseline; current bytes are retained.
66	pass17_first_authority	cardMagiaMap.json	dict_key	90193	name	樱隐	樱隐	false	true	true	1_official_cn_dump	official_cn_same_family_linked_by_typed_wiki_character	cardMagiaMap.json/10184/name;cardMagiaMap.json/10185/name;cardMagiaMap.json/101855/name	76ee3ca51e9d6600cc494e1b4ceed2afc05734d0832c24a6918c3088a0823713;ff8f8b2b52be7d037ff6f2c7f9684e543109f8f4eb6f4093d38af1c1cfabb0cf;eb0fe99e31e0ee9936db6dd329bb789ee0e5333082e0f95ce12cd3dfb48c6d3b	templates.jsonl.gz::Template:角色数据表/天音 月夜#magia中文	059b6b723e1458f8143b38ede2dc0e4a430be77122bb20d60c7b30d84a9e9ad8	typed Wiki relationship identifies the character skill family and official CN in that family exactly equals current
67	pass17_first_authority	cardMagiaMap.json	dict_key	90195	name	樱语	樱语	false	true	true	1_official_cn_dump	official_cn_same_family_linked_by_typed_wiki_character	cardMagiaMap.json/10193/name;cardMagiaMap.json/10194/name;cardMagiaMap.json/10195/name	7211f57b6e7e92dffd6888521f1a06cea8290aae9ee95cedd68bc33eafe3f924;e3d36481f49e434dd5113a565fecc6f7854b95e73b3466d4e623b623052ad49d;dd25746a8287314ef4f718e7210144d512a804370c5306ccc692a88efec5a69a	templates.jsonl.gz::Template:角色数据表/天音 月咲#magia中文	2570ba796e046c9b6ac0f64c9f213d1b248b02232c086702f03bd9a47e850af0	typed Wiki relationship identifies the character skill family and official CN in that family exactly equals current
68	pass17_official_override	cardMagiaMap.json	dict_key	90196	name	火焰之环	火焰之环	false	true	true	1_official_cn_dump	official_cn_same_family_linked_by_typed_wiki_character	cardMagiaMap.json/30133/name;cardMagiaMap.json/30134/name	d597c70699812381ae2921a7f682dab6e603b97455f6d3d26601ed3946f9077b;167f119f0de97b08ef0e8d6a12fa8b88b45ecb20218f348d21fcb5e1f3476728	templates.jsonl.gz::Template:角色数据表/伊吹 れいら#magia中文	c4faf2596620d374ffedc13f23bdbcd3c85f3ea66fb7074a0b66859e6017dfde	Official CN current value overrides the lower-priority Wiki baseline; current bytes are retained.
69	pass17_official_override	cardMagiaMap.json	dict_key	90197	name	召唤之波	召唤之波	false	true	true	1_official_cn_dump	official_cn_same_family_linked_by_typed_wiki_character	cardMagiaMap.json/30142/name;cardMagiaMap.json/30143/name;cardMagiaMap.json/30144/name	fb40a1d35a45f542cc8b7b3daf97883e8cc5d386023b0b7dade0deb11ce7fe15;f9dd186ef308da0eafb8f77607ec967194021a2ae39e2592c3768e66854fde34;91ab19fac08c97a9139af7df241b3226087e0fdfc46d6073aa2d4a161df037d4	templates.jsonl.gz::Template:角色数据表/桑水 せいか#magia中文	e4cbf9baab066a090eb9be6e35574047f1bae85f72c72bde8134b148a3b52d29	Official CN current value overrides the lower-priority Wiki baseline; current bytes are retained.
70	pass17_official_override	cardMagiaMap.json	dict_key	90198	name	突刺荆棘之箭	突刺荆棘之箭	false	true	true	1_official_cn_dump	official_cn_same_family_linked_by_typed_wiki_character	cardMagiaMap.json/30154/name;cardMagiaMap.json/30155/name;cardMagiaMap.json/301555/name	1706f028b881d85ab9786ed6d2424fc9d6da239c3ac7871ec63eb78d0bbb0b97;1c166968d239089915ebfb8b1cabec43f74b354e4d239490d04d7a70ab9d471f;21feda1747acc16ab2471be9c47d566f928250f94fcee52fbe2440fcd7ea4a8b	templates.jsonl.gz::Template:角色数据表/相野 みと#magia中文	e6b386ad61d6c9bbaacaa3f7d4ee4e1a08082ca3064a61ba18b43205fd2eae88	Official CN current value overrides the lower-priority Wiki baseline; current bytes are retained.
71	pass17_official_override	cardMagiaMap.json	dict_key	90202	name	通向辉煌路的书页	通向辉煌路的书页	false	true	true	1_official_cn_dump	official_cn_same_family_linked_by_typed_wiki_character	cardMagiaMap.json/30112/name;cardMagiaMap.json/30113/name;cardMagiaMap.json/30114/name;cardMagiaMap.json/30115/name	20750cafb349e3c484f8c738e1d18a070fbf10db1f6319aef7bb05ced410c043;27818055493fffa44f51fae3ec562a17615920f1fc3d4f228f87aefa83f31bfe;f8e9a21c134a3b7857d98749247a76b5c5533803ec9b2f496c7a27c45672c9fc;da538e4ee5eaf798cdf17d8452eebd8d4193811cabaf8d48c7321c15e72d048f	templates.jsonl.gz::Template:角色数据表/夏目 かこ#magia中文	fed2ca68f4f48389b8726d3a2732e10118df0a3713cdd20b8e8e754f13cd1162	Official CN current value overrides the lower-priority Wiki baseline; current bytes are retained.
72	pass17_official_override	cardMagiaMap.json	dict_key	90211	name	真龙闪光爪牙	真龙闪光爪牙	false	true	true	1_official_cn_dump	official_cn_same_family_linked_by_typed_wiki_character	cardMagiaMap.json/10133/name;cardMagiaMap.json/10134/name;cardMagiaMap.json/10135/name;cardMagiaMap.json/101355/name	4717764a2d13c9ce0e58447d9f885db5c919c3317168bf908172f195c28f4f36;d19c1065246f0747a7ddf07a4c3cfa90893146dc36ce40e9da07bb7cd8219279;b94377b553bab4d610244255682d97115841241841ac97ba1855475334ccccad;fdffd2993cf5c832842799d4ed3f501ae7ae2f883b797b56872592151154c91c	templates.jsonl.gz::Template:角色数据表/竜城 明日香#magia中文	2a9899a398076686186c967a65f5c4fd5f1b543adf17c3063199ca44acb57448	Official CN current value overrides the lower-priority Wiki baseline; current bytes are retained.
73	pass17_official_override	cardMagiaMap.json	dict_key	90213	name	魂之救赎	魂之救赎	false	true	true	1_official_cn_dump	official_cn_same_family_linked_by_typed_wiki_character	cardMagiaMap.json/30254/name;cardMagiaMap.json/30255/name;cardMagiaMap.json/302555/name	c2b8261c83dd37942f8d36512fc8d97ac2af2a41ecc9e24d0da96a5c683245ce;ae0f6637a852cafe23b8873461aba721cc7afde3f29a2133b1f8784daac2ff76;36d94c990cbdf0c0b35bffcbef255b42db48ba85a8aa780bbac03df70ea4ce03	templates.jsonl.gz::Template:角色数据表/五十鈴 れん#magia中文	3427f44c5bf8b858ce4e3d30c161bc07c805ce092a4e469b0365af7fa9b2ff79	Official CN current value overrides the lower-priority Wiki baseline; current bytes are retained.
74	pass17_official_override	cardMagiaMap.json	dict_key	90214	name	闪耀光束	闪耀光束	false	true	true	1_official_cn_dump	official_cn_same_family_linked_by_typed_wiki_character	cardMagiaMap.json/30313/name;cardMagiaMap.json/30314/name;cardMagiaMap.json/303145/name	579f771ee2bb79f71190e0d207b4087ecbb42e492da03ff5a695938f74325aef;8309530e8bee56a66dabee85d9bbaf5076856f950c390b280277d850cb6a2858;ca55fc1da3c86b0f0d51226cb3cf7be91cd6ff41b1f3c52e22edac87163971a9	templates.jsonl.gz::Template:角色数据表/綾野 梨花#magia中文	70ef28f66ff659809a150b67714b88fc2832ca5697cce35e1fb6313a949e2d5e	Official CN current value overrides the lower-priority Wiki baseline; current bytes are retained.
75	pass17_official_override	cardMagiaMap.json	dict_key	90225	name	火焰之环	火焰之环	false	true	true	1_official_cn_dump	official_cn_same_family_linked_by_typed_wiki_character	cardMagiaMap.json/30133/name;cardMagiaMap.json/30134/name	d597c70699812381ae2921a7f682dab6e603b97455f6d3d26601ed3946f9077b;167f119f0de97b08ef0e8d6a12fa8b88b45ecb20218f348d21fcb5e1f3476728	templates.jsonl.gz::Template:角色数据表/伊吹 れいら#magia中文	c4faf2596620d374ffedc13f23bdbcd3c85f3ea66fb7074a0b66859e6017dfde	Official CN current value overrides the lower-priority Wiki baseline; current bytes are retained.
76	pass17_official_override	cardMagiaMap.json	dict_key	90227	name	原子暴怒	原子暴怒	false	true	true	1_official_cn_dump	official_cn_same_family_linked_by_typed_wiki_character	cardMagiaMap.json/30032/name;cardMagiaMap.json/30033/name;cardMagiaMap.json/30034/name;cardMagiaMap.json/30035/name	cedf806bc08a3284748eab44b23c9d51cbf026a3f61d53a964a4641555c790b5;ce6cdea36d76a6610d5e767f8245fddc7c42bcbff17c8ed187785de930d5adee;0fd4ebb605a2840a576bc167537c1f616a6de2c5bcc8d14b48be3ea399d7fe4b;9df6388a38a7c145b6f26d7da3a9e7edb13aafcf10869fb69a8f969dbd5db12b	templates.jsonl.gz::Template:角色数据表/都 ひなの#magia中文	475f5bae4654651f7a70c381922248e7375e6b0945fd6e93eac74f6db48a0405	Official CN current value overrides the lower-priority Wiki baseline; current bytes are retained.
77	pass17_first_authority	cardMagiaMap.json	dict_key	90235	name	绝对自坏演舞	绝对自坏演舞	false	true	true	1_official_cn_dump	official_cn_same_family_linked_by_typed_wiki_character	cardMagiaMap.json/10174/name;cardMagiaMap.json/10175/name;cardMagiaMap.json/101755/name	9320511799f99c8c337024075f657729e40f68dd5a8e2ea9fe60b22c57d3f270;551b73981accaaca5d8e4e0d510c7d9b4586768ced2fd9f94dd65d8754cc8087;2714b9161c467ff773cc5cc25f3e2dd7fb418a9ac736b15b0a5771e2c6ffa80c	templates.jsonl.gz::Template:角色数据表/八雲 みたま#magia中文	f5c37ca59dc058e9e69d7c8451f90a894daa59465482617d060cd5690d38ff43	typed Wiki relationship identifies the character skill family and official CN in that family exactly equals current
78	pass17_official_override	cardMagiaMap.json	dict_key	90256	name	Nine Phases	Nine Phases	false	true	true	1_official_cn_dump	official_cn_same_family_linked_by_typed_wiki_character	cardMagiaMap.json/10084/name;cardMagiaMap.json/10085/name	a086f67809c21f79c4a0b5b8cc45299277a52fad9f04a79823e8a18ac10b7b5b;2de982279d20e199e16c3e8968f044bb4dd076face7ff832ae187ab2667ae3d1	templates.jsonl.gz::Template:角色数据表/アリナ・グレイ#magia中文	21fe0ce1be2bea018712762fb042397b0a840953e8c7c5d4bf1fed34afcfb74a	Official CN current value overrides the lower-priority Wiki baseline; current bytes are retained.
79	pass17_first_authority	cardMagiaMap.json	dict_key	90271	name	｜铭刻的樱花物语｜	｜铭刻的樱花物语｜	false	true	true	1_official_cn_dump	official_cn_same_family_linked_by_typed_wiki_character	cardMagiaMap.json/30434/name;cardMagiaMap.json/30435/name;cardMagiaMap.json/304351/name;cardMagiaMap.json/304355/name	f11809a360917f0c0148d5d1e89ae41550c40597dadf330a3437ad7f97cc4fc0;fb58304520bf3a2f70a48f9d737c9ac8aab10511ccd7ac6f8ed2417fafa90063;82ed082feb956723bccfdf23f4a1aaa55131896aacaf0f50820dd46e7a4d3326;5df8f82cca2bd92a4e52db72e15e0358a2ae71d02fab3adad5554df943038fb2	templates.jsonl.gz::Template:角色数据表/万年桜のウワサ#magia中文	1b2abf6b6ee551db1c5f5acce99cb19d693e1f9403eb098d4c8453bc52fea0b1	typed Wiki relationship identifies the character skill family and official CN in that family exactly equals current
80	pass17_first_authority	cardMagiaMap.json	dict_key	90281	name	樱语	樱语	false	true	true	1_official_cn_dump	official_cn_same_family_linked_by_typed_wiki_character	cardMagiaMap.json/10193/name;cardMagiaMap.json/10194/name;cardMagiaMap.json/10195/name	7211f57b6e7e92dffd6888521f1a06cea8290aae9ee95cedd68bc33eafe3f924;e3d36481f49e434dd5113a565fecc6f7854b95e73b3466d4e623b623052ad49d;dd25746a8287314ef4f718e7210144d512a804370c5306ccc692a88efec5a69a	templates.jsonl.gz::Template:角色数据表/天音 月咲#magia中文	2570ba796e046c9b6ac0f64c9f213d1b248b02232c086702f03bd9a47e850af0	typed Wiki relationship identifies the character skill family and official CN in that family exactly equals current
81	pass17_official_override	cardMagiaMap.json	dict_key	90283	name	噩梦捕捉者	噩梦捕捉者	false	true	true	1_official_cn_dump	official_cn_same_family_linked_by_typed_wiki_character	cardMagiaMap.json/30184/name;cardMagiaMap.json/30185/name;cardMagiaMap.json/301855/name	125e8cb0638e23ace2764552a531055f705fc69847e32fd3ebb9e6a8224cf555;9b3baf021f8a96878391503bd61c7d7c792eda98bff61d93dc3a1a7360efadde;064892baa882c6995ae6cb76e88cd698cbab9a8a11a34d033c1052fa41520a1d	templates.jsonl.gz::Template:角色数据表/更紗 帆奈#magia中文	f41a34c9c53e82b9b049160cae14a27cc4bf9f6367df13da42a825c75bf416a2	Official CN current value overrides the lower-priority Wiki baseline; current bytes are retained.
82	pass17_official_override	cardMagiaMap.json	dict_key	90285	name	火焰之环	火焰之环	false	true	true	1_official_cn_dump	official_cn_same_family_linked_by_typed_wiki_character	cardMagiaMap.json/30133/name;cardMagiaMap.json/30134/name	d597c70699812381ae2921a7f682dab6e603b97455f6d3d26601ed3946f9077b;167f119f0de97b08ef0e8d6a12fa8b88b45ecb20218f348d21fcb5e1f3476728	templates.jsonl.gz::Template:角色数据表/伊吹 れいら#magia中文	c4faf2596620d374ffedc13f23bdbcd3c85f3ea66fb7074a0b66859e6017dfde	Official CN current value overrides the lower-priority Wiki baseline; current bytes are retained.
83	pass17_first_authority	cardMagiaMap.json	dict_key	90302	name	光之剑	光明之剑	true	true	true	2_frozen_wiki	frozen_wiki_exact_typed_field	templates.jsonl.gz::Template:角色数据表/八神 はやて#magia中文	906fac1095ca11bf49709c5f86e0b452283724e900a3467b4bb8ed33e9234ca2	templates.jsonl.gz::Template:角色数据表/八神 はやて#magia中文	906fac1095ca11bf49709c5f86e0b452283724e900a3467b4bb8ed33e9234ca2	no official CN same-family name is present; frozen Wiki exact typed field is second authority
84	pass17_official_override	cardMagiaMap.json	dict_key	90304	name	通向辉煌路的书页	通向辉煌路的书页	false	true	true	1_official_cn_dump	official_cn_same_family_linked_by_typed_wiki_character	cardMagiaMap.json/30112/name;cardMagiaMap.json/30113/name;cardMagiaMap.json/30114/name;cardMagiaMap.json/30115/name	20750cafb349e3c484f8c738e1d18a070fbf10db1f6319aef7bb05ced410c043;27818055493fffa44f51fae3ec562a17615920f1fc3d4f228f87aefa83f31bfe;f8e9a21c134a3b7857d98749247a76b5c5533803ec9b2f496c7a27c45672c9fc;da538e4ee5eaf798cdf17d8452eebd8d4193811cabaf8d48c7321c15e72d048f	templates.jsonl.gz::Template:角色数据表/夏目 かこ#magia中文	fed2ca68f4f48389b8726d3a2732e10118df0a3713cdd20b8e8e754f13cd1162	Official CN current value overrides the lower-priority Wiki baseline; current bytes are retained.
85	pass17_official_override	cardMagiaMap.json	dict_key	90305	name	超越极限	超越极限	false	true	true	1_official_cn_dump	official_cn_same_family_linked_by_typed_wiki_character	cardMagiaMap.json/40114/name;cardMagiaMap.json/40115/name	237ac126d9bc2d633ac704c6f4570bccec9d8f51b3771663577f3979d22d43e0;53b7f24816c57ec3151fce852bcbeb11df6d982fc70b7b39ebc80e9b5759a2bf	templates.jsonl.gz::Template:角色数据表/かずみ#magia中文	2804a008223053e8607acfa8860d50e97eb98d15267e4e8adeca18bb46e6c415	Official CN current value overrides the lower-priority Wiki baseline; current bytes are retained.
86	pass17_first_authority	cardMagiaMap.json	dict_key	90307	name	｜铭刻的樱花物语｜	｜铭刻的樱花物语｜	false	true	true	1_official_cn_dump	official_cn_same_family_linked_by_typed_wiki_character	cardMagiaMap.json/30434/name;cardMagiaMap.json/30435/name;cardMagiaMap.json/304351/name;cardMagiaMap.json/304355/name	f11809a360917f0c0148d5d1e89ae41550c40597dadf330a3437ad7f97cc4fc0;fb58304520bf3a2f70a48f9d737c9ac8aab10511ccd7ac6f8ed2417fafa90063;82ed082feb956723bccfdf23f4a1aaa55131896aacaf0f50820dd46e7a4d3326;5df8f82cca2bd92a4e52db72e15e0358a2ae71d02fab3adad5554df943038fb2	templates.jsonl.gz::Template:角色数据表/万年桜のウワサ#magia中文	1b2abf6b6ee551db1c5f5acce99cb19d693e1f9403eb098d4c8453bc52fea0b1	typed Wiki relationship identifies the character skill family and official CN in that family exactly equals current
87	pass17_official_override	cardMagiaMap.json	dict_key	90311	name	这是现在的我会的泳姿	这是现在的我会的泳姿	false	true	true	1_official_cn_dump	official_cn_same_family_linked_by_typed_wiki_character	cardMagiaMap.json/11014/name;cardMagiaMap.json/11015/name;cardMagiaMap.json/110155/name	ef7ae8bc5914ec7dd26d185e63c82ece067fb180883a693aac1d98686e04916a;cb9fc35a2d3d5b891668168b5ed29855552ae89610dd8789bebc2e3dbf439072;44993acf189a518f4b48406d09b886467f2bc58cb68cfba4e4965a3334b7146e	templates.jsonl.gz::Template:角色数据表/環 いろは（水着ver.）#magia中文	afe4dc52ca881a832fd630c78d0f103378b8da41fc88b5908fbebb3c3c95e980	Official CN current value overrides the lower-priority Wiki baseline; current bytes are retained.
88	pass17_official_override	cardMagiaMap.json	dict_key	90314	name	原子暴怒	原子暴怒	false	true	true	1_official_cn_dump	official_cn_same_family_linked_by_typed_wiki_character	cardMagiaMap.json/30032/name;cardMagiaMap.json/30033/name;cardMagiaMap.json/30034/name;cardMagiaMap.json/30035/name	cedf806bc08a3284748eab44b23c9d51cbf026a3f61d53a964a4641555c790b5;ce6cdea36d76a6610d5e767f8245fddc7c42bcbff17c8ed187785de930d5adee;0fd4ebb605a2840a576bc167537c1f616a6de2c5bcc8d14b48be3ea399d7fe4b;9df6388a38a7c145b6f26d7da3a9e7edb13aafcf10869fb69a8f969dbd5db12b	templates.jsonl.gz::Template:角色数据表/都 ひなの#magia中文	475f5bae4654651f7a70c381922248e7375e6b0945fd6e93eac74f6db48a0405	Official CN current value overrides the lower-priority Wiki baseline; current bytes are retained.
89	pass17_first_authority	cardMagiaMap.json	dict_key	90320	name	｜铭刻的樱花物语｜	｜铭刻的樱花物语｜	false	true	true	1_official_cn_dump	official_cn_same_family_linked_by_typed_wiki_character	cardMagiaMap.json/30434/name;cardMagiaMap.json/30435/name;cardMagiaMap.json/304351/name;cardMagiaMap.json/304355/name	f11809a360917f0c0148d5d1e89ae41550c40597dadf330a3437ad7f97cc4fc0;fb58304520bf3a2f70a48f9d737c9ac8aab10511ccd7ac6f8ed2417fafa90063;82ed082feb956723bccfdf23f4a1aaa55131896aacaf0f50820dd46e7a4d3326;5df8f82cca2bd92a4e52db72e15e0358a2ae71d02fab3adad5554df943038fb2	templates.jsonl.gz::Template:角色数据表/万年桜のウワサ#magia中文	1b2abf6b6ee551db1c5f5acce99cb19d693e1f9403eb098d4c8453bc52fea0b1	typed Wiki relationship identifies the character skill family and official CN in that family exactly equals current
90	pass17_official_override	cardMagiaMap.json	dict_key	90324	name	危机地狱火	危机地狱火	false	true	true	1_official_cn_dump	official_cn_same_family_linked_by_typed_wiki_character	cardMagiaMap.json/30174/name	084dd1cdecd95f188d59e205843f0492e20f45ca0428b6f0af0b09360a529be3	templates.jsonl.gz::Template:角色数据表/七瀬 ゆきか#magia中文	e0f4cf3b9a59fce2751ee590c2a2a41936a3f6b2ae7225e15a82b8f0d76621ae	Official CN current value overrides the lower-priority Wiki baseline; current bytes are retained.
91	pass17_official_override	cardMagiaMap.json	dict_key	90330	name	自由的大宪章	自由的大宪章	false	true	true	1_official_cn_dump	official_cn_same_family_linked_by_typed_wiki_character	cardMagiaMap.json/30384/name	6efe3cc14adc26b7f3e598012e5b891224ac0af026fd22727d51b704c4d5aa79	templates.jsonl.gz::Template:角色数据表/古町 みくら#magia中文	05c96d58ffe0bba4e07f3f66d02d05959ffb370f602dc596f8fe160dfb8b0762	Official CN current value overrides the lower-priority Wiki baseline; current bytes are retained.
92	pass17_first_authority	cardMagiaMap.json	dict_key	90331	name	悬念	扣人心弦的结局	true	true	true	2_frozen_wiki	frozen_wiki_exact_typed_field	templates.jsonl.gz::Template:角色数据表/三穂野 せいら#magia中文	62c96e95e3ddd0981a207686e5ef0210e64e97c3863f6ca5dc40fa689eb38d50	templates.jsonl.gz::Template:角色数据表/三穂野 せいら#magia中文	62c96e95e3ddd0981a207686e5ef0210e64e97c3863f6ca5dc40fa689eb38d50	no official CN same-family name is present; frozen Wiki exact typed field is second authority
93	pass17_official_override	cardMagiaMap.json	dict_key	90332	name	沙场兵戎皆为梦	沙场兵戎皆为梦	false	true	true	1_official_cn_dump	official_cn_same_family_linked_by_typed_wiki_character	cardMagiaMap.json/30403/name	91b2f83d7d6ad8d31ed4605d38cde9d3a814b246807c9b51cd878801deefe873	templates.jsonl.gz::Template:角色数据表/吉良 てまり#magia中文	ece108c2e277b9d6f74c54d46ca1fc790c8c9de36317b69921746b18c7fc15c8	Official CN current value overrides the lower-priority Wiki baseline; current bytes are retained.
94	pass17_first_authority	cardMagiaMap.json	dict_key	90333	name	神圣螺旋的希望	神圣螺旋的希望	false	true	true	1_official_cn_dump	official_cn_same_family_linked_by_typed_wiki_character	cardMagiaMap.json/35014/name	71c3e332391997a25465a13f2bf7bdb382e8929ee8b27117f2f8fcb290089697	templates.jsonl.gz::Template:角色数据表/梨花・れん（クリスマスver.）#magia中文	f28aa3e352003812954825500a5c5b5f7a876121cb8582cb1959588c8d2b4ca0	typed Wiki relationship identifies the character skill family and official CN in that family exactly equals current
95	pass17_official_override	cardMagiaMap.json	dict_key	90335	name	上啊！光之军团！	上啊！光之军团！	false	true	true	1_official_cn_dump	official_cn_same_family_linked_by_typed_wiki_character	cardMagiaMap.json/10224/name	d29a78a593f9c5c30fd9d6ccba50505a18e839ab98dde1ae4e328edf5efa077c	templates.jsonl.gz::Template:角色数据表/煌里 ひかる#magia中文	8376f392b96b5a2fd1a8a0b1eaa2eae11f16bc13161db065e513020985e7511b	Official CN current value overrides the lower-priority Wiki baseline; current bytes are retained.
96	pass17_official_override	cardMagiaMap.json	dict_key	90337	name	新年快乐·书法	新年快乐·书法	false	true	true	1_official_cn_dump	official_cn_same_family_linked_by_typed_wiki_character	cardMagiaMap.json/24004/name	ee8b17d5cea0b9f4f30a3f25540c3be9f7032795848406902768d1975467ae0d	templates.jsonl.gz::Template:角色数据表/美樹 さやか（晴着ver.）#magia中文	3b7ac84efe023a8dd2708dcb2bdbdd8009fe7d8edd9bbb7d527e649ca46c25f0	Official CN current value overrides the lower-priority Wiki baseline; current bytes are retained.
97	pass17_official_override	cardMagiaMap.json	dict_key	90339	name	人家的嗜虐之心	人家的嗜虐之心	false	true	true	1_official_cn_dump	official_cn_same_family_linked_by_typed_wiki_character	cardMagiaMap.json/30062/name;cardMagiaMap.json/30063/name;cardMagiaMap.json/30064/name;cardMagiaMap.json/300641/name	a1f760ff5570b6995071140f69a023d91dbbf5ec408745e36ddc86535301602e;edd9e8d94d3795f513e9f7de77212a9c184ec306d7bade1c014e34137dcf463f;1d407ab6f26512ed7fe65995c64c3e47e725d156d43bf070b10dfea0d2b4637b;62776691e7a6ddee746b85e0e91b4ebb868589aba2065fe99ece1a49fbe86cf7	templates.jsonl.gz::Template:角色数据表/木崎 衣美里#magia中文	eecd4cbeba79b604cead5b7a9fbae5739cf4c4bb75ea76793970f8620acdc21d	Official CN current value overrides the lower-priority Wiki baseline; current bytes are retained.
98	pass17_official_override	cardMagiaMap.json	dict_key	90341	name	这是现在的我会的泳姿	这是现在的我会的泳姿	false	true	true	1_official_cn_dump	official_cn_same_family_linked_by_typed_wiki_character	cardMagiaMap.json/11014/name;cardMagiaMap.json/11015/name;cardMagiaMap.json/110155/name	ef7ae8bc5914ec7dd26d185e63c82ece067fb180883a693aac1d98686e04916a;cb9fc35a2d3d5b891668168b5ed29855552ae89610dd8789bebc2e3dbf439072;44993acf189a518f4b48406d09b886467f2bc58cb68cfba4e4965a3334b7146e	templates.jsonl.gz::Template:角色数据表/環 いろは（水着ver.）#magia中文	afe4dc52ca881a832fd630c78d0f103378b8da41fc88b5908fbebb3c3c95e980	Official CN current value overrides the lower-priority Wiki baseline; current bytes are retained.
99	pass17_official_override	cardMagiaMap.json	dict_key	90343	name	完全爆破·厌恶	完全爆破·厌恶	false	true	true	1_official_cn_dump	official_cn_same_family_linked_by_typed_wiki_character	cardMagiaMap.json/10294/name	dd9f18185e0960d2582c43be3f71f5d3bd5ff155b5efaedeb6ccad1ad374d4db	templates.jsonl.gz::Template:角色数据表/宮尾 時雨#magia中文	1e222fecc43695925455aeb38ab29aea4356529e4a8edca1e91234520ae5bd59	Official CN current value overrides the lower-priority Wiki baseline; current bytes are retained.
100	pass17_official_override	cardMagiaMap.json	dict_key	90345	name	对明天的劝诫	对明天的劝诫	false	true	true	1_official_cn_dump	official_cn_same_family_linked_by_typed_wiki_character	cardMagiaMap.json/10274/name	64d40caa62575dc8b0fbb287d5d639997d39b1d1fe4d0162ecc0ac910716d3b8	templates.jsonl.gz::Template:角色数据表/土岐 すなお#magia中文	f7e53807ce3f1ff781c8eb4aaedb294a9ba07995fe59ea9658ba37d7b6800fe7	Official CN current value overrides the lower-priority Wiki baseline; current bytes are retained.
101	pass17_official_override	cardMagiaMap.json	dict_key	90348	name	闪耀的边缘	闪耀的边缘	false	true	true	1_official_cn_dump	official_cn_same_family_linked_by_typed_wiki_character	cardMagiaMap.json/30212/name	ac8626038c271903a87aac3604902cf348bb83219b27e9a92c940f914f6d8019	templates.jsonl.gz::Template:角色数据表/鈴鹿 さくや#magia中文	77e0a3daf7397f362d514dd815c46f1edf48dd66282ee07c9cea7cfb696fd436	Official CN current value overrides the lower-priority Wiki baseline; current bytes are retained.
102	pass17_official_override	cardMagiaMap.json	dict_key	90350	name	危机地狱火	危机地狱火	false	true	true	1_official_cn_dump	official_cn_same_family_linked_by_typed_wiki_character	cardMagiaMap.json/30174/name	084dd1cdecd95f188d59e205843f0492e20f45ca0428b6f0af0b09360a529be3	templates.jsonl.gz::Template:角色数据表/七瀬 ゆきか#magia中文	e0f4cf3b9a59fce2751ee590c2a2a41936a3f6b2ae7225e15a82b8f0d76621ae	Official CN current value overrides the lower-priority Wiki baseline; current bytes are retained.
103	pass17_official_override	cardMagiaMap.json	dict_key	90352	name	毁灭性幸运	毁灭性幸运	false	true	true	1_official_cn_dump	official_cn_same_family_linked_by_typed_wiki_character	cardMagiaMap.json/30343/name	592fafc9ee8b447b61e022ba68dfa401565c381c0b09bda69fd49a8fe972e3b4	templates.jsonl.gz::Template:角色数据表/恵 萌花#magia中文	6fff24cff275965896ea694a8e6dd6ece50ef3581cd900eb68f8f8b461a944fe	Official CN current value overrides the lower-priority Wiki baseline; current bytes are retained.
104	pass17_official_override	cardMagiaMap.json	dict_key	90353	name	转圈圈后说再见	转圈圈后说再见	false	true	true	1_official_cn_dump	official_cn_same_family_linked_by_typed_wiki_character	cardMagiaMap.json/10304/name	467d9cbd4a4211bfa4008608787087bf7a58443a610ef0ed9bc710103c229420	templates.jsonl.gz::Template:角色数据表/安積 はぐむ#magia中文	190ccaac76d13165a293e7acf019d817d2b86d8382e0751175710185a0d41ff9	Official CN current value overrides the lower-priority Wiki baseline; current bytes are retained.
105	pass17_official_override	cardMagiaMap.json	dict_key	90354	name	完全爆破·厌恶	完全爆破·厌恶	false	true	true	1_official_cn_dump	official_cn_same_family_linked_by_typed_wiki_character	cardMagiaMap.json/10294/name	dd9f18185e0960d2582c43be3f71f5d3bd5ff155b5efaedeb6ccad1ad374d4db	templates.jsonl.gz::Template:角色数据表/宮尾 時雨#magia中文	1e222fecc43695925455aeb38ab29aea4356529e4a8edca1e91234520ae5bd59	Official CN current value overrides the lower-priority Wiki baseline; current bytes are retained.
106	pass17_first_authority	cardMagiaMap.json	dict_key	90364	name	樱隐	樱隐	false	true	true	1_official_cn_dump	official_cn_same_family_linked_by_typed_wiki_character	cardMagiaMap.json/10184/name;cardMagiaMap.json/10185/name;cardMagiaMap.json/101855/name	76ee3ca51e9d6600cc494e1b4ceed2afc05734d0832c24a6918c3088a0823713;ff8f8b2b52be7d037ff6f2c7f9684e543109f8f4eb6f4093d38af1c1cfabb0cf;eb0fe99e31e0ee9936db6dd329bb789ee0e5333082e0f95ce12cd3dfb48c6d3b	templates.jsonl.gz::Template:角色数据表/天音 月夜#magia中文	059b6b723e1458f8143b38ede2dc0e4a430be77122bb20d60c7b30d84a9e9ad8	typed Wiki relationship identifies the character skill family and official CN in that family exactly equals current
107	pass17_official_override	cardMagiaMap.json	dict_key	90366	name	Dead End of the Year	Dead End of the Year	false	true	true	1_official_cn_dump	official_cn_same_family_linked_by_typed_wiki_character	cardMagiaMap.json/30423/name	cee7a44ea0ea6badc32f8b83a88a1cb2a1f9bf064697eb67345d1b07351e7457	templates.jsonl.gz::Template:角色数据表/枇々木 めぐる#magia中文	540aca1a2aa08aeb646a08281f5ed77ae1e3ba688d1c468739ef6784273fc33c	Official CN current value overrides the lower-priority Wiki baseline; current bytes are retained.
108	pass17_official_override	cardMagiaMap.json	dict_key	90369	name	终结宣告纹章	终结宣告纹章	false	true	true	1_official_cn_dump	official_cn_same_family_linked_by_typed_wiki_character	cardMagiaMap.json/30564/name	e8a71e8bdc933062061cd1344b3282c6a4816d4917d4646614feec658c5e05fb	templates.jsonl.gz::Template:角色数据表/水樹 塁#magia中文	c1d2c8b1a7ff5fce0cb7fd52ee4a995a162d45bd94f2e15a97c2ce62c520fb2a	Official CN current value overrides the lower-priority Wiki baseline; current bytes are retained.
