row_id	physical_line	rule_type	source_key	current_cn	verdict	severity	proposed_cn	proposed_source_tier	reason	evidence	placeholder_check	newline_check	japanese_target_check	formal_term_note	product_write_allowed
ENG-002	2	exact	いいえ	否	acceptable-no-change	none	否	manual-semantic-reviewed	逐项语义复核未发现需改写问题；仅提升为人工语义已审，不冒充官方或 Wiki。	current Chinese is context-paired in both official CN native ABIs; root review confirms no change	pass	pass	pass		false
ENG-003	3	exact	戻る	返回	acceptable-no-change	none	返回	manual-semantic-reviewed	逐项语义复核未发现需改写问题；仅提升为人工语义已审，不冒充官方或 Wiki。	literal exists in official CN native evidence but pairing was not assumed; root review approves current value	pass	pass	pass		false
ENG-004	4	exact	その他	其他	acceptable-no-change	none	其他	manual-semantic-reviewed	逐项语义复核未发现需改写问题；仅提升为人工语义已审，不冒充官方或 Wiki。	prior semantic pass plus current row review; provenance remains manual-semantic-reviewed	pass	pass	pass		false
ENG-005	5	exact	キーボード入力: %s	键盘输入: %s	correction-required	low	键盘输入：%s	manual-semantic-reviewed	中文界面标点应使用全角冒号；%s 占位符保持不变。	root semantic review against Japanese source and adjacent official terminology; not an exact official whole-string	pass	pass	pass		false
ENG-009	9	exact	通信エラー	通信错误	acceptable-no-change	none	通信错误	manual-semantic-reviewed	逐项语义复核未发现需改写问题；仅提升为人工语义已审，不冒充官方或 Wiki。	prior semantic pass plus current row review; provenance remains manual-semantic-reviewed	pass	pass	pass		false
ENG-010	10	exact	ネットワーク接続に失敗しました。再接続しますか？	网络连接失败。要重新连接吗？	acceptable-no-change	none	网络连接失败。要重新连接吗？	manual-semantic-reviewed	逐项语义复核未发现需改写问题；仅提升为人工语义已审，不冒充官方或 Wiki。	prior semantic pass plus current row review; provenance remains manual-semantic-reviewed	pass	pass	pass		false
ENG-011	11	exact	データダウンロード	数据下载	acceptable-no-change	none	数据下载	manual-semantic-reviewed	逐项语义复核未发现需改写问题；仅提升为人工语义已审，不冒充官方或 Wiki。	prior semantic pass plus current row review; provenance remains manual-semantic-reviewed	pass	pass	pass		false
ENG-013	13	exact	「ダウンロードしない」を選択した場合、ボイス、ムービーは再生されません。	选择「不下载」的话，将无法播放语音和影片。	correction-required	medium	如选择“不下载”，将无法播放语音和动画。	manual-semantic-reviewed	国服相邻下载文案将ムービー称为“动画”；当前“影片”偏离项目术语。	root semantic review against Japanese source and adjacent official terminology; not an exact official whole-string	pass	pass	pass		false
ENG-015	15	exact	データ数が多いためWi-Fi環境でのダウンロードをお勧めします。\nプロローグ中もダウンロードを継続していますのでWi-Fi環境でのプレイをお勧めします。	数据量较大，建议在Wi-Fi环境下下载。\n序章期间也会继续下载，建议在Wi-Fi环境下游玩。	acceptable-no-change	none	数据量较大，建议在Wi-Fi环境下下载。\n序章期间也会继续下载，建议在Wi-Fi环境下游玩。	manual-semantic-reviewed	逐项语义复核未发现需改写问题；仅提升为人工语义已审，不冒充官方或 Wiki。	prior semantic pass plus current row review; provenance remains manual-semantic-reviewed	pass	pass	pass		false
ENG-016	16	exact	データの整合性チェック中です。	正在检查数据完整性。	acceptable-no-change	none	正在检查数据完整性。	manual-semantic-reviewed	逐项语义复核未发现需改写问题；仅提升为人工语义已审，不冒充官方或 Wiki。	prior semantic pass plus current row review; provenance remains manual-semantic-reviewed	pass	pass	pass		false
ENG-017	17	exact	ダウンロードエラー	下载错误	acceptable-no-change	none	下载错误	manual-semantic-reviewed	逐项语义复核未发现需改写问题；仅提升为人工语义已审，不冒充官方或 Wiki。	literal exists in official CN native evidence but pairing was not assumed; root review approves current value	pass	pass	pass		false
ENG-018	18	exact	ダウンロードしたファイルを保存できません。\n端末の空き容量などご確認ください。	无法保存已下载的文件。\n请检查设备的剩余空间。	acceptable-no-change	none	无法保存已下载的文件。\n请检查设备的剩余空间。	manual-semantic-reviewed	逐项语义复核未发现需改写问题；仅提升为人工语义已审，不冒充官方或 Wiki。	prior semantic pass plus current row review; provenance remains manual-semantic-reviewed	pass	pass	pass		false
ENG-019	19	exact	リトライ	重试	acceptable-no-change	none	重试	manual-semantic-reviewed	逐项语义复核未发现需改写问题；仅提升为人工语义已审，不冒充官方或 Wiki。	literal exists in official CN native evidence but pairing was not assumed; root review approves current value	pass	pass	pass		false
ENG-020	20	exact	データのダウンロード開始します。	开始下载数据。	acceptable-no-change	none	开始下载数据。	manual-semantic-reviewed	逐项语义复核未发现需改写问题；仅提升为人工语义已审，不冒充官方或 Wiki。	literal exists in official CN native evidence but pairing was not assumed; root review approves current value	pass	pass	pass		false
ENG-021	21	exact	【データサイズ：	【数据大小：	correction-required	low	【数据量：	official-cn-native-sequence-exact-both-abis	双 ABI 国服 native 同序列精确使用“数据量”。	official CN native exact C-string in both ABIs; arm64 offsets=['0x14e0bc0']; armv7 offsets=['0x1184d58']	pass	pass	pass		false
ENG-022	22	exact	※Wi-Fi環境でのダウンロードをお勧めします。	※建议在Wi-Fi环境下下载。	acceptable-no-change	none	※建议在Wi-Fi环境下下载。	manual-semantic-reviewed	逐项语义复核未发现需改写问题；仅提升为人工语义已审，不冒充官方或 Wiki。	prior semantic pass plus current row review; provenance remains manual-semantic-reviewed	pass	pass	pass		false
ENG-023	23	exact	後でダウンロード	稍后下载	acceptable-no-change	none	稍后下载	manual-semantic-reviewed	逐项语义复核未发现需改写问题；仅提升为人工语义已审，不冒充官方或 Wiki。	prior semantic pass plus current row review; provenance remains manual-semantic-reviewed	pass	pass	pass		false
ENG-024	24	exact	Wi-Fiなど安定した通信環境をお勧めいたします。	建议使用Wi-Fi等稳定的网络环境。	acceptable-no-change	none	建议使用Wi-Fi等稳定的网络环境。	manual-semantic-reviewed	逐项语义复核未发现需改写问题；仅提升为人工语义已审，不冒充官方或 Wiki。	prior semantic pass plus current row review; provenance remains manual-semantic-reviewed	pass	pass	pass		false
ENG-025	25	exact	10連 - レアカード	10连 - 稀有卡牌	acceptable-no-change	none	10连 - 稀有卡牌	manual-semantic-reviewed	逐项语义复核未发现需改写问题；仅提升为人工语义已审，不冒充官方或 Wiki。	literal exists in official CN native evidence but pairing was not assumed; root review approves current value	pass	pass	pass		false
ENG-026	26	exact	単発 - レアカード	单发 - 稀有卡牌	correction-required	high	单抽 - 稀有卡牌	official-cn-native-sequence-exact-both-abis	双 ABI 国服 native 与国服扭蛋数据均使用“单抽”，当前“单发”是错误术语。	official CN native exact C-string in both ABIs; arm64 offsets=['0x14e5c50']; armv7 offsets=['0x11860b8']	pass	pass	pass		false
ENG-027	27	exact	単発 - 通常カード	单发 - 普通卡牌	correction-required	high	单抽 - 普通卡牌	official-cn-native-sequence-exact-both-abis	双 ABI 国服 native 与国服扭蛋数据均使用“单抽”，当前“单发”是错误术语。	official CN native exact C-string in both ABIs; arm64 offsets=['0x14e5c78']; armv7 offsets=['0x11860e0']	pass	pass	pass		false
ENG-028	28	exact	単発 - レアメモリア	单发 - 稀有记忆结晶	correction-required	high	单抽 - 稀有记忆结晶	official-cn-native-sequence-exact-both-abis	双 ABI 国服 native 与国服扭蛋数据均使用“单抽”，当前“单发”是错误术语。	official CN native exact C-string in both ABIs; arm64 offsets=['0x14e5c90']; armv7 offsets=['0x11860f8']	pass	pass	pass		false
ENG-029	29	exact	単発 - 通常メモリア	单发 - 普通记忆结晶	correction-required	high	单抽 - 普通记忆结晶	official-cn-native-sequence-exact-both-abis	双 ABI 国服 native 与国服扭蛋数据均使用“单抽”，当前“单发”是错误术语。	official CN native exact C-string in both ABIs; arm64 offsets=['0x14e5cb0']; armv7 offsets=['0x1186114']	pass	pass	pass		false
ENG-030	30	exact	使用禁止文字列が含まれています。	包含禁止使用的字符串。	correction-required	low	含有禁止使用的字符。	manual-semantic-reviewed	用户界面的文字列应译为“字符”；“字符串”属于程序术语。	root semantic review against Japanese source and adjacent official terminology; not an exact official whole-string	pass	pass	pass		false
ENG-031	31	exact	プレイヤー名を入力してください	请输入玩家名	acceptable-no-change	none	请输入玩家名	manual-semantic-reviewed	逐项语义复核未发现需改写问题；仅提升为人工语义已审，不冒充官方或 Wiki。	literal exists in official CN native evidence but pairing was not assumed; root review approves current value	pass	pass	pass		false
ENG-032	32	exact	※後から変更可能です（当日中の変更はできません）	※之后可以更改(当天内无法更改)	correction-required	low	※以后可以更改（当天不可更改）	official-cn-native-sequence-exact-both-abis	双 ABI 国服 native 同序列存在完整官中文字面值，并采用国服全角标点。	official CN native exact C-string in both ABIs; arm64 offsets=['0x14cd1b0']; armv7 offsets=['0x117e27c']	pass	pass	pass		false
ENG-033	33	exact	入力エラー	输入错误	acceptable-no-change	none	输入错误	manual-semantic-reviewed	逐项语义复核未发现需改写问题；仅提升为人工语义已审，不冒充官方或 Wiki。	prior semantic pass plus current row review; provenance remains manual-semantic-reviewed	pass	pass	pass		false
ENG-034	34	exact	APが全回復しました！	AP已全部回复！	acceptable-no-change	none	AP已全部回复！	manual-semantic-reviewed	逐项语义复核未发现需改写问题；仅提升为人工语义已审，不冒充官方或 Wiki。	current Chinese is context-paired in both official CN native ABIs; root review confirms no change	pass	pass	pass		false
ENG-035	35	exact	に問題があります！】\n	有问题！】\n	acceptable-no-change	none	有问题！】\n	manual-semantic-reviewed	逐项语义复核未发现需改写问题；仅提升为人工语义已审，不冒充官方或 Wiki。	prior semantic pass plus current row review; provenance remains manual-semantic-reviewed	pass	pass	pass		false
ENG-036	36	exact	]は禁止です!! (	]禁止使用!! (	acceptable-no-change	none	]禁止使用!! (	manual-semantic-reviewed	逐项语义复核未发现需改写问题；仅提升为人工语义已审，不冒充官方或 Wiki。	prior semantic pass plus current row review; provenance remains manual-semantic-reviewed	pass	pass	pass		false
ENG-039	39	exact	デバフを反射します	反射减益	acceptable-no-change	none	反射减益	manual-semantic-reviewed	逐项语义复核未发现需改写问题；仅提升为人工语义已审，不冒充官方或 Wiki。	prior semantic pass plus current row review; provenance remains manual-semantic-reviewed	pass	pass	pass		false
ENG-040	40	exact	（あと	（剩余	acceptable-no-change	none	（剩余	manual-semantic-reviewed	逐项语义复核未发现需改写问题；仅提升为人工语义已审，不冒充官方或 Wiki。	prior semantic pass plus current row review; provenance remains manual-semantic-reviewed	pass	pass	pass		false
ENG-041	41	exact	敵から受けるダメージが 	受到敌方的伤害提升 	acceptable-no-change	none	受到敌方的伤害提升 	manual-semantic-reviewed	逐项语义复核未发现需改写问题；仅提升为人工语义已审，不冒充官方或 Wiki。	prior semantic pass plus current row review; provenance remains manual-semantic-reviewed	pass	pass	pass		false
ENG-043	43	exact	プールシャッフル	重洗圆盘	correction-required	low	行动盘池洗牌	manual-semantic-reviewed	Pool Shuffle 是行动盘池洗牌机制；“重洗圆盘”含义模糊。旧国服保留英文机制名，本项属人工语义定稿。	root semantic review against Japanese source and adjacent official terminology; not an exact official whole-string	pass	pass	pass		false
ENG-044	44	exact	ディスク再配布	圆盘重新配发	correction-required	medium	重新分配行动盘	official-cn-native-sequence-exact-both-abis	双 ABI 国服 native 精确使用“重新分配行动盘”。	official CN native exact C-string in both ABIs; arm64 offsets=['0x14ea498']; armv7 offsets=['0x11875a8']	pass	pass	pass		false
ENG-045	45	exact	ナビ再配布	导航重新配发	correction-required	medium	重新分配Navi	official-cn-native-sequence-exact-both-abis	双 ABI 国服 native 精确使用“重新分配Navi”；保留正式机制名 Navi。	official CN native exact C-string in both ABIs; arm64 offsets=['0x14ea460']; armv7 offsets=['0x118757c']	pass	pass	pass	保留正式机制词：Navi	false
ENG-046	46	exact	所持なし	未持有	acceptable-no-change	none	未持有	manual-semantic-reviewed	逐项语义复核未发现需改写问题；仅提升为人工语义已审，不冒充官方或 Wiki。	literal exists in official CN native evidence but pairing was not assumed; root review approves current value	pass	pass	pass		false
ENG-047	47	exact	使用済み	已使用	acceptable-no-change	none	已使用	manual-semantic-reviewed	逐项语义复核未发现需改写问题；仅提升为人工语义已审，不冒充官方或 Wiki。	literal exists in official CN native evidence but pairing was not assumed; root review approves current value	pass	pass	pass		false
ENG-049	49	exact	隣接してない	未相邻	correction-required	low	非相邻	official-cn-native-sequence-exact-both-abis	双 ABI 国服 native 精确使用“非相邻”。	official CN native exact C-string in both ABIs; arm64 offsets=['0x14cf2d8']; armv7 offsets=['0x117ea4c']	pass	pass	pass		false
ENG-050	50	exact	発動済み	已发动	acceptable-no-change	none	已发动	manual-semantic-reviewed	逐项语义复核未发现需改写问题；仅提升为人工语义已审，不冒充官方或 Wiki。	literal exists in official CN native evidence but pairing was not assumed; root review approves current value	pass	pass	pass		false
ENG-051	51	exact	助っ人不可	不可助战	correction-required	medium	不可使用支援	official-cn-native-sequence-exact-both-abis	双 ABI 国服 native 精确使用“不可使用支援”。	official CN native exact C-string in both ABIs; arm64 offsets=['0x14cf2f8']; armv7 offsets=['0x117ea64']	pass	pass	pass		false
ENG-052	52	exact	アクセル	Accele	acceptable-no-change	none	Accele	manual-semantic-reviewed	逐项语义复核未发现需改写问题；仅提升为人工语义已审，不冒充官方或 Wiki。	literal exists in official CN native evidence but pairing was not assumed; root review approves current value	pass	pass	pass	保留正式机制词：Accele	false
ENG-053	53	exact	ブラスト	Blast	acceptable-no-change	none	Blast	manual-semantic-reviewed	逐项语义复核未发现需改写问题；仅提升为人工语义已审，不冒充官方或 Wiki。	literal exists in official CN native evidence but pairing was not assumed; root review approves current value	pass	pass	pass	保留正式机制词：Blast	false
ENG-054	54	exact	チャージ	Charge	acceptable-no-change	none	Charge	manual-semantic-reviewed	逐项语义复核未发现需改写问题；仅提升为人工语义已审，不冒充官方或 Wiki。	literal exists in official CN native evidence but pairing was not assumed; root review approves current value	pass	pass	pass	保留正式机制词：Charge	false
ENG-055	55	exact	マギア	Magia	acceptable-no-change	none	Magia	manual-semantic-reviewed	逐项语义复核未发现需改写问题；仅提升为人工语义已审，不冒充官方或 Wiki。	literal exists in official CN native evidence but pairing was not assumed; root review approves current value	pass	pass	pass	保留正式机制词：Magia	false
ENG-056	56	exact	MPゲージ	MP槽	correction-required	medium	MP计量表	official-cn-native-sequence-exact-both-abis	双 ABI 国服 native 精确使用“MP计量表”；当前“MP槽”不见于国服语料。	official CN native exact C-string in both ABIs; arm64 offsets=['0x14cf1a0']; armv7 offsets=['0x117e93c']	pass	pass	pass		false
ENG-057	57	exact	Cディスク	Charge圆盘	correction-required	medium	C行动盘	official-cn-native-sequence-exact-both-abis	双 ABI 国服 native 精确使用“C行动盘”。	official CN native exact C-string in both ABIs; arm64 offsets=['0x14cf1b0', '0x14d0b88', '0x14d0bc8']; armv7 offsets=['0x117e948', '0x117fb9c', '0x117fbdc']	pass	pass	pass	保留正式机制词：Charge	false
ENG-059	59	exact	ドッペル	魔女化身	acceptable-no-change	none	魔女化身	manual-semantic-reviewed	逐项语义复核未发现需改写问题；仅提升为人工语义已审，不冒充官方或 Wiki。	literal exists in official CN native evidence but pairing was not assumed; root review approves current value	pass	pass	pass		false
ENG-060	60	exact	チャージ後攻撃弱点	Charge后攻击弱点	acceptable-no-change	none	Charge后攻击弱点	manual-semantic-reviewed	逐项语义复核未发现需改写问题；仅提升为人工语义已审，不冒充官方或 Wiki。	literal exists in official CN native evidence but pairing was not assumed; root review approves current value	pass	pass	pass	保留正式机制词：Charge	false
ENG-061	61	exact	被ダメージ上昇	受到伤害提升	acceptable-no-change	none	受到伤害提升	manual-semantic-reviewed	逐项语义复核未发现需改写问题；仅提升为人工语义已审，不冒充官方或 Wiki。	prior semantic pass plus current row review; provenance remains manual-semantic-reviewed	pass	pass	pass		false
ENG-063	63	exact	フィールド	场地	acceptable-no-change	none	场地	manual-semantic-reviewed	逐项语义复核未发现需改写问题；仅提升为人工语义已审，不冒充官方或 Wiki。	prior semantic pass plus current row review; provenance remains manual-semantic-reviewed	pass	pass	pass		false
ENG-064	64	exact	マギアストーン5個を消費して\n魔法少女のHPを全回復しますか？	消耗5个魔法石，\n要全部回复魔法少女的HP吗？	acceptable-no-change	none	消耗5个魔法石，\n要全部回复魔法少女的HP吗？	manual-semantic-reviewed	逐项语义复核未发现需改写问题；仅提升为人工语义已审，不冒充官方或 Wiki。	prior semantic pass plus current row review; provenance remains manual-semantic-reviewed	pass	pass	pass		false
ENG-065	65	exact	決定後、すぐにアイテムが購入されマギアストーンが消費されます。\nマギアストーンは無償分から先に消費され、決定後のキャンセルはできません。	确定后将立即购买道具并消耗魔法石。\n魔法石优先消耗免费部分，确定后无法取消。	acceptable-no-change	none	确定后将立即购买道具并消耗魔法石。\n魔法石优先消耗免费部分，确定后无法取消。	manual-semantic-reviewed	逐项语义复核未发现需改写问题；仅提升为人工语义已审，不冒充官方或 Wiki。	prior semantic pass plus current row review; provenance remains manual-semantic-reviewed	pass	pass	pass		false
ENG-066	66	exact	マギア・スキル発動	Magia·技能发动	correction-required	high	发动Magia·技能	official-cn-native-sequence-exact-both-abis	双 ABI 国服 native 精确顺序为“发动Magia·技能”；当前词序错误。	official CN native exact C-string in both ABIs; arm64 offsets=['0x14d1250']; armv7 offsets=['0x11801bc']	pass	pass	pass	保留正式机制词：Magia	false
ENG-067	67	exact	マギア・スキルを所持しておりません。	未持有Magia·技能。	acceptable-no-change	none	未持有Magia·技能。	manual-semantic-reviewed	逐项语义复核未发现需改写问题；仅提升为人工语义已审，不冒充官方或 Wiki。	prior semantic pass plus current row review; provenance remains manual-semantic-reviewed	pass	pass	pass	保留正式机制词：Magia	false
ENG-068	68	exact	発動する	发动	acceptable-no-change	none	发动	manual-semantic-reviewed	逐项语义复核未发现需改写问题；仅提升为人工语义已审，不冒充官方或 Wiki。	literal exists in official CN native evidence but pairing was not assumed; root review approves current value	pass	pass	pass		false
ENG-069	69	exact	あと 	还有	acceptable-no-change	none	还有	manual-semantic-reviewed	逐项语义复核未发现需改写问题；仅提升为人工语义已审，不冒充官方或 Wiki。	literal exists in official CN native evidence but pairing was not assumed; root review approves current value	pass	pass	pass		false
ENG-070	70	exact	エントリー	报名	acceptable-no-change	none	报名	manual-semantic-reviewed	逐项语义复核未发现需改写问题；仅提升为人工语义已审，不冒充官方或 Wiki。	prior semantic pass plus current row review; provenance remains manual-semantic-reviewed	pass	pass	pass		false
ENG-071	71	exact	エントリー中	报名中	acceptable-no-change	none	报名中	manual-semantic-reviewed	逐项语义复核未发现需改写问题；仅提升为人工语义已审，不冒充官方或 Wiki。	prior semantic pass plus current row review; provenance remains manual-semantic-reviewed	pass	pass	pass		false
ENG-072	72	exact	スキル：	技能：	acceptable-no-change	none	技能：	manual-semantic-reviewed	逐项语义复核未发现需改写问题；仅提升为人工语义已审，不冒充官方或 Wiki。	literal exists in official CN native evidence but pairing was not assumed; root review approves current value	pass	pass	pass		false
ENG-073	73	exact	マギア：	Magia：	acceptable-no-change	none	Magia：	manual-semantic-reviewed	逐项语义复核未发现需改写问题；仅提升为人工语义已审，不冒充官方或 Wiki。	literal exists in official CN native evidence but pairing was not assumed; root review approves current value	pass	pass	pass	保留正式机制词：Magia	false
ENG-074	74	exact	ドッペル：	魔女化身：	acceptable-no-change	none	魔女化身：	manual-semantic-reviewed	逐项语义复核未发现需改写问题；仅提升为人工语义已审，不冒充官方或 Wiki。	literal exists in official CN native evidence but pairing was not assumed; root review approves current value	pass	pass	pass		false
ENG-076	76	exact	マギアによるダメージが上昇	Magia伤害提升	acceptable-no-change	none	Magia伤害提升	manual-semantic-reviewed	逐项语义复核未发现需改写问题；仅提升为人工语义已审，不冒充官方或 Wiki。	prior semantic pass plus current row review; provenance remains manual-semantic-reviewed	pass	pass	pass	保留正式机制词：Magia	false
ENG-081	81	exact	チャージを消費した際のダメージが上昇	消耗Charge时伤害提升	acceptable-no-change	none	消耗Charge时伤害提升	manual-semantic-reviewed	逐项语义复核未发现需改写问题；仅提升为人工语义已审，不冒充官方或 Wiki。	prior semantic pass plus current row review; provenance remains manual-semantic-reviewed	pass	pass	pass	保留正式机制词：Charge	false
ENG-083	83	exact	ブラストディスクのダメージが上昇	Blast圆盘伤害提升	correction-required	medium	Blast行动盘的伤害提升	official-cn-native-sequence-exact-both-abis	双 ABI 国服 native 精确使用“Blast行动盘的伤害提升”。	official CN native exact C-string in both ABIs; arm64 offsets=['0x14cffc8']; armv7 offsets=['0x117f074']	pass	pass	pass	保留正式机制词：Blast	false
ENG-097	97	exact	スタン	眩晕	correction-required	high	麻痹	official-cn-native-sequence-exact-both-abis	双 ABI 国服 native 及国服帮助均将スタン译为“麻痹”；当前“眩晕”与官中冲突。	official CN native exact C-string in both ABIs; arm64 offsets=['0x14d01e0']; armv7 offsets=['0x117f274']	pass	pass	pass		false
ENG-098	98	exact	行動不能＋弱点属性からのダメージが上昇	无法行动＋受到弱点属性伤害提升	acceptable-no-change	none	无法行动＋受到弱点属性伤害提升	manual-semantic-reviewed	逐项语义复核未发现需改写问题；仅提升为人工语义已审，不冒充官方或 Wiki。	prior semantic pass plus current row review; provenance remains manual-semantic-reviewed	pass	pass	pass		false
ENG-099	99	exact	行動不能＋弱点属性からのダメージが上昇＋HP回復不能	无法行动＋受到弱点属性伤害提升＋HP无法回复	acceptable-no-change	none	无法行动＋受到弱点属性伤害提升＋HP无法回复	manual-semantic-reviewed	逐项语义复核未发现需改写问题；仅提升为人工语义已审，不冒充官方或 Wiki。	prior semantic pass plus current row review; provenance remains manual-semantic-reviewed	pass	pass	pass		false
ENG-100	100	exact	毎ターンダメージ	每回合伤害	correction-required	medium	每回合受到伤害	official-cn-native-sequence-exact-both-abis	双 ABI 国服 native 精确使用“每回合受到伤害”。	official CN native exact C-string in both ABIs; arm64 offsets=['0x14d0278', '0x14d0298', '0x14d02e0']; armv7 offsets=['0x117f304', '0x117f324', '0x117f368']	pass	pass	pass		false
ENG-102	102	exact	毎ターンダメージ＋弱点属性からのダメージが上昇	每回合伤害＋受到弱点属性伤害提升	acceptable-no-change	none	每回合伤害＋受到弱点属性伤害提升	manual-semantic-reviewed	逐项语义复核未发现需改写问题；仅提升为人工语义已审，不冒充官方或 Wiki。	prior semantic pass plus current row review; provenance remains manual-semantic-reviewed	pass	pass	pass		false
ENG-103	103	exact	呪い	诅咒	acceptable-no-change	none	诅咒	manual-semantic-reviewed	逐项语义复核未发现需改写问题；仅提升为人工语义已审，不冒充官方或 Wiki。	literal exists in official CN native evidence but pairing was not assumed; root review approves current value	pass	pass	pass		false
ENG-104	104	exact	毎ターンダメージ＋弱点からのダメージが上昇＋HP回復不能	每回合伤害＋受到弱点伤害提升＋HP无法回复	acceptable-no-change	none	每回合伤害＋受到弱点伤害提升＋HP无法回复	manual-semantic-reviewed	逐项语义复核未发现需改写问题；仅提升为人工语义已审，不冒充官方或 Wiki。	prior semantic pass plus current row review; provenance remains manual-semantic-reviewed	pass	pass	pass		false
ENG-105	105	exact	確率で攻撃が失敗	概率攻击失败	acceptable-no-change	none	概率攻击失败	manual-semantic-reviewed	逐项语义复核未发现需改写问题；仅提升为人工语义已审，不冒充官方或 Wiki。	prior semantic pass plus current row review; provenance remains manual-semantic-reviewed	pass	pass	pass		false
ENG-106	106	exact	確率で攻撃が失敗＋弱点属性からのダメージが上昇	概率攻击失败＋受到弱点属性伤害提升	acceptable-no-change	none	概率攻击失败＋受到弱点属性伤害提升	manual-semantic-reviewed	逐项语义复核未发现需改写问题；仅提升为人工语义已审，不冒充官方或 Wiki。	prior semantic pass plus current row review; provenance remains manual-semantic-reviewed	pass	pass	pass		false
ENG-107	107	exact	確率で攻撃が失敗＋弱点属性からのダメージが上昇＋HP回復不能	概率攻击失败＋受到弱点属性伤害提升＋HP无法回复	acceptable-no-change	none	概率攻击失败＋受到弱点属性伤害提升＋HP无法回复	manual-semantic-reviewed	逐项语义复核未发现需改写问题；仅提升为人工语义已审，不冒充官方或 Wiki。	prior semantic pass plus current row review; provenance remains manual-semantic-reviewed	pass	pass	pass		false
ENG-108	108	exact	スキル不可	技能封印	correction-required	high	禁止技能	official-cn-native-sequence-exact-both-abis	双 ABI 国服 native 精确使用“禁止技能”；当前“技能封印”不是官中状态名。	official CN native exact C-string in both ABIs; arm64 offsets=['0x14d0400']; armv7 offsets=['0x117f478']	pass	pass	pass		false
ENG-109	109	exact	スキルが使用不能	无法使用技能	acceptable-no-change	none	无法使用技能	manual-semantic-reviewed	逐项语义复核未发现需改写问题；仅提升为人工语义已审，不冒充官方或 Wiki。	literal exists in official CN native evidence but pairing was not assumed; root review approves current value	pass	pass	pass		false
ENG-111	111	exact	マギアが使用不能	无法使用Magia	acceptable-no-change	none	无法使用Magia	manual-semantic-reviewed	逐项语义复核未发现需改写问题；仅提升为人工语义已审，不冒充官方或 Wiki。	literal exists in official CN native evidence but pairing was not assumed; root review approves current value	pass	pass	pass	保留正式机制词：Magia	false
ENG-112	112	exact	クリティカル	暴击	acceptable-no-change	none	暴击	manual-semantic-reviewed	逐项语义复核未发现需改写问题；仅提升为人工语义已审，不冒充官方或 Wiki。	prior semantic pass plus current row review; provenance remains manual-semantic-reviewed	pass	pass	pass		false
ENG-113	113	exact	確率で与えるダメージが大きく上昇	概率使造成伤害大幅提升	correction-required	medium	一定概率使给予伤害大幅度提升	official-cn-native-sequence-exact-both-abis	双 ABI 国服 native 精确使用该完整描述。	official CN native exact C-string in both ABIs; arm64 offsets=['0x14d0498']; armv7 offsets=['0x117f504']	pass	pass	pass		false
ENG-114	114	exact	受けるダメージが減少	受到伤害减少	acceptable-no-change	none	受到伤害减少	manual-semantic-reviewed	逐项语义复核未发现需改写问题；仅提升为人工语义已审，不冒充官方或 Wiki。	literal exists in official CN native evidence but pairing was not assumed; root review approves current value	pass	pass	pass		false
ENG-115	115	exact	確率で攻撃を回避	概率回避攻击	acceptable-no-change	none	概率回避攻击	manual-semantic-reviewed	逐项语义复核未发现需改写问题；仅提升为人工语义已审，不冒充官方或 Wiki。	prior semantic pass plus current row review; provenance remains manual-semantic-reviewed	pass	pass	pass		false
ENG-116	116	exact	攻撃対象の回避を無効化	使攻击目标的回避无效化	correction-required	medium	使攻击对象的回避无效	official-cn-native-sequence-exact-both-abis	双 ABI 国服 native 精确使用该完整描述。	official CN native exact C-string in both ABIs; arm64 offsets=['0x14d0538']; armv7 offsets=['0x117f598']	pass	pass	pass		false
ENG-117	117	exact	毎ターンHP回復	每回合回复HP	acceptable-no-change	none	每回合回复HP	manual-semantic-reviewed	逐项语义复核未发现需改写问题；仅提升为人工语义已审，不冒充官方或 Wiki。	literal exists in official CN native evidence but pairing was not assumed; root review approves current value	pass	pass	pass		false
ENG-118	118	exact	スキルクイック	技能冷却加速	correction-required	medium	技能加速	official-cn-native-sequence-exact-both-abis	双 ABI 国服 native 精确使用“技能加速”；当前词不见于国服语料。	official CN native exact C-string in both ABIs; arm64 offsets=['0x14d0580']; armv7 offsets=['0x117f5dc']	pass	pass	pass		false
ENG-120	120	exact	確率で攻撃対象の防御力を無視して攻撃	概率无视攻击目标的防御力进行攻击	acceptable-no-change	none	概率无视攻击目标的防御力进行攻击	manual-semantic-reviewed	逐项语义复核未发现需改写问题；仅提升为人工语义已审，不冒充官方或 Wiki。	prior semantic pass plus current row review; provenance remains manual-semantic-reviewed	pass	pass	pass		false
ENG-121	121	exact	カウンター	反击	acceptable-no-change	none	反击	manual-semantic-reviewed	逐项语义复核未发现需改写问题；仅提升为人工语义已审，不冒充官方或 Wiki。	prior semantic pass plus current row review; provenance remains manual-semantic-reviewed	pass	pass	pass		false
ENG-122	122	exact	確率で敵の攻撃後に反撃	概率在敌方攻击后反击	acceptable-no-change	none	概率在敌方攻击后反击	manual-semantic-reviewed	逐项语义复核未发现需改写问题；仅提升为人工语义已审，不冒充官方或 Wiki。	prior semantic pass plus current row review; provenance remains manual-semantic-reviewed	pass	pass	pass		false
ENG-123	123	exact	確率で味方の攻撃後に攻撃	概率在我方攻击后追击	acceptable-no-change	none	概率在我方攻击后追击	manual-semantic-reviewed	逐项语义复核未发现需改写问题；仅提升为人工语义已审，不冒充官方或 Wiki。	prior semantic pass plus current row review; provenance remains manual-semantic-reviewed	pass	pass	pass		false
ENG-124	124	exact	カウンター無効	反击无效	acceptable-no-change	none	反击无效	manual-semantic-reviewed	逐项语义复核未发现需改写问题；仅提升为人工语义已审，不冒充官方或 Wiki。	prior semantic pass plus current row review; provenance remains manual-semantic-reviewed	pass	pass	pass		false
ENG-125	125	exact	攻撃対象のカウンターを無効化	使攻击目标的反击无效化	correction-required	medium	使攻击对象的反击技能无效	official-cn-native-sequence-exact-both-abis	双 ABI 国服 native 精确使用该完整描述。	official CN native exact C-string in both ABIs; arm64 offsets=['0x14d0690']; armv7 offsets=['0x117f6e0']	pass	pass	pass		false
ENG-126	126	exact	HP連動マギアアップ	HP联动Magia提升	acceptable-no-change	none	HP联动Magia提升	manual-semantic-reviewed	逐项语义复核未发现需改写问题；仅提升为人工语义已审，不冒充官方或 Wiki。	prior semantic pass plus current row review; provenance remains manual-semantic-reviewed	pass	pass	pass	保留正式机制词：Magia	false
ENG-127	127	exact	残HPが低いほどマギアのダメージが上昇	剩余HP越低，Magia伤害越高	acceptable-no-change	none	剩余HP越低，Magia伤害越高	manual-semantic-reviewed	逐项语义复核未发现需改写问题；仅提升为人工语义已审，不冒充官方或 Wiki。	prior semantic pass plus current row review; provenance remains manual-semantic-reviewed	pass	pass	pass	保留正式机制词：Magia	false
ENG-128	128	exact	耐える	忍耐	acceptable-no-change	none	忍耐	manual-semantic-reviewed	逐项语义复核未发现需改写问题；仅提升为人工语义已审，不冒充官方或 Wiki。	literal exists in official CN native evidence but pairing was not assumed; root review approves current value	pass	pass	pass		false
ENG-129	129	exact	致死ダメージを受けてもHP1で生存	受到致命伤害也以HP1存活	correction-required	medium	受到致死量伤害时，能够以HP1的状态存活	official-cn-native-sequence-exact-both-abis	双 ABI 国服 native 精确使用该完整描述；当前译文过度压缩。	official CN native exact C-string in both ABIs; arm64 offsets=['0x14d0708']; armv7 offsets=['0x117f754']	pass	pass	pass		false
ENG-130	130	exact	敵の攻撃時、ターゲットを自分に変更	敌方攻击时，将目标改为自己	acceptable-no-change	none	敌方攻击时，将目标改为自己	manual-semantic-reviewed	逐项语义复核未发现需改写问题；仅提升为人工语义已审，不冒充官方或 Wiki。	prior semantic pass plus current row review; provenance remains manual-semantic-reviewed	pass	pass	pass		false
ENG-131	131	exact	かばう	掩护	correction-required	medium	庇护	official-cn-native-sequence-exact-both-abis	双 ABI 国服 native 精确将かばう译为“庇护”。	official CN native exact C-string in both ABIs; arm64 offsets=['0x14d0780']; armv7 offsets=['0x117f7c8']	pass	pass	pass		false
ENG-132	132	exact	仲間の代わりに攻撃を受ける	代替队友承受攻击	acceptable-no-change	none	代替队友承受攻击	manual-semantic-reviewed	逐项语义复核未发现需改写问题；仅提升为人工语义已审，不冒充官方或 Wiki。	prior semantic pass plus current row review; provenance remains manual-semantic-reviewed	pass	pass	pass		false
ENG-133	133	exact	状態異常ダメージアップ	异常状态伤害提升	acceptable-no-change	none	异常状态伤害提升	manual-semantic-reviewed	逐项语义复核未发现需改写问题；仅提升为人工语义已审，不冒充官方或 Wiki。	literal exists in official CN native evidence but pairing was not assumed; root review approves current value	pass	pass	pass		false
ENG-135	135	exact	サヴァイヴ	Survive	acceptable-no-change	none	Survive	manual-semantic-reviewed	逐项语义复核未发现需改写问题；仅提升为人工语义已审，不冒充官方或 Wiki。	prior semantic pass plus current row review; provenance remains manual-semantic-reviewed	pass	pass	pass	保留正式机制词：Survive	false
ENG-136	136	exact	致死ダメージを受けても1ターン生存、次ターンにHP回復	受到致命伤害也存活1回合，下回合回复HP	acceptable-no-change	none	受到致命伤害也存活1回合，下回合回复HP	manual-semantic-reviewed	逐项语义复核未发现需改写问题；仅提升为人工语义已审，不冒充官方或 Wiki。	prior semantic pass plus current row review; provenance remains manual-semantic-reviewed	pass	pass	pass		false
ENG-137	137	exact	毎ターンMP回復	每回合回复MP	acceptable-no-change	none	每回合回复MP	manual-semantic-reviewed	逐项语义复核未发现需改写问题；仅提升为人工语义已审，不冒充官方或 Wiki。	literal exists in official CN native evidence but pairing was not assumed; root review approves current value	pass	pass	pass		false
ENG-138	138	exact	ダメージカット無視	无视伤害削减	acceptable-no-change	none	无视伤害削减	manual-semantic-reviewed	逐项语义复核未发现需改写问题；仅提升为人工语义已审，不冒充官方或 Wiki。	literal exists in official CN native evidence but pairing was not assumed; root review approves current value	pass	pass	pass		false
ENG-139	139	exact	攻撃対象のダメージカットを無効化	使攻击目标的伤害削减无效化	correction-required	medium	使攻击对象的伤害削减效果无效化	official-cn-native-sequence-exact-both-abis	双 ABI 国服 native 精确使用该完整描述。	official CN native exact C-string in both ABIs; arm64 offsets=['0x14d0888']; armv7 offsets=['0x117f8c0']	pass	pass	pass		false
ENG-140	140	exact	Acceleダメージカット	Accele伤害削减	acceptable-no-change	none	Accele伤害削减	manual-semantic-reviewed	逐项语义复核未发现需改写问题；仅提升为人工语义已审，不冒充官方或 Wiki。	literal exists in official CN native evidence but pairing was not assumed; root review approves current value	pass	pass	pass	保留正式机制词：Accele	false
ENG-142	142	exact	Blastダメージカット	Blast伤害削减	acceptable-no-change	none	Blast伤害削减	manual-semantic-reviewed	逐项语义复核未发现需改写问题；仅提升为人工语义已审，不冒充官方或 Wiki。	literal exists in official CN native evidence but pairing was not assumed; root review approves current value	pass	pass	pass	保留正式机制词：Blast	false
ENG-144	144	exact	Chargeダメージカット	Charge伤害削减	acceptable-no-change	none	Charge伤害削减	manual-semantic-reviewed	逐项语义复核未发现需改写问题；仅提升为人工语义已审，不冒充官方或 Wiki。	literal exists in official CN native evidence but pairing was not assumed; root review approves current value	pass	pass	pass	保留正式机制词：Charge	false
ENG-146	146	exact	Charge後ダメージカット	Charge后伤害削减	acceptable-no-change	none	Charge后伤害削减	manual-semantic-reviewed	逐项语义复核未发现需改写问题；仅提升为人工语义已审，不冒充官方或 Wiki。	literal exists in official CN native evidence but pairing was not assumed; root review approves current value	pass	pass	pass	保留正式机制词：Charge	false
ENG-148	148	exact	マギアダメージカット	Magia伤害削减	acceptable-no-change	none	Magia伤害削减	manual-semantic-reviewed	逐项语义复核未发现需改写问题；仅提升为人工语义已审，不冒充官方或 Wiki。	literal exists in official CN native evidence but pairing was not assumed; root review approves current value	pass	pass	pass	保留正式机制词：Magia	false
ENG-149	149	exact	火属性ダメージカット 	火属性伤害削减	acceptable-no-change	none	火属性伤害削减	manual-semantic-reviewed	逐项语义复核未发现需改写问题；仅提升为人工语义已审，不冒充官方或 Wiki。	prior semantic pass plus current row review; provenance remains manual-semantic-reviewed	pass	pass	pass		false
ENG-151	151	exact	水属性ダメージカット	水属性伤害削减	acceptable-no-change	none	水属性伤害削减	manual-semantic-reviewed	逐项语义复核未发现需改写问题；仅提升为人工语义已审，不冒充官方或 Wiki。	literal exists in official CN native evidence but pairing was not assumed; root review approves current value	pass	pass	pass		false
ENG-153	153	exact	木属性ダメージカット	木属性伤害削减	acceptable-no-change	none	木属性伤害削减	manual-semantic-reviewed	逐项语义复核未发现需改写问题；仅提升为人工语义已审，不冒充官方或 Wiki。	literal exists in official CN native evidence but pairing was not assumed; root review approves current value	pass	pass	pass		false
ENG-155	155	exact	光属性ダメージカット	光属性伤害削减	acceptable-no-change	none	光属性伤害削减	manual-semantic-reviewed	逐项语义复核未发现需改写问题；仅提升为人工语义已审，不冒充官方或 Wiki。	literal exists in official CN native evidence but pairing was not assumed; root review approves current value	pass	pass	pass		false
ENG-157	157	exact	闇属性ダメージカット	暗属性伤害削减	acceptable-no-change	none	暗属性伤害削减	manual-semantic-reviewed	逐项语义复核未发现需改写问题；仅提升为人工语义已审，不冒充官方或 Wiki。	literal exists in official CN native evidence but pairing was not assumed; root review approves current value	pass	pass	pass		false
ENG-159	159	exact	無属性ダメージカット	无属性伤害削减	acceptable-no-change	none	无属性伤害削减	manual-semantic-reviewed	逐项语义复核未发现需改写问题；仅提升为人工语义已审，不冒充官方或 Wiki。	literal exists in official CN native evidence but pairing was not assumed; root review approves current value	pass	pass	pass		false
ENG-161	161	exact	クリティカル無効	暴击无效	acceptable-no-change	none	暴击无效	manual-semantic-reviewed	逐项语义复核未发现需改写问题；仅提升为人工语义已审，不冒充官方或 Wiki。	literal exists in official CN native evidence but pairing was not assumed; root review approves current value	pass	pass	pass		false
ENG-162	162	exact	受けたクリティカルを1回無効にする	使受到的暴击无效1次	acceptable-no-change	none	使受到的暴击无效1次	manual-semantic-reviewed	逐项语义复核未发现需改写问题；仅提升为人工语义已审，不冒充官方或 Wiki。	prior semantic pass plus current row review; provenance remains manual-semantic-reviewed	pass	pass	pass		false
ENG-164	164	exact	魔女へのダメージが上昇	对魔女伤害提升	acceptable-no-change	none	对魔女伤害提升	manual-semantic-reviewed	逐项语义复核未发现需改写问题；仅提升为人工语义已审，不冒充官方或 Wiki。	literal exists in official CN native evidence but pairing was not assumed; root review approves current value	pass	pass	pass		false
ENG-166	166	exact	チャージディスクのダメージが上昇	Charge圆盘伤害提升	correction-required	medium	Charge行动盘造成的伤害上升	official-cn-native-sequence-exact-both-abis	双 ABI 国服 native 精确使用该完整描述。	official CN native exact C-string in both ABIs; arm64 offsets=['0x14d0ba0']; armv7 offsets=['0x117fbb4']	pass	pass	pass	保留正式机制词：Charge	false
ENG-169	169	exact	MP100以上の際にMPゲージアップ	MP100以上时MP槽提升	correction-required	medium	MP在100以上时MP充能条增加	official-cn-native-sequence-exact-both-abis	双 ABI 国服 native 精确使用该完整描述。	official CN native exact C-string in both ABIs; arm64 offsets=['0x14d0c08']; armv7 offsets=['0x117fc1c']	pass	pass	pass		false
ENG-170	170	exact	チャージコンボプラス	Charge连击数提升	correction-required	medium	Charge连击数附加	official-cn-native-sequence-exact-both-abis	双 ABI 国服 native 精确使用“Charge连击数附加”。	official CN native exact C-string in both ABIs; arm64 offsets=['0x14d0c30']; armv7 offsets=['0x117fc40']	pass	pass	pass	保留正式机制词：Charge	false
ENG-172	172	exact	デバフ無効	减益无效	acceptable-no-change	none	减益无效	manual-semantic-reviewed	逐项语义复核未发现需改写问题；仅提升为人工语义已审，不冒充官方或 Wiki。	literal exists in official CN native evidence but pairing was not assumed; root review approves current value	pass	pass	pass		false
ENG-174	174	exact	敵陣の挑発を無視する	无视敌方挑衅	acceptable-no-change	none	无视敌方挑衅	manual-semantic-reviewed	逐项语义复核未发现需改写问题；仅提升为人工语义已审，不冒充官方或 Wiki。	literal exists in official CN native evidence but pairing was not assumed; root review approves current value	pass	pass	pass		false
ENG-176	176	exact	ドッペルによるダメージが上昇	魔女化身伤害提升	acceptable-no-change	none	魔女化身伤害提升	manual-semantic-reviewed	逐项语义复核未发现需改写问题；仅提升为人工语义已审，不冒充官方或 Wiki。	prior semantic pass plus current row review; provenance remains manual-semantic-reviewed	pass	pass	pass		false
ENG-177	177	exact	弱体[アクセル]	弱化[Accele]	acceptable-no-change	none	弱化[Accele]	manual-semantic-reviewed	逐项语义复核未发现需改写问题；仅提升为人工语义已审，不冒充官方或 Wiki。	literal exists in official CN native evidence but pairing was not assumed; root review approves current value	pass	pass	pass	保留正式机制词：Accele	false
ENG-178	178	exact	アクセルディスクによる被ダメージが上昇	受到Accele圆盘伤害提升	correction-required	medium	受到来自Accele行动盘的伤害上升	official-cn-native-sequence-exact-both-abis	双 ABI 国服 native 精确使用该完整描述。	official CN native exact C-string in both ABIs; arm64 offsets=['0x14d0d10']; armv7 offsets=['0x117fd10']	pass	pass	pass	保留正式机制词：Accele	false
ENG-179	179	exact	弱体[ブラスト]	弱化[Blast]	acceptable-no-change	none	弱化[Blast]	manual-semantic-reviewed	逐项语义复核未发现需改写问题；仅提升为人工语义已审，不冒充官方或 Wiki。	literal exists in official CN native evidence but pairing was not assumed; root review approves current value	pass	pass	pass	保留正式机制词：Blast	false
ENG-180	180	exact	ブラストディスクによる被ダメージが上昇	受到Blast圆盘伤害提升	correction-required	medium	受到来自Blast行动盘的伤害上升	official-cn-native-sequence-exact-both-abis	双 ABI 国服 native 精确使用该完整描述。	official CN native exact C-string in both ABIs; arm64 offsets=['0x14d0d50']; armv7 offsets=['0x117fd4c']	pass	pass	pass	保留正式机制词：Blast	false
ENG-181	181	exact	弱体[チャージ]	弱化[Charge]	acceptable-no-change	none	弱化[Charge]	manual-semantic-reviewed	逐项语义复核未发现需改写问题；仅提升为人工语义已审，不冒充官方或 Wiki。	literal exists in official CN native evidence but pairing was not assumed; root review approves current value	pass	pass	pass	保留正式机制词：Charge	false
ENG-182	182	exact	チャージを消費した攻撃による被ダメージが上昇	受到消耗Charge的攻击伤害提升	acceptable-no-change	none	受到消耗Charge的攻击伤害提升	manual-semantic-reviewed	逐项语义复核未发现需改写问题；仅提升为人工语义已审，不冒充官方或 Wiki。	prior semantic pass plus current row review; provenance remains manual-semantic-reviewed	pass	pass	pass	保留正式机制词：Charge	false
ENG-183	183	exact	弱体[チャージＤ]	弱化[Charge D]	acceptable-no-change	none	弱化[Charge D]	manual-semantic-reviewed	逐项语义复核未发现需改写问题；仅提升为人工语义已审，不冒充官方或 Wiki。	literal exists in official CN native evidence but pairing was not assumed; root review approves current value	pass	pass	pass	保留正式机制词：Charge	false
ENG-184	184	exact	チャージディスクによる被ダメージが上昇	受到Charge圆盘伤害提升	correction-required	medium	受到来自Charge行动盘的伤害上升	official-cn-native-sequence-exact-both-abis	双 ABI 国服 native 精确使用该完整描述。	official CN native exact C-string in both ABIs; arm64 offsets=['0x14d0de0']; armv7 offsets=['0x117fdd4']	pass	pass	pass	保留正式机制词：Charge	false
ENG-187	187	exact	水属性攻撃による被ダメージが上昇	受到水属性攻击伤害提升	acceptable-no-change	none	受到水属性攻击伤害提升	manual-semantic-reviewed	逐项语义复核未发现需改写问题；仅提升为人工语义已审，不冒充官方或 Wiki。	prior semantic pass plus current row review; provenance remains manual-semantic-reviewed	pass	pass	pass		false
ENG-190	190	exact	光属性攻撃による被ダメージが上昇	受到光属性攻击伤害提升	acceptable-no-change	none	受到光属性攻击伤害提升	manual-semantic-reviewed	逐项语义复核未发现需改写问题；仅提升为人工语义已审，不冒充官方或 Wiki。	prior semantic pass plus current row review; provenance remains manual-semantic-reviewed	pass	pass	pass		false
ENG-191	191	exact	ヴァリアブル	Variable	acceptable-no-change	none	Variable	manual-semantic-reviewed	逐项语义复核未发现需改写问题；仅提升为人工语义已审，不冒充官方或 Wiki。	literal exists in official CN native evidence but pairing was not assumed; root review approves current value	pass	pass	pass	保留正式机制词：Variable	false
ENG-192	192	exact	敵の属性を問わず、自身の攻撃を属性有利として扱う	无视敌方属性，自身攻击视为属性克制	acceptable-no-change	none	无视敌方属性，自身攻击视为属性克制	manual-semantic-reviewed	逐项语义复核未发现需改写问题；仅提升为人工语义已审，不冒充官方或 Wiki。	prior semantic pass plus current row review; provenance remains manual-semantic-reviewed	pass	pass	pass		false
ENG-193	193	exact	闇属性攻撃による被ダメージが上昇	受到暗属性攻击伤害提升	acceptable-no-change	none	受到暗属性攻击伤害提升	manual-semantic-reviewed	逐项语义复核未发现需改写问题；仅提升为人工语义已审，不冒充官方或 Wiki。	prior semantic pass plus current row review; provenance remains manual-semantic-reviewed	pass	pass	pass		false
ENG-195	195	exact	Charge消費なし	Charge无消耗	acceptable-no-change	none	Charge无消耗	manual-semantic-reviewed	逐项语义复核未发现需改写问题；仅提升为人工语义已审，不冒充官方或 Wiki。	prior semantic pass plus current row review; provenance remains manual-semantic-reviewed	pass	pass	pass	保留正式机制词：Charge	false
ENG-196	196	exact	自身の攻撃時、確率でチャージを消費せずに攻撃を行う	自身攻击时，概率不消耗Charge进行攻击	acceptable-no-change	none	自身攻击时，概率不消耗Charge进行攻击	manual-semantic-reviewed	逐项语义复核未发现需改写问题；仅提升为人工语义已审，不冒充官方或 Wiki。	prior semantic pass plus current row review; provenance remains manual-semantic-reviewed	pass	pass	pass	保留正式机制词：Charge	false
ENG-197	197	exact	火属性の攻撃力が上昇	火属性攻击力提升	acceptable-no-change	none	火属性攻击力提升	manual-semantic-reviewed	逐项语义复核未发现需改写问题；仅提升为人工语义已审，不冒充官方或 Wiki。	prior semantic pass plus current row review; provenance remains manual-semantic-reviewed	pass	pass	pass		false
ENG-198	198	exact	闇属性の攻撃力が上昇	暗属性攻击力提升	acceptable-no-change	none	暗属性攻击力提升	manual-semantic-reviewed	逐项语义复核未发现需改写问题；仅提升为人工语义已审，不冒充官方或 Wiki。	prior semantic pass plus current row review; provenance remains manual-semantic-reviewed	pass	pass	pass		false
ENG-199	199	exact	光属性の攻撃力が上昇	光属性攻击力提升	acceptable-no-change	none	光属性攻击力提升	manual-semantic-reviewed	逐项语义复核未发现需改写问题；仅提升为人工语义已审，不冒充官方或 Wiki。	prior semantic pass plus current row review; provenance remains manual-semantic-reviewed	pass	pass	pass		false
ENG-200	200	exact	水属性の攻撃力が上昇	水属性攻击力提升	acceptable-no-change	none	水属性攻击力提升	manual-semantic-reviewed	逐项语义复核未发现需改写问题；仅提升为人工语义已审，不冒充官方或 Wiki。	prior semantic pass plus current row review; provenance remains manual-semantic-reviewed	pass	pass	pass		false
ENG-201	201	exact	木属性の攻撃力が上昇	木属性攻击力提升	acceptable-no-change	none	木属性攻击力提升	manual-semantic-reviewed	逐项语义复核未发现需改写问题；仅提升为人工语义已审，不冒充官方或 Wiki。	prior semantic pass plus current row review; provenance remains manual-semantic-reviewed	pass	pass	pass		false
ENG-202	202	exact	木属性攻撃による被ダメージが上昇	受到木属性攻击伤害提升	acceptable-no-change	none	受到木属性攻击伤害提升	manual-semantic-reviewed	逐项语义复核未发现需改写问题；仅提升为人工语义已审，不冒充官方或 Wiki。	prior semantic pass plus current row review; provenance remains manual-semantic-reviewed	pass	pass	pass		false
ENG-204	204	exact	バリア	屏障	acceptable-no-change	none	屏障	manual-semantic-reviewed	逐项语义复核未发现需改写问题；仅提升为人工语义已审，不冒充官方或 Wiki。	prior semantic pass plus current row review; provenance remains manual-semantic-reviewed	pass	pass	pass		false
ENG-205	205	exact	瀕死時に攻撃力が上昇	濒死时攻击力提升	acceptable-no-change	none	濒死时攻击力提升	manual-semantic-reviewed	逐项语义复核未发现需改写问题；仅提升为人工语义已审，不冒充官方或 Wiki。	prior semantic pass plus current row review; provenance remains manual-semantic-reviewed	pass	pass	pass		false
ENG-206	206	exact	瀕死時に防御力が上昇	濒死时防御力提升	acceptable-no-change	none	濒死时防御力提升	manual-semantic-reviewed	逐项语义复核未发现需改写问题；仅提升为人工语义已审，不冒充官方或 Wiki。	prior semantic pass plus current row review; provenance remains manual-semantic-reviewed	pass	pass	pass		false
ENG-207	207	exact	火属性攻撃による被ダメージが上昇	受到火属性攻击伤害提升	acceptable-no-change	none	受到火属性攻击伤害提升	manual-semantic-reviewed	逐项语义复核未发现需改写问题；仅提升为人工语义已审，不冒充官方或 Wiki。	prior semantic pass plus current row review; provenance remains manual-semantic-reviewed	pass	pass	pass		false
ENG-208	208	exact	デバフ反射	减益反射	acceptable-no-change	none	减益反射	manual-semantic-reviewed	逐项语义复核未发现需改写问题；仅提升为人工语义已审，不冒充官方或 Wiki。	prior semantic pass plus current row review; provenance remains manual-semantic-reviewed	pass	pass	pass		false
ENG-209	209	exact	クエストデータの読み込みに失敗しました。	关卡数据读取失败。	acceptable-no-change	none	关卡数据读取失败。	manual-semantic-reviewed	逐项语义复核未发现需改写问题；仅提升为人工语义已审，不冒充官方或 Wiki。	prior semantic pass plus current row review; provenance remains manual-semantic-reviewed	pass	pass	pass		false
ENG-210	210	exact	クエスト結果データの確認に失敗しました。	关卡结果数据确认失败。	acceptable-no-change	none	关卡结果数据确认失败。	manual-semantic-reviewed	逐项语义复核未发现需改写问题；仅提升为人工语义已审，不冒充官方或 Wiki。	prior semantic pass plus current row review; provenance remains manual-semantic-reviewed	pass	pass	pass		false
ENG-212	212	exact	コンテニューに失敗しました。	续关失败。	acceptable-no-change	none	续关失败。	manual-semantic-reviewed	逐项语义复核未发现需改写问题；仅提升为人工语义已审，不冒充官方或 Wiki。	prior semantic pass plus current row review; provenance remains manual-semantic-reviewed	pass	pass	pass		false
ENG-213	213	exact	予期せぬエラーが発生しました。	发生了意外错误。	acceptable-no-change	none	发生了意外错误。	manual-semantic-reviewed	逐项语义复核未发现需改写问题；仅提升为人工语义已审，不冒充官方或 Wiki。	prior semantic pass plus current row review; provenance remains manual-semantic-reviewed	pass	pass	pass		false
ENG-214	214	exact	ターン有効	回合内有效	acceptable-no-change	none	回合内有效	manual-semantic-reviewed	逐项语义复核未发现需改写问题；仅提升为人工语义已审，不冒充官方或 Wiki。	prior semantic pass plus current row review; provenance remains manual-semantic-reviewed	pass	pass	pass		false
ENG-215	215	exact	スキル使用	使用技能	acceptable-no-change	none	使用技能	manual-semantic-reviewed	逐项语义复核未发现需改写问题；仅提升为人工语义已审，不冒充官方或 Wiki。	literal exists in official CN native evidence but pairing was not assumed; root review approves current value	pass	pass	pass		false
ENG-216	216	exact	フィールド効果	场地效果	acceptable-no-change	none	场地效果	manual-semantic-reviewed	逐项语义复核未发现需改写问题；仅提升为人工语义已审，不冒充官方或 Wiki。	prior semantic pass plus current row review; provenance remains manual-semantic-reviewed	pass	pass	pass		false
ENG-217	217	exact	ステータス変化	状态变化	acceptable-no-change	none	状态变化	manual-semantic-reviewed	逐项语义复核未发现需改写问题；仅提升为人工语义已审，不冒充官方或 Wiki。	literal exists in official CN native evidence but pairing was not assumed; root review approves current value	pass	pass	pass		false
ENG-218	218	exact	残ターン ∞	剩余回合 ∞	acceptable-no-change	none	剩余回合 ∞	manual-semantic-reviewed	逐项语义复核未发现需改写问题；仅提升为人工语义已审，不冒充官方或 Wiki。	current Chinese is context-paired in both official CN native ABIs; root review confirms no change	pass	pass	pass		false
ENG-219	219	exact	残ターン	剩余回合	acceptable-no-change	none	剩余回合	manual-semantic-reviewed	逐项语义复核未发现需改写问题；仅提升为人工语义已审，不冒充官方或 Wiki。	current Chinese is context-paired in both official CN native ABIs; root review confirms no change	pass	pass	pass		false
ENG-220	220	exact	ディスク・スキル	圆盘·技能	correction-required	medium	行动盘·技能	official-cn-native-sequence-exact-both-abis	双 ABI 国服 native 精确使用“行动盘·技能”。	official CN native exact C-string in both ABIs; arm64 offsets=['0x14eeb30']; armv7 offsets=['0x118816c']	pass	pass	pass		false
ENG-221	221	exact	※スキル長押しで詳細を表示	※长按技能显示详情	acceptable-no-change	none	※长按技能显示详情	manual-semantic-reviewed	逐项语义复核未发现需改写问题；仅提升为人工语义已审，不冒充官方或 Wiki。	prior semantic pass plus current row review; provenance remains manual-semantic-reviewed	pass	pass	pass		false
ENG-222	222	exact	JCリプレイバージョンが古いため再生できません。\nクエストリプレイを中断します。	JC回放版本过旧，无法播放。\n将中断关卡回放。	acceptable-no-change	none	JC回放版本过旧，无法播放。\n将中断关卡回放。	manual-semantic-reviewed	逐项语义复核未发现需改写问题；仅提升为人工语义已审，不冒充官方或 Wiki。	prior semantic pass plus current row review; provenance remains manual-semantic-reviewed	pass	pass	pass	保留正式机制词：JC	false
ENG-223	223	exact	キャンセル	取消	acceptable-no-change	none	取消	manual-semantic-reviewed	逐项语义复核未发现需改写问题；仅提升为人工语义已审，不冒充官方或 Wiki。	literal exists in official CN native evidence but pairing was not assumed; root review approves current value	pass	pass	pass		false
ENG-227	227	exact	ミッション内容	任务内容	acceptable-no-change	none	任务内容	manual-semantic-reviewed	逐项语义复核未发现需改写问题；仅提升为人工语义已审，不冒充官方或 Wiki。	current Chinese is context-paired in both official CN native ABIs; root review confirms no change	pass	pass	pass		false
ENG-229	229	exact	ヘルプ	帮助	acceptable-no-change	none	帮助	manual-semantic-reviewed	逐项语义复核未发现需改写问题；仅提升为人工语义已审，不冒充官方或 Wiki。	current Chinese is context-paired in both official CN native ABIs; root review confirms no change	pass	pass	pass		false
ENG-230	230	exact	オート設定	自动设置	acceptable-no-change	none	自动设置	manual-semantic-reviewed	逐项语义复核未发现需改写问题；仅提升为人工语义已审，不冒充官方或 Wiki。	prior semantic pass plus current row review; provenance remains manual-semantic-reviewed	pass	pass	pass		false
ENG-231	231	exact	リタイア	放弃	acceptable-no-change	none	放弃	manual-semantic-reviewed	逐项语义复核未发现需改写问题；仅提升为人工语义已审，不冒充官方或 Wiki。	literal exists in official CN native evidence but pairing was not assumed; root review approves current value	pass	pass	pass		false
ENG-232	232	exact	獲得したEXP・カースチップ(CC)・宝箱は\n入手できなくなります	已获得的EXP·诅咒晶片(CC)·宝箱\n将无法获得	correction-required	medium	得到的EXP·诅咒晶片（CC）·宝箱将\n无法获取。	official-cn-native-sequence-exact-both-abis	双 ABI 国服 native 精确存在完整退出警告；保留转义换行结构。	official CN native exact C-string in both ABIs; arm64 offsets=['0x14f0e60']; armv7 offsets=['0x1188818']	pass	pass	pass		false
ENG-233	233	exact	エラーコード：	错误代码：	acceptable-no-change	none	错误代码：	manual-semantic-reviewed	逐项语义复核未发现需改写问题；仅提升为人工语义已审，不冒充官方或 Wiki。	prior semantic pass plus current row review; provenance remains manual-semantic-reviewed	pass	pass	pass		false
ENG-234	234	exact	ネットワーク接続に失敗しました。	网络连接失败。	acceptable-no-change	none	网络连接失败。	manual-semantic-reviewed	逐项语义复核未发现需改写问题；仅提升为人工语义已审，不冒充官方或 Wiki。	prior semantic pass plus current row review; provenance remains manual-semantic-reviewed	pass	pass	pass		false
ENG-235	235	exact	クエスト再開	继续关卡	acceptable-no-change	none	继续关卡	manual-semantic-reviewed	逐项语义复核未发现需改写问题；仅提升为人工语义已审，不冒充官方或 Wiki。	prior semantic pass plus current row review; provenance remains manual-semantic-reviewed	pass	pass	pass		false
ENG-236	236	exact	進行中のクエストを再開しますか？\n再開しない場合、APのみ消費されます。	要继续进行中的关卡吗？\n不继续将只消耗AP。	acceptable-no-change	none	要继续进行中的关卡吗？\n不继续将只消耗AP。	manual-semantic-reviewed	逐项语义复核未发现需改写问题；仅提升为人工语义已审，不冒充官方或 Wiki。	prior semantic pass plus current row review; provenance remains manual-semantic-reviewed	pass	pass	pass		false
ENG-237	237	exact	再開する	继续	acceptable-no-change	none	继续	manual-semantic-reviewed	逐项语义复核未发现需改写问题；仅提升为人工语义已审，不冒充官方或 Wiki。	prior semantic pass plus current row review; provenance remains manual-semantic-reviewed	pass	pass	pass		false
ENG-238	238	exact	再開しない	不继续	acceptable-no-change	none	不继续	manual-semantic-reviewed	逐项语义复核未发现需改写问题；仅提升为人工语义已审，不冒充官方或 Wiki。	prior semantic pass plus current row review; provenance remains manual-semantic-reviewed	pass	pass	pass		false
ENG-239	239	exact	ストーリー中断	中断剧情	acceptable-no-change	none	中断剧情	manual-semantic-reviewed	逐项语义复核未发现需改写问题；仅提升为人工语义已审，不冒充官方或 Wiki。	prior semantic pass plus current row review; provenance remains manual-semantic-reviewed	pass	pass	pass		false
ENG-240	240	exact	ストーリーの鑑賞を中断しますか？\n次回、中断したシーンから再開できます。\n※既に中断データがある場合、上書きされます。	要中断剧情观赏吗？\n下次可从中断的场景继续。\n※如已有中断数据，将被覆盖。	correction-required	low	要停止观看剧情吗？\n下次可从中断的场景继续观看。\n※若已有中断数据，该数据将被覆盖。	manual-semantic-reviewed	当前“剧情观赏”生硬；建议保持三行结构并改为自然中文。	root semantic review against Japanese source and adjacent official terminology; not an exact official whole-string	pass	pass	pass		false
ENG-241	241	exact	スキップ確認	跳过确认	acceptable-no-change	none	跳过确认	manual-semantic-reviewed	逐项语义复核未发现需改写问题；仅提升为人工语义已审，不冒充官方或 Wiki。	literal exists in official CN native evidence but pairing was not assumed; root review approves current value	pass	pass	pass		false
ENG-242	242	exact	次の選択肢までスキップします。\nよろしいですか？	将跳过至下一个选项。\n确定吗？	acceptable-no-change	none	将跳过至下一个选项。\n确定吗？	manual-semantic-reviewed	逐项语义复核未发现需改写问题；仅提升为人工语义已审，不冒充官方或 Wiki。	prior semantic pass plus current row review; provenance remains manual-semantic-reviewed	pass	pass	pass		false
ENG-243	243	exact	／8文字	／8个字符	acceptable-no-change	none	／8个字符	manual-semantic-reviewed	逐项语义复核未发现需改写问题；仅提升为人工语义已审，不冒充官方或 Wiki。	prior semantic pass plus current row review; provenance remains manual-semantic-reviewed	pass	pass	pass		false
ENG-244	244	exact	発動可能	可发动	acceptable-no-change	none	可发动	manual-semantic-reviewed	逐项语义复核未发现需改写问题；仅提升为人工语义已审，不冒充官方或 Wiki。	prior semantic pass plus current row review; provenance remains manual-semantic-reviewed	pass	pass	pass		false
ENG-245	245	exact	戦闘不能中	战斗不能中	acceptable-no-change	none	战斗不能中	manual-semantic-reviewed	逐项语义复核未发现需改写问题；仅提升为人工语义已审，不冒充官方或 Wiki。	prior semantic pass plus current row review; provenance remains manual-semantic-reviewed	pass	pass	pass		false
ENG-246	246	exact	発動不可	不可发动	acceptable-no-change	none	不可发动	manual-semantic-reviewed	逐项语义复核未发现需改写问题；仅提升为人工语义已审，不冒充官方或 Wiki。	literal exists in official CN native evidence but pairing was not assumed; root review approves current value	pass	pass	pass		false
ENG-247	247	exact	準備中	准备中	acceptable-no-change	none	准备中	manual-semantic-reviewed	逐项语义复核未发现需改写问题；仅提升为人工语义已审，不冒充官方或 Wiki。	prior semantic pass plus current row review; provenance remains manual-semantic-reviewed	pass	pass	pass		false
ENG-249	249	exact	使用禁止	禁止使用	acceptable-no-change	none	禁止使用	manual-semantic-reviewed	逐项语义复核未发现需改写问题；仅提升为人工语义已审，不冒充官方或 Wiki。	literal exists in official CN native evidence but pairing was not assumed; root review approves current value	pass	pass	pass		false
ENG-250	250	exact	防御力	防御力	acceptable-no-change	none	防御力	manual-semantic-reviewed	逐项语义复核未发现需改写问题；仅提升为人工语义已审，不冒充官方或 Wiki。	literal exists in official CN native evidence but pairing was not assumed; root review approves current value	pass	pass	pass		false
ENG-252	252	exact	Blast弱点	Blast弱点	acceptable-no-change	none	Blast弱点	manual-semantic-reviewed	逐项语义复核未发现需改写问题；仅提升为人工语义已审，不冒充官方或 Wiki。	literal exists in official CN native evidence but pairing was not assumed; root review approves current value	pass	pass	pass	保留正式机制词：Blast	false
ENG-253	253	exact	水属性攻撃弱点	水属性攻击弱点	acceptable-no-change	none	水属性攻击弱点	manual-semantic-reviewed	逐项语义复核未发现需改写问题；仅提升为人工语义已审，不冒充官方或 Wiki。	prior semantic pass plus current row review; provenance remains manual-semantic-reviewed	pass	pass	pass		false
ENG-254	254	exact	火属性攻撃弱点	火属性攻击弱点	acceptable-no-change	none	火属性攻击弱点	manual-semantic-reviewed	逐项语义复核未发现需改写问题；仅提升为人工语义已审，不冒充官方或 Wiki。	prior semantic pass plus current row review; provenance remains manual-semantic-reviewed	pass	pass	pass		false
ENG-255	255	exact	木属性攻撃弱点	木属性攻击弱点	acceptable-no-change	none	木属性攻击弱点	manual-semantic-reviewed	逐项语义复核未发现需改写问题；仅提升为人工语义已审，不冒充官方或 Wiki。	prior semantic pass plus current row review; provenance remains manual-semantic-reviewed	pass	pass	pass		false
ENG-256	256	exact	光属性攻撃弱点	光属性攻击弱点	acceptable-no-change	none	光属性攻击弱点	manual-semantic-reviewed	逐项语义复核未发现需改写问题；仅提升为人工语义已审，不冒充官方或 Wiki。	prior semantic pass plus current row review; provenance remains manual-semantic-reviewed	pass	pass	pass		false
ENG-257	257	exact	闇属性攻撃弱点	暗属性攻击弱点	acceptable-no-change	none	暗属性攻击弱点	manual-semantic-reviewed	逐项语义复核未发现需改写问题；仅提升为人工语义已审，不冒充官方或 Wiki。	prior semantic pass plus current row review; provenance remains manual-semantic-reviewed	pass	pass	pass		false
ENG-258	258	exact	無属性攻撃弱点	无属性攻击弱点	acceptable-no-change	none	无属性攻击弱点	manual-semantic-reviewed	逐项语义复核未发现需改写问题；仅提升为人工语义已审，不冒充官方或 Wiki。	prior semantic pass plus current row review; provenance remains manual-semantic-reviewed	pass	pass	pass		false
ENG-259	259	exact	火属性攻撃力	火属性攻击力	acceptable-no-change	none	火属性攻击力	manual-semantic-reviewed	逐项语义复核未发现需改写问题；仅提升为人工语义已审，不冒充官方或 Wiki。	prior semantic pass plus current row review; provenance remains manual-semantic-reviewed	pass	pass	pass		false
ENG-260	260	exact	闇属性攻撃力	暗属性攻击力	acceptable-no-change	none	暗属性攻击力	manual-semantic-reviewed	逐项语义复核未发现需改写问题；仅提升为人工语义已审，不冒充官方或 Wiki。	prior semantic pass plus current row review; provenance remains manual-semantic-reviewed	pass	pass	pass		false
ENG-261	261	exact	光属性攻撃力	光属性攻击力	acceptable-no-change	none	光属性攻击力	manual-semantic-reviewed	逐项语义复核未发现需改写问题；仅提升为人工语义已审，不冒充官方或 Wiki。	prior semantic pass plus current row review; provenance remains manual-semantic-reviewed	pass	pass	pass		false
ENG-262	262	exact	水属性攻撃力	水属性攻击力	acceptable-no-change	none	水属性攻击力	manual-semantic-reviewed	逐项语义复核未发现需改写问题；仅提升为人工语义已审，不冒充官方或 Wiki。	prior semantic pass plus current row review; provenance remains manual-semantic-reviewed	pass	pass	pass		false
ENG-263	263	exact	木属性攻撃力	木属性攻击力	acceptable-no-change	none	木属性攻击力	manual-semantic-reviewed	逐项语义复核未发现需改写问题；仅提升为人工语义已审，不冒充官方或 Wiki。	prior semantic pass plus current row review; provenance remains manual-semantic-reviewed	pass	pass	pass		false
ENG-264	264	exact	再開確認	继续确认	correction-required	high	回到战斗确认	official-cn-native-sequence-exact-both-abis	双 ABI 国服 native 精确标题为“回到战斗确认”；当前词序和语义不清。	official CN native exact C-string in both ABIs; arm64 offsets=['0x14d11f8']; armv7 offsets=['0x118016c']	pass	pass	pass		false
ENG-271	271	exact	行動不能	无法行动	acceptable-no-change	none	无法行动	manual-semantic-reviewed	逐项语义复核未发现需改写问题；仅提升为人工语义已审，不冒充官方或 Wiki。	literal exists in official CN native evidence but pairing was not assumed; root review approves current value	pass	pass	pass		false
ENG-272	272	exact	HP回復禁止	HP回复禁止	correction-required	medium	禁止回复HP	official-cn-native-sequence-exact-both-abis	双 ABI 国服 native 与国服帮助均精确使用“禁止回复HP”。	official CN native exact C-string in both ABIs; arm64 offsets=['0x14d0450']; armv7 offsets=['0x117f4bc']	pass	pass	pass		false
ENG-273	273	exact	MP回復禁止	MP回复禁止	correction-required	medium	禁止回复MP	official-cn-native-sequence-exact-both-abis	双 ABI 国服 native 与国服帮助均精确使用“禁止回复MP”。	official CN native exact C-string in both ABIs; arm64 offsets=['0x14d0470']; armv7 offsets=['0x117f4dc']	pass	pass	pass		false
ENG-274	274	exact	MP回復不能	MP无法回复	acceptable-no-change	none	MP无法回复	manual-semantic-reviewed	逐项语义复核未发现需改写问题；仅提升为人工语义已审，不冒充官方或 Wiki。	prior semantic pass plus current row review; provenance remains manual-semantic-reviewed	pass	pass	pass		false
ENG-275	275	exact	回避無効	回避无效	acceptable-no-change	none	回避无效	manual-semantic-reviewed	逐项语义复核未发现需改写问题；仅提升为人工语义已审，不冒充官方或 Wiki。	literal exists in official CN native evidence but pairing was not assumed; root review approves current value	pass	pass	pass		false
ENG-277	277	exact	防御無視	无视防御	acceptable-no-change	none	无视防御	manual-semantic-reviewed	逐项语义复核未发现需改写问题；仅提升为人工语义已审，不冒充官方或 Wiki。	literal exists in official CN native evidence but pairing was not assumed; root review approves current value	pass	pass	pass		false
ENG-279	279	exact	挑発無視	无视挑衅	acceptable-no-change	none	无视挑衅	manual-semantic-reviewed	逐项语义复核未发现需改写问题；仅提升为人工语义已审，不冒充官方或 Wiki。	prior semantic pass plus current row review; provenance remains manual-semantic-reviewed	pass	pass	pass		false
ENG-293	293	exact	開始前	开始前	acceptable-no-change	none	开始前	manual-semantic-reviewed	逐项语义复核未发现需改写问题；仅提升为人工语义已审，不冒充官方或 Wiki。	literal exists in official CN native evidence but pairing was not assumed; root review approves current value	pass	pass	pass		false
ENG-294	294	exact	開始後	开始后	acceptable-no-change	none	开始后	manual-semantic-reviewed	逐项语义复核未发现需改写问题；仅提升为人工语义已审，不冒充官方或 Wiki。	literal exists in official CN native evidence but pairing was not assumed; root review approves current value	pass	pass	pass		false
ENG-295	295	exact	難易度	难度	acceptable-no-change	none	难度	manual-semantic-reviewed	逐项语义复核未发现需改写问题；仅提升为人工语义已审，不冒充官方或 Wiki。	literal exists in official CN native evidence but pairing was not assumed; root review approves current value	pass	pass	pass		false
ENG-296	296	exact	はい	是	acceptable-no-change	none	是	manual-semantic-reviewed	逐项语义复核未发现需改写问题；仅提升为人工语义已审，不冒充官方或 Wiki。	literal exists in official CN native evidence but pairing was not assumed; root review approves current value	pass	pass	pass		false
ENG-306	306	prefix	^ネットワーク接続に失敗しました。再接続しますか？\nエラーコード：	网络连接失败。要重新连接吗？\n错误代码：	acceptable-no-change	none	网络连接失败。要重新连接吗？\n错误代码：	manual-semantic-reviewed	逐项语义复核未发现需改写问题；仅提升为人工语义已审，不冒充官方或 Wiki。	prior semantic pass plus current row review; provenance remains manual-semantic-reviewed	pass	pass	pass		false
ENG-307	307	prefix	^ネットワーク接続に失敗しました。\nエラーコード：	网络连接失败。\n错误代码：	acceptable-no-change	none	网络连接失败。\n错误代码：	manual-semantic-reviewed	逐项语义复核未发现需改写问题；仅提升为人工语义已审，不冒充官方或 Wiki。	prior semantic pass plus current row review; provenance remains manual-semantic-reviewed	pass	pass	pass		false
